station_id,timestamp_hour,utilization_rate,pred_historical_average,pred_ridge_regression,pred_random_forest,pred_gradient_boosting,predicted_utilization,best_model,recommended_tariff_per_kwh,tariff_reason,baseline_tariff_per_kwh,tariff_change_pct
ST-004,2024-04-05 03:00:00,0.25,0.2756903263058541,0.23495243078347283,0.25,0.2500423596128195,0.2500423596128195,gradient_boosting,0.2,optimized_offpeak_growth,0.35,-0.4285714285714285
ST-015,2024-04-05 03:00:00,0.1785214920259722,0.2756903263058541,0.23022577860783028,0.17950709094184483,0.1891255236690095,0.1891255236690095,gradient_boosting,0.2,optimized_offpeak_growth,0.35,-0.4285714285714285
ST-003,2024-04-05 03:00:00,0.25,0.2756903263058541,0.24191040499954497,0.25,0.2502495979531665,0.2502495979531665,gradient_boosting,0.2,optimized_offpeak_growth,0.35,-0.4285714285714285
ST-014,2024-04-05 03:00:00,0.25,0.2756903263058541,0.23722063645868166,0.25,0.2502495979531665,0.2502495979531665,gradient_boosting,0.2,optimized_offpeak_growth,0.35,-0.4285714285714285
ST-011,2024-04-05 03:00:00,0.25,0.2756903263058541,0.24715445816642884,0.25,0.2502495979531665,0.2502495979531665,gradient_boosting,0.2,optimized_offpeak_growth,0.35,-0.4285714285714285
ST-011,2024-04-05 04:00:00,0.25,0.2888833497546655,0.24100130196230868,0.25,0.2501628497401546,0.2501628497401546,gradient_boosting,0.2,optimized_offpeak_growth,0.35,-0.4285714285714285
ST-008,2024-04-05 04:00:00,0.5,0.2888833497546655,0.4986680568497405,0.49745898448990644,0.49525770315936496,0.49525770315936496,gradient_boosting,0.5744,optimized_balanced_pricing,0.35,0.6411428571428572
ST-004,2024-04-05 04:00:00,0.25,0.2888833497546655,0.2355148823228152,0.25,0.2502495979531665,0.2502495979531665,gradient_boosting,0.2,optimized_offpeak_growth,0.35,-0.4285714285714285
ST-015,2024-04-05 04:00:00,0.25,0.2888833497546655,0.25095839746294224,0.25,0.2503075412064749,0.2503075412064749,gradient_boosting,0.2,optimized_offpeak_growth,0.35,-0.4285714285714285
ST-001,2024-04-05 05:00:00,0.5,0.28885664485850937,0.4859746122288872,0.49757345059017544,0.494987739965152,0.494987739965152,gradient_boosting,0.5739,optimized_balanced_pricing,0.35,0.6397142857142857
ST-013,2024-04-05 05:00:00,0.5,0.28885664485850937,0.46847479567447226,0.4724518059634686,0.4664477479234785,0.4664477479234785,gradient_boosting,0.5162,optimized_balanced_pricing,0.35,0.47485714285714287
ST-005,2024-04-05 05:00:00,0.2101986548989583,0.28885664485850937,0.2307682170209167,0.20039850548122518,0.19891064074525142,0.19891064074525142,gradient_boosting,0.2,optimized_offpeak_growth,0.35,-0.4285714285714285
ST-014,2024-04-05 05:00:00,0.15018147729319445,0.28885664485850937,0.22952393725836878,0.17399957474612746,0.15466117460877976,0.15466117460877976,gradient_boosting,0.2,optimized_offpeak_growth,0.35,-0.4285714285714285
ST-007,2024-04-05 05:00:00,0.5,0.28885664485850937,0.4784861861839933,0.49212999125995965,0.4938239068290935,0.4938239068290935,gradient_boosting,0.5717,optimized_balanced_pricing,0.35,0.6334285714285715
ST-004,2024-04-05 05:00:00,0.25,0.28885664485850937,0.23374993850806788,0.25,0.2501628497401546,0.2501628497401546,gradient_boosting,0.2,optimized_offpeak_growth,0.35,-0.4285714285714285
ST-014,2024-04-05 06:00:00,0.37607847505847225,0.25441876064796365,0.4739298916893206,0.48608104970700633,0.4876196502757068,0.4876196502757068,gradient_boosting,0.5596,optimized_balanced_pricing,0.35,0.598857142857143
ST-013,2024-04-05 06:00:00,0.25,0.25441876064796365,0.23367968132678021,0.23724207165109037,0.24945809935951438,0.24945809935951438,gradient_boosting,0.2,optimized_offpeak_growth,0.35,-0.4285714285714285
ST-018,2024-04-05 06:00:00,0.25,0.25441876064796365,0.23489036066376345,0.25,0.25033786654753787,0.25033786654753787,gradient_boosting,0.2,optimized_offpeak_growth,0.35,-0.4285714285714285
ST-008,2024-04-05 06:00:00,0.25,0.25441876064796365,0.2360170215432482,0.25,0.25039629672757485,0.25039629672757485,gradient_boosting,0.2,optimized_offpeak_growth,0.35,-0.4285714285714285
ST-009,2024-04-05 06:00:00,0.25,0.25441876064796365,0.2359974142685357,0.25,0.2500360422006034,0.2500360422006034,gradient_boosting,0.2,optimized_offpeak_growth,0.35,-0.4285714285714285
ST-016,2024-04-05 06:00:00,0.25,0.25441876064796365,0.23227666765427032,0.25,0.25016916715237075,0.25016916715237075,gradient_boosting,0.2,optimized_offpeak_growth,0.35,-0.4285714285714285
ST-003,2024-04-05 07:00:00,0.25,0.30126501635434527,0.2537099355136327,0.25,0.25060264443775826,0.25060264443775826,gradient_boosting,0.2,optimized_offpeak_growth,0.35,-0.4285714285714285
ST-015,2024-04-05 07:00:00,0.25,0.30126501635434527,0.24995903618637286,0.25,0.2506089618499744,0.2506089618499744,gradient_boosting,0.2,optimized_offpeak_growth,0.35,-0.4285714285714285
ST-017,2024-04-05 07:00:00,0.25,0.30126501635434527,0.23921838550092506,0.25,0.2507493432121667,0.2507493432121667,gradient_boosting,0.2,optimized_offpeak_growth,0.35,-0.4285714285714285
ST-009,2024-04-05 07:00:00,0.25,0.30126501635434527,0.26046405102658554,0.25,0.2506813588239666,0.2506813588239666,gradient_boosting,0.2,optimized_offpeak_growth,0.35,-0.4285714285714285
ST-001,2024-04-05 07:00:00,0.25,0.30126501635434527,0.25463835749329805,0.25,0.2505222136369626,0.2505222136369626,gradient_boosting,0.2,optimized_offpeak_growth,0.35,-0.4285714285714285
ST-005,2024-04-05 08:00:00,0.25,0.29605263157894735,0.2501266516098935,0.25,0.2506909130321297,0.2506909130321297,gradient_boosting,0.2,optimized_offpeak_growth,0.35,-0.4285714285714285
ST-015,2024-04-05 08:00:00,0.25,0.29605263157894735,0.2494371086159732,0.25,0.2503890886851952,0.2503890886851952,gradient_boosting,0.2,optimized_offpeak_growth,0.35,-0.4285714285714285
ST-010,2024-04-05 08:00:00,0.25,0.29605263157894735,0.25465045677143505,0.25,0.25060264443775826,0.25060264443775826,gradient_boosting,0.2,optimized_offpeak_growth,0.35,-0.4285714285714285
ST-007,2024-04-05 08:00:00,0.25,0.29605263157894735,0.24669257475831705,0.25,0.2506089618499744,0.2506089618499744,gradient_boosting,0.2,optimized_offpeak_growth,0.35,-0.4285714285714285
ST-006,2024-04-05 09:00:00,0.5,0.28214285714285714,0.5163616000194599,0.4982300575035487,0.5025830565033607,0.5025830565033607,gradient_boosting,0.5881,optimized_balanced_pricing,0.35,0.6802857142857142
ST-011,2024-04-05 09:00:00,0.25,0.28214285714285714,0.24666445780775997,0.25,0.25051589622474646,0.25051589622474646,gradient_boosting,0.2,optimized_offpeak_growth,0.35,-0.4285714285714285
ST-013,2024-04-05 09:00:00,0.25,0.28214285714285714,0.25152665865691837,0.25,0.25060264443775826,0.25060264443775826,gradient_boosting,0.2,optimized_offpeak_growth,0.35,-0.4285714285714285
ST-018,2024-04-05 09:00:00,0.25,0.28214285714285714,0.2492530858669263,0.25,0.25051589622474646,0.25051589622474646,gradient_boosting,0.2,optimized_offpeak_growth,0.35,-0.4285714285714285
ST-010,2024-04-05 09:00:00,0.25,0.28214285714285714,0.24343747681728783,0.25,0.2506089618499744,0.2506089618499744,gradient_boosting,0.2,optimized_offpeak_growth,0.35,-0.4285714285714285
ST-014,2024-04-05 10:00:00,0.25,0.3233333333333333,0.2340836228485516,0.25,0.2501628497401546,0.2501628497401546,gradient_boosting,0.2,optimized_offpeak_growth,0.35,-0.4285714285714285
ST-018,2024-04-05 10:00:00,0.25,0.3233333333333333,0.23034083437558625,0.21459386710980066,0.20965866573808314,0.20965866573808314,gradient_boosting,0.2,optimized_offpeak_growth,0.35,-0.4285714285714285
ST-002,2024-04-05 10:00:00,0.25,0.3233333333333333,0.23015172410256413,0.189605874077496,0.19853577214074172,0.19853577214074172,gradient_boosting,0.2,optimized_offpeak_growth,0.35,-0.4285714285714285
ST-011,2024-04-05 10:00:00,0.25,0.3233333333333333,0.2367272810160424,0.25,0.2502495979531665,0.2502495979531665,gradient_boosting,0.2,optimized_offpeak_growth,0.35,-0.4285714285714285
ST-007,2024-04-05 11:00:00,0.5,0.2912414379625311,0.4801902355225115,0.4897067053281612,0.4962452394858353,0.4962452394858353,gradient_boosting,0.5763,optimized_balanced_pricing,0.35,0.6465714285714288
ST-003,2024-04-05 11:00:00,0.5625,0.2912414379625311,0.712061307894603,0.7370230520189509,0.7257363436135249,0.7257363436135249,gradient_boosting,0.6,optimized_balanced_pricing,0.35,0.7142857142857144
ST-005,2024-04-05 11:00:00,0.25,0.2912414379625311,0.23108046940315602,0.23637913142522257,0.23856143491939028,0.23856143491939028,gradient_boosting,0.2,optimized_offpeak_growth,0.35,-0.4285714285714285
ST-002,2024-04-05 11:00:00,0.5,0.2912414379625311,0.46878179630253236,0.44749071427173515,0.4451856629912798,0.4451856629912798,gradient_boosting,0.4684,optimized_balanced_pricing,0.35,0.3382857142857143
ST-018,2024-04-05 11:00:00,0.25,0.2912414379625311,0.2451984848383886,0.25,0.25033786654753787,0.25033786654753787,gradient_boosting,0.2,optimized_offpeak_growth,0.35,-0.4285714285714285
ST-015,2024-04-05 11:00:00,0.25,0.2912414379625311,0.24006324053307937,0.25,0.2500360422006034,0.2500360422006034,gradient_boosting,0.2,optimized_offpeak_growth,0.35,-0.4285714285714285
ST-017,2024-04-05 11:00:00,0.5,0.2912414379625311,0.48011536738378624,0.49706226391509845,0.4927981276276816,0.4927981276276816,gradient_boosting,0.5697,optimized_balanced_pricing,0.35,0.6277142857142857
ST-008,2024-04-05 12:00:00,0.25,0.28468447246303796,0.23978198256745537,0.25,0.2501628497401546,0.2501628497401546,gradient_boosting,0.2,optimized_offpeak_growth,0.35,-0.4285714285714285
ST-001,2024-04-05 12:00:00,0.25,0.28468447246303796,0.2534994497675229,0.25,0.2505419928682147,0.2505419928682147,gradient_boosting,0.2,optimized_offpeak_growth,0.35,-0.4285714285714285
ST-018,2024-04-05 12:00:00,0.23439909455597224,0.28468447246303796,0.23097432813001428,0.240873876753351,0.23856143491939028,0.23856143491939028,gradient_boosting,0.2,optimized_offpeak_growth,0.35,-0.4285714285714285
ST-003,2024-04-05 12:00:00,0.25,0.28468447246303796,0.24136504035941972,0.25,0.2502559153653826,0.2502559153653826,gradient_boosting,0.2,optimized_offpeak_growth,0.35,-0.4285714285714285
ST-015,2024-04-05 12:00:00,0.25,0.28468447246303796,0.22971531325089692,0.18082450481034265,0.19181968000051425,0.19181968000051425,gradient_boosting,0.2,optimized_offpeak_growth,0.35,-0.4285714285714285
ST-011,2024-04-05 12:00:00,0.25,0.28468447246303796,0.23642730027199943,0.25,0.2501628497401546,0.2501628497401546,gradient_boosting,0.2,optimized_offpeak_growth,0.35,-0.4285714285714285
ST-016,2024-04-05 12:00:00,0.25,0.28468447246303796,0.2558104606115991,0.25,0.2505356754559986,0.2505356754559986,gradient_boosting,0.2,optimized_offpeak_growth,0.35,-0.4285714285714285
ST-004,2024-04-05 12:00:00,0.3709415429194445,0.28468447246303796,0.4931683177354119,0.4988489293471529,0.4950351962121718,0.4950351962121718,gradient_boosting,0.574,optimized_balanced_pricing,0.35,0.6399999999999999
ST-009,2024-04-05 12:00:00,0.25,0.28468447246303796,0.24608715488502175,0.25,0.2502559153653826,0.2502559153653826,gradient_boosting,0.2,optimized_offpeak_growth,0.35,-0.4285714285714285
ST-013,2024-04-05 12:00:00,0.25,0.28468447246303796,0.23572485695443868,0.25,0.2502495979531665,0.2502495979531665,gradient_boosting,0.2,optimized_offpeak_growth,0.35,-0.4285714285714285
ST-013,2024-04-05 13:00:00,0.25,0.2592968706573037,0.24118253578162072,0.25,0.2502495979531665,0.2502495979531665,gradient_boosting,0.2,optimized_offpeak_growth,0.35,-0.4285714285714285
ST-002,2024-04-05 13:00:00,0.4549234389377083,0.2592968706573037,0.4708349192039236,0.47667922688276027,0.4724921971535457,0.4724921971535457,gradient_boosting,0.529,optimized_balanced_pricing,0.35,0.5114285714285716
ST-017,2024-04-05 13:00:00,0.25,0.2592968706573037,0.23165218072430788,0.24327005476192604,0.24448647930621392,0.24448647930621392,gradient_boosting,0.2,optimized_offpeak_growth,0.35,-0.4285714285714285
ST-018,2024-04-05 14:00:00,0.25,0.28080558099837993,0.2402002078866712,0.25,0.2508468124201283,0.2508468124201283,gradient_boosting,0.2,optimized_offpeak_growth,0.35,-0.4285714285714285
ST-013,2024-04-05 14:00:00,0.25,0.28080558099837993,0.23753305988954232,0.25,0.2502495979531665,0.2502495979531665,gradient_boosting,0.2,optimized_offpeak_growth,0.35,-0.4285714285714285
ST-001,2024-04-05 14:00:00,0.25,0.28080558099837993,0.23310839092000538,0.25,0.2502559153653826,0.2502559153653826,gradient_boosting,0.2,optimized_offpeak_growth,0.35,-0.4285714285714285
ST-009,2024-04-05 14:00:00,0.4601790139202083,0.28080558099837993,0.48634806085697335,0.48313591440948866,0.4949547654113761,0.4949547654113761,gradient_boosting,0.5738,optimized_balanced_pricing,0.35,0.6394285714285715
ST-012,2024-04-05 14:00:00,0.25,0.28080558099837993,0.23863633116668617,0.25,0.2501628497401546,0.2501628497401546,gradient_boosting,0.2,optimized_offpeak_growth,0.35,-0.4285714285714285
ST-009,2024-04-05 15:00:00,0.25,0.28565712303201046,0.23145282270051995,0.24218274872934598,0.24448647930621392,0.24448647930621392,gradient_boosting,0.2,optimized_offpeak_growth,0.35,-0.4285714285714285
ST-013,2024-04-05 15:00:00,0.25,0.28565712303201046,0.2391576530289582,0.25,0.2502495979531665,0.2502495979531665,gradient_boosting,0.2,optimized_offpeak_growth,0.35,-0.4285714285714285
ST-006,2024-04-05 15:00:00,0.25,0.28565712303201046,0.23470043165360074,0.25,0.25024496249494865,0.25024496249494865,gradient_boosting,0.2,optimized_offpeak_growth,0.35,-0.4285714285714285
ST-001,2024-04-05 16:00:00,0.25,0.283728034429347,0.23287668949126467,0.24153588229620837,0.2444801618939978,0.2444801618939978,gradient_boosting,0.2,optimized_offpeak_growth,0.35,-0.4285714285714285
ST-009,2024-04-05 16:00:00,0.75,0.283728034429347,0.735885555022084,0.7203956400911142,0.7287770853022765,0.7287770853022765,gradient_boosting,0.6,optimized_balanced_pricing,0.35,0.7142857142857144
ST-005,2024-04-05 16:00:00,0.25,0.283728034429347,0.2563289574225704,0.25,0.2511328899229604,0.2511328899229604,gradient_boosting,0.2,optimized_offpeak_growth,0.35,-0.4285714285714285
ST-013,2024-04-05 16:00:00,0.6632568385839583,0.283728034429347,0.7079987294454728,0.6383110566154047,0.6983645681575147,0.6983645681575147,gradient_boosting,0.6,optimized_balanced_pricing,0.35,0.7142857142857144
ST-017,2024-04-05 16:00:00,0.25,0.283728034429347,0.239950889807451,0.25,0.2500753341665954,0.2500753341665954,gradient_boosting,0.2,optimized_offpeak_growth,0.35,-0.4285714285714285
ST-002,2024-04-05 16:00:00,0.25,0.283728034429347,0.23815258166517608,0.25,0.2506244665576761,0.2506244665576761,gradient_boosting,0.2,optimized_offpeak_growth,0.35,-0.4285714285714285
ST-007,2024-04-05 17:00:00,0.25,0.2972972972972973,0.24524301655426733,0.25,0.2505222136369626,0.2505222136369626,gradient_boosting,0.2,optimized_offpeak_growth,0.35,-0.4285714285714285
ST-006,2024-04-05 17:00:00,0.25,0.2972972972972973,0.2706702540015986,0.25,0.2506813588239666,0.2506813588239666,gradient_boosting,0.2,optimized_offpeak_growth,0.35,-0.4285714285714285
ST-011,2024-04-05 17:00:00,0.25,0.2972972972972973,0.24496861792600438,0.25,0.2503890886851952,0.2503890886851952,gradient_boosting,0.2,optimized_offpeak_growth,0.35,-0.4285714285714285
ST-004,2024-04-05 17:00:00,0.25,0.2972972972972973,0.24636993452649783,0.25,0.25039540609741134,0.25039540609741134,gradient_boosting,0.2,optimized_offpeak_growth,0.35,-0.4285714285714285
ST-003,2024-04-05 18:00:00,0.25,0.30357142857142855,0.24614216386970594,0.25,0.25051589622474646,0.25051589622474646,gradient_boosting,0.2,optimized_offpeak_growth,0.35,-0.4285714285714285
ST-014,2024-04-05 18:00:00,0.25,0.30357142857142855,0.24216166064006972,0.25,0.25051589622474646,0.25051589622474646,gradient_boosting,0.2,optimized_offpeak_growth,0.35,-0.4285714285714285
ST-010,2024-04-05 18:00:00,0.25,0.30357142857142855,0.25075943450737076,0.25,0.25060264443775826,0.25060264443775826,gradient_boosting,0.2,optimized_offpeak_growth,0.35,-0.4285714285714285
ST-008,2024-04-05 18:00:00,0.25,0.30357142857142855,0.27069459854384487,0.25,0.2507681070369784,0.2507681070369784,gradient_boosting,0.2,optimized_offpeak_growth,0.35,-0.4285714285714285
ST-015,2024-04-05 18:00:00,0.25,0.30357142857142855,0.2681876737299999,0.25,0.2509431238443616,0.2509431238443616,gradient_boosting,0.2,optimized_offpeak_growth,0.35,-0.4285714285714285
ST-006,2024-04-05 18:00:00,0.5,0.30357142857142855,0.4926690065533594,0.4978379954570805,0.5010525297555112,0.5010525297555112,gradient_boosting,0.5853,optimized_balanced_pricing,0.35,0.6722857142857146
ST-005,2024-04-05 18:00:00,0.25,0.30357142857142855,0.28590125926429755,0.25,0.25111057196388875,0.25111057196388875,gradient_boosting,0.2,optimized_offpeak_growth,0.35,-0.4285714285714285
ST-001,2024-04-05 18:00:00,0.25,0.30357142857142855,0.24392667549661093,0.25,0.25064193640375027,0.25064193640375027,gradient_boosting,0.2,optimized_offpeak_growth,0.35,-0.4285714285714285
ST-013,2024-04-05 18:00:00,0.25,0.30357142857142855,0.24298418108951447,0.25,0.25051589622474646,0.25051589622474646,gradient_boosting,0.2,optimized_offpeak_growth,0.35,-0.4285714285714285
ST-008,2024-04-05 19:00:00,0.5,0.30625,0.47779952630923395,0.49258736178773643,0.48919364618010913,0.48919364618010913,gradient_boosting,0.5627,optimized_balanced_pricing,0.35,0.6077142857142857
ST-012,2024-04-05 19:00:00,0.25,0.30625,0.25277478392326697,0.25,0.2503890886851952,0.2503890886851952,gradient_boosting,0.2,optimized_offpeak_growth,0.35,-0.4285714285714285
ST-011,2024-04-05 19:00:00,0.5,0.30625,0.47981976938017046,0.49111121907160377,0.48874664344012586,0.48874664344012586,gradient_boosting,0.5618,optimized_balanced_pricing,0.35,0.6051428571428572
ST-010,2024-04-05 19:00:00,0.25,0.30625,0.25705266605569316,0.25,0.25051589622474646,0.25051589622474646,gradient_boosting,0.2,optimized_offpeak_growth,0.35,-0.4285714285714285
ST-015,2024-04-05 19:00:00,0.25,0.30625,0.24594993922311048,0.25,0.2506089618499744,0.2506089618499744,gradient_boosting,0.2,optimized_offpeak_growth,0.35,-0.4285714285714285
ST-005,2024-04-05 20:00:00,0.5,0.2939189189189189,0.48458127071954016,0.49868256443394765,0.4986112454159832,0.4986112454159832,gradient_boosting,0.5807,optimized_balanced_pricing,0.35,0.6591428571428573
ST-008,2024-04-05 20:00:00,0.25,0.2939189189189189,0.2420969164836237,0.25,0.2503890886851952,0.2503890886851952,gradient_boosting,0.2,optimized_offpeak_growth,0.35,-0.4285714285714285
ST-007,2024-04-05 20:00:00,0.25,0.2939189189189189,0.2424951067436899,0.25,0.25060264443775826,0.25060264443775826,gradient_boosting,0.2,optimized_offpeak_growth,0.35,-0.4285714285714285
ST-004,2024-04-05 21:00:00,0.25,0.3038461538461538,0.24286125337185066,0.25,0.25060264443775826,0.25060264443775826,gradient_boosting,0.2,optimized_offpeak_growth,0.35,-0.4285714285714285
ST-014,2024-04-05 21:00:00,0.5,0.3038461538461538,0.49867587369536814,0.49994605359697797,0.5006055270155279,0.5006055270155279,gradient_boosting,0.5845,optimized_balanced_pricing,0.35,0.6700000000000002
ST-002,2024-04-05 21:00:00,0.25,0.3038461538461538,0.24371768582385822,0.25,0.25082815638198613,0.25082815638198613,gradient_boosting,0.2,optimized_offpeak_growth,0.35,-0.4285714285714285
ST-018,2024-04-05 21:00:00,0.5,0.3038461538461538,0.49060306278811194,0.49999789312396065,0.5000016129500757,0.5000016129500757,gradient_boosting,0.5833,optimized_balanced_pricing,0.35,0.6665714285714288
ST-012,2024-04-05 21:00:00,0.75,0.3038461538461538,0.7418303155857022,0.7499925812105951,0.7440740176836057,0.7440740176836057,gradient_boosting,0.6,optimized_balanced_pricing,0.35,0.7142857142857144
ST-007,2024-04-05 21:00:00,0.5,0.3038461538461538,0.5012470422504911,0.49994605359697797,0.5008190827680908,0.5008190827680908,gradient_boosting,0.5849,optimized_balanced_pricing,0.35,0.6711428571428573
ST-011,2024-04-05 21:00:00,0.5,0.3038461538461538,0.49505545962310893,0.49999789312396065,0.5008190827680908,0.5008190827680908,gradient_boosting,0.5849,optimized_balanced_pricing,0.35,0.6711428571428573
ST-008,2024-04-05 21:00:00,0.25,0.3038461538461538,0.24948770189907735,0.25,0.2503890886851952,0.2503890886851952,gradient_boosting,0.2,optimized_offpeak_growth,0.35,-0.4285714285714285
ST-013,2024-04-05 22:00:00,0.25,0.27610157121241957,0.24049805890270015,0.25,0.25004936064460187,0.25004936064460187,gradient_boosting,0.2,optimized_offpeak_growth,0.35,-0.4285714285714285
ST-001,2024-04-05 22:00:00,0.25,0.27610157121241957,0.2413360798781786,0.25,0.25004936064460187,0.25004936064460187,gradient_boosting,0.2,optimized_offpeak_growth,0.35,-0.4285714285714285
ST-006,2024-04-05 22:00:00,0.5,0.27610157121241957,0.4771741564464933,0.4956786625564808,0.49028537731841904,0.49028537731841904,gradient_boosting,0.5648,optimized_balanced_pricing,0.35,0.6137142857142857
ST-003,2024-04-05 22:00:00,0.25,0.27610157121241957,0.23370509933266637,0.24763693411570945,0.24834843670168014,0.24834843670168014,gradient_boosting,0.2,optimized_offpeak_growth,0.35,-0.4285714285714285
ST-010,2024-04-05 22:00:00,0.42705884286125,0.27610157121241957,0.46738252743242165,0.44282967487585667,0.44190082356071936,0.44190082356071936,gradient_boosting,0.4606,optimized_balanced_pricing,0.35,0.31600000000000006
ST-009,2024-04-05 23:00:00,0.25,0.2615701048412356,0.24220747244974053,0.25,0.25085791354509634,0.25085791354509634,gradient_boosting,0.2,optimized_offpeak_growth,0.35,-0.4285714285714285
ST-012,2024-04-05 23:00:00,0.20371512658270835,0.2615701048412356,0.2319189533173145,0.22494806275730045,0.244713608881418,0.244713608881418,gradient_boosting,0.2,optimized_offpeak_growth,0.35,-0.4285714285714285
ST-001,2024-04-05 23:00:00,0.25,0.2615701048412356,0.23770419893961242,0.25,0.2501162240177797,0.2501162240177797,gradient_boosting,0.2,optimized_offpeak_growth,0.35,-0.4285714285714285
ST-006,2024-04-05 23:00:00,0.25,0.2615701048412356,0.2347976671831425,0.25,0.2501162240177797,0.2501162240177797,gradient_boosting,0.2,optimized_offpeak_growth,0.35,-0.4285714285714285
ST-017,2024-04-06 00:00:00,0.12943679764944443,0.29273142196453594,0.23060342727585825,0.17062983500535844,0.19506149233120793,0.19506149233120793,gradient_boosting,0.2,optimized_offpeak_growth,0.35,-0.4285714285714285
ST-010,2024-04-06 00:00:00,0.25,0.29273142196453594,0.23999690221775882,0.25,0.24997924325037932,0.24997924325037932,gradient_boosting,0.2,optimized_offpeak_growth,0.35,-0.4285714285714285
ST-003,2024-04-06 00:00:00,0.25,0.29273142196453594,0.23555624669344577,0.25,0.24997924325037932,0.24997924325037932,gradient_boosting,0.2,optimized_offpeak_growth,0.35,-0.4285714285714285
ST-018,2024-04-06 00:00:00,0.25,0.29273142196453594,0.2349767483486802,0.25,0.24998556066259547,0.24998556066259547,gradient_boosting,0.2,optimized_offpeak_growth,0.35,-0.4285714285714285
ST-003,2024-04-06 01:00:00,0.25,0.2816307325385315,0.24633332111866538,0.25,0.24982356898297506,0.24982356898297506,gradient_boosting,0.2,optimized_offpeak_growth,0.35,-0.4285714285714285
ST-009,2024-04-06 01:00:00,0.5,0.2816307325385315,0.4848666204114854,0.49524101452843083,0.4931491435612793,0.4931491435612793,gradient_boosting,0.5704,optimized_balanced_pricing,0.35,0.6297142857142859
ST-016,2024-04-06 01:00:00,0.25,0.2816307325385315,0.2338191340911576,0.25,0.2498298863951912,0.2498298863951912,gradient_boosting,0.2,optimized_offpeak_growth,0.35,-0.4285714285714285
ST-013,2024-04-06 01:00:00,0.25,0.2816307325385315,0.2452279836850402,0.25,0.25003712473553813,0.25003712473553813,gradient_boosting,0.2,optimized_offpeak_growth,0.35,-0.4285714285714285
ST-008,2024-04-06 01:00:00,0.07572866489520834,0.2816307325385315,0.23003686039574336,0.13735873974572604,0.1284439641635106,0.1284439641635106,gradient_boosting,0.2,optimized_offpeak_growth,0.35,-0.4285714285714285
ST-017,2024-04-06 01:00:00,0.3589468575469444,0.2816307325385315,0.46540654725013464,0.391810627008151,0.39317854372083527,0.39317854372083527,gradient_boosting,0.3298,optimized_balanced_pricing,0.35,-0.05771428571428572
ST-015,2024-04-06 01:00:00,0.5,0.2816307325385315,0.4826565137754086,0.49841117830919485,0.4931491435612793,0.4931491435612793,gradient_boosting,0.5704,optimized_balanced_pricing,0.35,0.6297142857142859
ST-006,2024-04-06 02:00:00,0.25,0.27706113569346424,0.24052298501882843,0.25,0.2502495979531665,0.2502495979531665,gradient_boosting,0.2,optimized_offpeak_growth,0.35,-0.4285714285714285
ST-009,2024-04-06 02:00:00,0.25,0.27706113569346424,0.23605472030825167,0.25,0.25016916715237075,0.25016916715237075,gradient_boosting,0.2,optimized_offpeak_growth,0.35,-0.4285714285714285
ST-010,2024-04-06 02:00:00,0.25,0.27706113569346424,0.2698537908293026,0.25,0.25063214222418795,0.25063214222418795,gradient_boosting,0.2,optimized_offpeak_growth,0.35,-0.4285714285714285
ST-013,2024-04-06 02:00:00,0.25,0.27706113569346424,0.23508147578862718,0.25,0.2500360422006034,0.2500360422006034,gradient_boosting,0.2,optimized_offpeak_growth,0.35,-0.4285714285714285
ST-016,2024-04-06 02:00:00,0.5,0.27706113569346424,0.5079952054882463,0.492671320121948,0.49653761443125793,0.49653761443125793,gradient_boosting,0.5768,optimized_balanced_pricing,0.35,0.6480000000000001
ST-003,2024-04-06 02:00:00,0.25,0.27706113569346424,0.23830264148061062,0.25,0.2500360422006034,0.2500360422006034,gradient_boosting,0.2,optimized_offpeak_growth,0.35,-0.4285714285714285
ST-005,2024-04-06 03:00:00,0.5,0.2957832489868909,0.4849869015001194,0.497212883609024,0.49453080764551266,0.49453080764551266,gradient_boosting,0.573,optimized_balanced_pricing,0.35,0.637142857142857
ST-016,2024-04-06 03:00:00,0.46598642125625,0.2957832489868909,0.4894142814089384,0.49112710535607845,0.49467118900770496,0.49467118900770496,gradient_boosting,0.5733,optimized_balanced_pricing,0.35,0.6380000000000001
ST-007,2024-04-06 03:00:00,0.25,0.2957832489868909,0.24629882908839273,0.25,0.25016916715237075,0.25016916715237075,gradient_boosting,0.2,optimized_offpeak_growth,0.35,-0.4285714285714285
ST-002,2024-04-06 03:00:00,0.589656275235486,0.2957832489868909,0.7133525065535173,0.7384813102341228,0.725306068435445,0.725306068435445,gradient_boosting,0.6,optimized_balanced_pricing,0.35,0.7142857142857144
ST-013,2024-04-06 03:00:00,0.25,0.2957832489868909,0.23669127711032087,0.25,0.25055760318449827,0.25055760318449827,gradient_boosting,0.2,optimized_offpeak_growth,0.35,-0.4285714285714285
ST-018,2024-04-06 03:00:00,0.25,0.2957832489868909,0.23613349687760768,0.25,0.25055760318449827,0.25055760318449827,gradient_boosting,0.2,optimized_offpeak_growth,0.35,-0.4285714285714285
ST-015,2024-04-06 03:00:00,0.5,0.2957832489868909,0.47498500266243227,0.47872865450066604,0.48495753000603253,0.48495753000603253,gradient_boosting,0.5544,optimized_balanced_pricing,0.35,0.5840000000000001
ST-017,2024-04-06 03:00:00,0.25,0.2957832489868909,0.23228258489472714,0.19614538218422545,0.19844902392772992,0.19844902392772992,gradient_boosting,0.2,optimized_offpeak_growth,0.35,-0.4285714285714285
ST-003,2024-04-06 04:00:00,0.5,0.2811836258654831,0.4926527915872269,0.4994762732935533,0.49494844799916,0.49494844799916,gradient_boosting,0.5738,optimized_balanced_pricing,0.35,0.6394285714285715
ST-002,2024-04-06 04:00:00,0.25,0.2811836258654831,0.26270151755214116,0.25,0.2505419928682147,0.2505419928682147,gradient_boosting,0.2,optimized_offpeak_growth,0.35,-0.4285714285714285
ST-018,2024-04-06 04:00:00,0.25,0.2811836258654831,0.2474586258535908,0.25,0.2502495979531665,0.2502495979531665,gradient_boosting,0.2,optimized_offpeak_growth,0.35,-0.4285714285714285
ST-017,2024-04-06 04:00:00,0.25,0.2811836258654831,0.2504840557358231,0.25,0.2504246147605497,0.2504246147605497,gradient_boosting,0.2,optimized_offpeak_growth,0.35,-0.4285714285714285
ST-009,2024-04-06 04:00:00,0.25,0.2811836258654831,0.241983410933291,0.25,0.2502495979531665,0.2502495979531665,gradient_boosting,0.2,optimized_offpeak_growth,0.35,-0.4285714285714285
ST-004,2024-04-06 04:00:00,0.25,0.2811836258654831,0.2570355145364302,0.25,0.2509105440605083,0.2509105440605083,gradient_boosting,0.2,optimized_offpeak_growth,0.35,-0.4285714285714285
ST-015,2024-04-06 04:00:00,0.25,0.2811836258654831,0.23866039002122608,0.25,0.2502495979531665,0.2502495979531665,gradient_boosting,0.2,optimized_offpeak_growth,0.35,-0.4285714285714285
ST-005,2024-04-06 05:00:00,0.25,0.29863810459611684,0.2341525141310135,0.24768221069027346,0.24804693793529442,0.24804693793529442,gradient_boosting,0.2,optimized_offpeak_growth,0.35,-0.4285714285714285
ST-014,2024-04-06 05:00:00,0.25,0.29863810459611684,0.2441692215961765,0.25,0.25018905199220476,0.25018905199220476,gradient_boosting,0.2,optimized_offpeak_growth,0.35,-0.4285714285714285
ST-015,2024-04-06 05:00:00,0.06267358852847223,0.29863810459611684,0.2312224468961396,0.08369403402636436,0.11524909980528077,0.11524909980528077,gradient_boosting,0.2,optimized_offpeak_growth,0.35,-0.4285714285714285
ST-017,2024-04-06 05:00:00,0.25,0.29863810459611684,0.2569528825401334,0.25,0.25121303975679105,0.25121303975679105,gradient_boosting,0.2,optimized_offpeak_growth,0.35,-0.4285714285714285
ST-012,2024-04-06 05:00:00,0.25,0.29863810459611684,0.2405290012012696,0.25,0.2501352783329688,0.2501352783329688,gradient_boosting,0.2,optimized_offpeak_growth,0.35,-0.4285714285714285
ST-006,2024-04-06 05:00:00,0.5,0.29863810459611684,0.4904381723347795,0.4993180184370256,0.49482164045960875,0.49482164045960875,gradient_boosting,0.5736,optimized_balanced_pricing,0.35,0.638857142857143
ST-013,2024-04-06 05:00:00,0.07512517578444446,0.29863810459611684,0.23050936495686108,0.08003827296409509,0.09506833640331162,0.09506833640331162,gradient_boosting,0.2,optimized_offpeak_growth,0.35,-0.4285714285714285
ST-002,2024-04-06 06:00:00,0.09591220404347224,0.296669832477174,0.2307256009293098,0.1432940514647243,0.16132517191657358,0.16132517191657358,gradient_boosting,0.2,optimized_offpeak_growth,0.35,-0.4285714285714285
ST-001,2024-04-06 06:00:00,0.25,0.296669832477174,0.2404719575128348,0.25,0.2500959863669768,0.2500959863669768,gradient_boosting,0.2,optimized_offpeak_growth,0.35,-0.4285714285714285
ST-006,2024-04-06 06:00:00,0.25,0.296669832477174,0.25103232410187193,0.25,0.25022559002431966,0.25022559002431966,gradient_boosting,0.2,optimized_offpeak_growth,0.35,-0.4285714285714285
ST-006,2024-04-06 07:00:00,0.25,0.2916666666666667,0.24590206708276163,0.25,0.25045535026378474,0.25045535026378474,gradient_boosting,0.2,optimized_offpeak_growth,0.35,-0.4285714285714285
ST-016,2024-04-06 07:00:00,0.25,0.2916666666666667,0.24189532434900438,0.25,0.2505222136369626,0.2505222136369626,gradient_boosting,0.2,optimized_offpeak_growth,0.35,-0.4285714285714285
ST-005,2024-04-06 07:00:00,0.75,0.2916666666666667,0.7218791157564348,0.746798132907118,0.7405480053366891,0.7405480053366891,gradient_boosting,0.6,optimized_balanced_pricing,0.35,0.7142857142857144
ST-013,2024-04-06 07:00:00,0.5,0.2916666666666667,0.49154946448134107,0.4996897353436433,0.5021792294929246,0.5021792294929246,gradient_boosting,0.5874,optimized_balanced_pricing,0.35,0.6782857142857144
ST-011,2024-04-06 07:00:00,0.25,0.2916666666666667,0.2537407397123278,0.25,0.2506089618499744,0.2506089618499744,gradient_boosting,0.2,optimized_offpeak_growth,0.35,-0.4285714285714285
ST-015,2024-04-06 07:00:00,0.25,0.2916666666666667,0.24477257420558174,0.25,0.2506909130321297,0.2506909130321297,gradient_boosting,0.2,optimized_offpeak_growth,0.35,-0.4285714285714285
ST-010,2024-04-06 07:00:00,0.25,0.2916666666666667,0.25495389697981446,0.25,0.2508360914251785,0.2508360914251785,gradient_boosting,0.2,optimized_offpeak_growth,0.35,-0.4285714285714285
ST-001,2024-04-06 08:00:00,0.25,0.3143939393939394,0.24374522543926935,0.25,0.25060264443775826,0.25060264443775826,gradient_boosting,0.2,optimized_offpeak_growth,0.35,-0.4285714285714285
ST-015,2024-04-06 08:00:00,0.75,0.3143939393939394,0.7536779748441429,0.7496997399796408,0.747312178229026,0.747312178229026,gradient_boosting,0.6,optimized_balanced_pricing,0.35,0.7142857142857144
ST-018,2024-04-06 08:00:00,0.25,0.3143939393939394,0.245180111636507,0.25,0.25060264443775826,0.25060264443775826,gradient_boosting,0.2,optimized_offpeak_growth,0.35,-0.4285714285714285
ST-014,2024-04-06 08:00:00,0.25,0.3143939393939394,0.24573242692887087,0.25,0.2503890886851952,0.2503890886851952,gradient_boosting,0.2,optimized_offpeak_growth,0.35,-0.4285714285714285
ST-009,2024-04-06 09:00:00,0.5,0.28308823529411764,0.5171163332785265,0.49999758210733003,0.5023575445591328,0.5023575445591328,gradient_boosting,0.5877,optimized_balanced_pricing,0.35,0.6791428571428573
ST-016,2024-04-06 09:00:00,0.25,0.28308823529411764,0.2503688150064349,0.25,0.25060264443775826,0.25060264443775826,gradient_boosting,0.2,optimized_offpeak_growth,0.35,-0.4285714285714285
ST-007,2024-04-06 09:00:00,0.25,0.28308823529411764,0.25939340598747374,0.25,0.2503587633441322,0.2503587633441322,gradient_boosting,0.2,optimized_offpeak_growth,0.35,-0.4285714285714285
ST-006,2024-04-06 09:00:00,0.25,0.28308823529411764,0.2576784561662402,0.25,0.2503890886851952,0.2503890886851952,gradient_boosting,0.2,optimized_offpeak_growth,0.35,-0.4285714285714285
ST-002,2024-04-06 10:00:00,0.25,0.2796610169491525,0.24665965042106452,0.25,0.2504246147605497,0.2504246147605497,gradient_boosting,0.2,optimized_offpeak_growth,0.35,-0.4285714285714285
ST-001,2024-04-06 11:00:00,0.25,0.2781064389093479,0.2343203058388291,0.24995874407623966,0.24937135114650258,0.24937135114650258,gradient_boosting,0.2,optimized_offpeak_growth,0.35,-0.4285714285714285
ST-012,2024-04-06 11:00:00,0.25,0.2781064389093479,0.2496582238181116,0.25,0.2501628497401546,0.2501628497401546,gradient_boosting,0.2,optimized_offpeak_growth,0.35,-0.4285714285714285
ST-002,2024-04-06 11:00:00,0.25,0.2781064389093479,0.23795624360855863,0.25,0.2502495979531665,0.2502495979531665,gradient_boosting,0.2,optimized_offpeak_growth,0.35,-0.4285714285714285
ST-010,2024-04-06 11:00:00,0.25,0.2781064389093479,0.23042410529047502,0.1801574512831729,0.17621792370910724,0.17621792370910724,gradient_boosting,0.2,optimized_offpeak_growth,0.35,-0.4285714285714285
ST-017,2024-04-06 11:00:00,0.12478501188423612,0.2781064389093479,0.23003380555510014,0.17372647643205688,0.17804866398819824,0.17804866398819824,gradient_boosting,0.2,optimized_offpeak_growth,0.35,-0.4285714285714285
ST-006,2024-04-06 12:00:00,0.25,0.2804425749217195,0.2373891567488384,0.25,0.25016916715237075,0.25016916715237075,gradient_boosting,0.2,optimized_offpeak_growth,0.35,-0.4285714285714285
ST-010,2024-04-06 12:00:00,0.25,0.2804425749217195,0.25470365717080284,0.25,0.2504971365108188,0.2504971365108188,gradient_boosting,0.2,optimized_offpeak_growth,0.35,-0.4285714285714285
ST-009,2024-04-06 12:00:00,0.25,0.2804425749217195,0.23825353792508389,0.25,0.25003140674238555,0.25003140674238555,gradient_boosting,0.2,optimized_offpeak_growth,0.35,-0.4285714285714285
ST-001,2024-04-06 12:00:00,0.25,0.2804425749217195,0.23523226222843466,0.25,0.2502495979531665,0.2502495979531665,gradient_boosting,0.2,optimized_offpeak_growth,0.35,-0.4285714285714285
ST-002,2024-04-06 12:00:00,0.25,0.2804425749217195,0.24097482046317442,0.25,0.2502495979531665,0.2502495979531665,gradient_boosting,0.2,optimized_offpeak_growth,0.35,-0.4285714285714285
ST-008,2024-04-06 12:00:00,0.25,0.2804425749217195,0.2365396562335,0.25,0.25033786654753787,0.25033786654753787,gradient_boosting,0.2,optimized_offpeak_growth,0.35,-0.4285714285714285
ST-014,2024-04-06 12:00:00,0.25,0.2804425749217195,0.24310234444908665,0.25,0.2501628497401546,0.2501628497401546,gradient_boosting,0.2,optimized_offpeak_growth,0.35,-0.4285714285714285
ST-012,2024-04-06 12:00:00,0.25,0.2804425749217195,0.24348320812875526,0.25,0.2502559153653826,0.2502559153653826,gradient_boosting,0.2,optimized_offpeak_growth,0.35,-0.4285714285714285
ST-002,2024-04-06 13:00:00,0.25,0.27784462404110555,0.2534897859797479,0.25,0.2505356754559986,0.2505356754559986,gradient_boosting,0.2,optimized_offpeak_growth,0.35,-0.4285714285714285
ST-010,2024-04-06 13:00:00,0.075823345355,0.27784462404110555,0.2295560729628023,0.08142158711789325,0.09235661209541786,0.09235661209541786,gradient_boosting,0.2,optimized_offpeak_growth,0.35,-0.4285714285714285
ST-015,2024-04-06 13:00:00,0.25,0.27784462404110555,0.23815919324194385,0.25,0.2501582142819368,0.2501582142819368,gradient_boosting,0.2,optimized_offpeak_growth,0.35,-0.4285714285714285
ST-001,2024-04-06 13:00:00,0.37174299139875,0.27784462404110555,0.46863545302748155,0.42692906464670627,0.4430080464484307,0.4430080464484307,gradient_boosting,0.4633,optimized_balanced_pricing,0.35,0.32371428571428584
ST-012,2024-04-06 13:00:00,0.25,0.27784462404110555,0.2364247939362882,0.25,0.2502495979531665,0.2502495979531665,gradient_boosting,0.2,optimized_offpeak_growth,0.35,-0.4285714285714285
ST-007,2024-04-06 14:00:00,0.25,0.30117796875909164,0.24187718016934456,0.25,0.2505639205967144,0.2505639205967144,gradient_boosting,0.2,optimized_offpeak_growth,0.35,-0.4285714285714285
ST-013,2024-04-06 14:00:00,0.5,0.30117796875909164,0.4887842355351024,0.4972981882007877,0.4949547654113761,0.4949547654113761,gradient_boosting,0.5738,optimized_balanced_pricing,0.35,0.6394285714285715
ST-010,2024-04-06 14:00:00,0.25,0.30117796875909164,0.23572716370694904,0.25,0.2503577513873719,0.2503577513873719,gradient_boosting,0.2,optimized_offpeak_growth,0.35,-0.4285714285714285
ST-016,2024-04-06 15:00:00,0.25,0.26607965127231453,0.24725074936631986,0.25,0.2506244665576761,0.2506244665576761,gradient_boosting,0.2,optimized_offpeak_growth,0.35,-0.4285714285714285
ST-016,2024-04-06 16:00:00,0.25,0.2925533495072557,0.23594241152941087,0.25,0.2502495979531665,0.2502495979531665,gradient_boosting,0.2,optimized_offpeak_growth,0.35,-0.4285714285714285
ST-005,2024-04-06 16:00:00,0.25,0.2925533495072557,0.23954518546375334,0.25,0.25018905199220476,0.25018905199220476,gradient_boosting,0.2,optimized_offpeak_growth,0.35,-0.4285714285714285
ST-018,2024-04-06 16:00:00,0.25,0.2925533495072557,0.24522292469346343,0.25,0.2500360422006034,0.2500360422006034,gradient_boosting,0.2,optimized_offpeak_growth,0.35,-0.4285714285714285
ST-012,2024-04-06 16:00:00,0.5,0.2925533495072557,0.4752598117419182,0.4885794984128632,0.48273801884692336,0.48273801884692336,gradient_boosting,0.55,optimized_balanced_pricing,0.35,0.5714285714285716
ST-016,2024-04-06 17:00:00,0.25,0.28846153846153844,0.2456255603086462,0.25,0.25051589622474646,0.25051589622474646,gradient_boosting,0.2,optimized_offpeak_growth,0.35,-0.4285714285714285
ST-013,2024-04-06 17:00:00,0.25,0.28846153846153844,0.24602551851372156,0.25,0.25045535026378474,0.25045535026378474,gradient_boosting,0.2,optimized_offpeak_growth,0.35,-0.4285714285714285
ST-018,2024-04-06 17:00:00,0.25,0.28846153846153844,0.2457020833296208,0.25,0.25060264443775826,0.25060264443775826,gradient_boosting,0.2,optimized_offpeak_growth,0.35,-0.4285714285714285
ST-008,2024-04-06 17:00:00,0.75,0.28846153846153844,0.734160245885218,0.7464554746054789,0.7418651406126322,0.7418651406126322,gradient_boosting,0.6,optimized_balanced_pricing,0.35,0.7142857142857144
ST-001,2024-04-06 17:00:00,0.25,0.28846153846153844,0.2641857858638383,0.25,0.2506813588239666,0.2506813588239666,gradient_boosting,0.2,optimized_offpeak_growth,0.35,-0.4285714285714285
ST-015,2024-04-06 17:00:00,0.25,0.28846153846153844,0.24695743397142184,0.25,0.2505357810645804,0.2505357810645804,gradient_boosting,0.2,optimized_offpeak_growth,0.35,-0.4285714285714285
ST-006,2024-04-06 18:00:00,0.25,0.2971698113207547,0.2493073443568105,0.25,0.25060264443775826,0.25060264443775826,gradient_boosting,0.2,optimized_offpeak_growth,0.35,-0.4285714285714285
ST-001,2024-04-06 18:00:00,0.5,0.2971698113207547,0.497721211863274,0.4999106969067085,0.5007386519672954,0.5007386519672954,gradient_boosting,0.5847,optimized_balanced_pricing,0.35,0.6705714285714286
ST-003,2024-04-06 18:00:00,0.25,0.2971698113207547,0.2456885943357352,0.25,0.2506089618499744,0.2506089618499744,gradient_boosting,0.2,optimized_offpeak_growth,0.35,-0.4285714285714285
ST-013,2024-04-06 19:00:00,0.5,0.30597014925373134,0.4949023849486389,0.49999789312396065,0.5007323345550792,0.5007323345550792,gradient_boosting,0.5847,optimized_balanced_pricing,0.35,0.6705714285714286
ST-015,2024-04-06 19:00:00,0.25,0.30597014925373134,0.2527305013504699,0.25,0.2505357810645804,0.2505357810645804,gradient_boosting,0.2,optimized_offpeak_growth,0.35,-0.4285714285714285
ST-007,2024-04-06 19:00:00,0.5,0.30597014925373134,0.48730249903518763,0.49985191150137853,0.49854901750102315,0.49854901750102315,gradient_boosting,0.5806,optimized_balanced_pricing,0.35,0.658857142857143
ST-017,2024-04-06 19:00:00,0.25,0.30597014925373134,0.26793882742259867,0.25,0.2509431238443616,0.2509431238443616,gradient_boosting,0.2,optimized_offpeak_growth,0.35,-0.4285714285714285
ST-005,2024-04-06 19:00:00,0.25,0.30597014925373134,0.2556749269320275,0.25,0.2504490328515686,0.2504490328515686,gradient_boosting,0.2,optimized_offpeak_growth,0.35,-0.4285714285714285
ST-006,2024-04-06 20:00:00,0.25,0.30333333333333334,0.2626076581048401,0.25,0.2507681070369784,0.2507681070369784,gradient_boosting,0.2,optimized_offpeak_growth,0.35,-0.4285714285714285
ST-010,2024-04-06 20:00:00,0.25,0.30333333333333334,0.24952234641556342,0.25,0.2505357810645804,0.2505357810645804,gradient_boosting,0.2,optimized_offpeak_growth,0.35,-0.4285714285714285
ST-017,2024-04-06 20:00:00,0.25,0.30333333333333334,0.2441196299032897,0.25,0.25045535026378474,0.25045535026378474,gradient_boosting,0.2,optimized_offpeak_growth,0.35,-0.4285714285714285
ST-007,2024-04-06 20:00:00,0.25,0.30333333333333334,0.2505317810024438,0.25,0.25054209847679654,0.25054209847679654,gradient_boosting,0.2,optimized_offpeak_growth,0.35,-0.4285714285714285
ST-012,2024-04-06 20:00:00,0.25,0.30333333333333334,0.25554312112290317,0.25,0.25077525325400996,0.25077525325400996,gradient_boosting,0.2,optimized_offpeak_growth,0.35,-0.4285714285714285
ST-009,2024-04-06 20:00:00,0.25,0.30333333333333334,0.254964464570544,0.25,0.2504490328515686,0.2504490328515686,gradient_boosting,0.2,optimized_offpeak_growth,0.35,-0.4285714285714285
ST-005,2024-04-06 20:00:00,0.25,0.30333333333333334,0.24585599363711536,0.25,0.2505357810645804,0.2505357810645804,gradient_boosting,0.2,optimized_offpeak_growth,0.35,-0.4285714285714285
ST-018,2024-04-06 21:00:00,0.5,0.2916666666666667,0.48905505047438613,0.4999446486159434,0.49863576571403495,0.49863576571403495,gradient_boosting,0.5808,optimized_balanced_pricing,0.35,0.6594285714285715
ST-010,2024-04-06 21:00:00,0.5,0.2916666666666667,0.4840077519999748,0.4959763250702547,0.495381744726646,0.495381744726646,gradient_boosting,0.5746,optimized_balanced_pricing,0.35,0.6417142857142859
ST-005,2024-04-06 22:00:00,0.25,0.28625511394144015,0.2392583592899904,0.25,0.25004936064460187,0.25004936064460187,gradient_boosting,0.2,optimized_offpeak_growth,0.35,-0.4285714285714285
ST-007,2024-04-06 22:00:00,0.25,0.28625511394144015,0.23822330186605398,0.25,0.2498358048920388,0.2498358048920388,gradient_boosting,0.2,optimized_offpeak_growth,0.35,-0.4285714285714285
ST-011,2024-04-06 22:00:00,0.25,0.28625511394144015,0.23942512541851657,0.25,0.2498358048920388,0.2498358048920388,gradient_boosting,0.2,optimized_offpeak_growth,0.35,-0.4285714285714285
ST-015,2024-04-06 22:00:00,0.5,0.28625511394144015,0.4684011979053577,0.446603254487193,0.44167438400010467,0.44167438400010467,gradient_boosting,0.4601,optimized_balanced_pricing,0.35,0.3145714285714287
ST-002,2024-04-06 22:00:00,0.0625,0.28625511394144015,0.23016821438468063,0.11430256686465141,0.0892083785945825,0.0892083785945825,gradient_boosting,0.2,optimized_offpeak_growth,0.35,-0.4285714285714285
ST-004,2024-04-06 23:00:00,0.25,0.27220390898905344,0.24440567385934864,0.25,0.25018905199220476,0.25018905199220476,gradient_boosting,0.2,optimized_offpeak_growth,0.35,-0.4285714285714285
ST-016,2024-04-06 23:00:00,0.3671970206831945,0.27220390898905344,0.4742492702746639,0.47511828277068924,0.4809427395810758,0.4809427395810758,gradient_boosting,0.5463,optimized_balanced_pricing,0.35,0.5608571428571429
ST-009,2024-04-06 23:00:00,0.25,0.27220390898905344,0.24967380571702513,0.25,0.25004936064460187,0.25004936064460187,gradient_boosting,0.2,optimized_offpeak_growth,0.35,-0.4285714285714285
ST-002,2024-04-06 23:00:00,0.25,0.27220390898905344,0.2486747285570886,0.25,0.2502243774519851,0.2502243774519851,gradient_boosting,0.2,optimized_offpeak_growth,0.35,-0.4285714285714285
ST-015,2024-04-06 23:00:00,0.25,0.27220390898905344,0.24057478213786632,0.25,0.2498358048920388,0.2498358048920388,gradient_boosting,0.2,optimized_offpeak_growth,0.35,-0.4285714285714285
ST-003,2024-04-06 23:00:00,0.25,0.27220390898905344,0.23606577147766286,0.2454976299678859,0.2495020059470257,0.2495020059470257,gradient_boosting,0.2,optimized_offpeak_growth,0.35,-0.4285714285714285
ST-018,2024-04-06 23:00:00,0.5,0.27220390898905344,0.4897108714049907,0.4871160367369128,0.4954078920767534,0.4954078920767534,gradient_boosting,0.5747,optimized_balanced_pricing,0.35,0.6420000000000001
ST-015,2024-04-07 00:00:00,0.25,0.2809424822966144,0.24041697850631594,0.25,0.24991237987720147,0.24991237987720147,gradient_boosting,0.2,optimized_offpeak_growth,0.35,-0.4285714285714285
ST-012,2024-04-07 00:00:00,0.25,0.2809424822966144,0.24119929717942465,0.25,0.24991869728941762,0.24991869728941762,gradient_boosting,0.2,optimized_offpeak_growth,0.35,-0.4285714285714285
ST-017,2024-04-07 00:00:00,0.25,0.2809424822966144,0.2405275713838502,0.25,0.24991237987720147,0.24991237987720147,gradient_boosting,0.2,optimized_offpeak_growth,0.35,-0.4285714285714285
ST-003,2024-04-07 00:00:00,0.25,0.2809424822966144,0.2378122251982938,0.25,0.24969882412463842,0.24969882412463842,gradient_boosting,0.2,optimized_offpeak_growth,0.35,-0.4285714285714285
ST-005,2024-04-07 01:00:00,0.25,0.2549889992129882,0.24305489830417873,0.25,0.24997026136236025,0.24997026136236025,gradient_boosting,0.2,optimized_offpeak_growth,0.35,-0.4285714285714285
ST-012,2024-04-07 01:00:00,0.25,0.2549889992129882,0.23264973416588566,0.24642712143740886,0.24420082530319162,0.24420082530319162,gradient_boosting,0.2,optimized_offpeak_growth,0.35,-0.4285714285714285
ST-009,2024-04-07 01:00:00,0.25,0.2549889992129882,0.2461854538676294,0.25,0.2499765787745764,0.2499765787745764,gradient_boosting,0.2,optimized_offpeak_growth,0.35,-0.4285714285714285
ST-015,2024-04-07 01:00:00,0.25,0.2549889992129882,0.23354584818548485,0.25,0.2498835131493485,0.2498835131493485,gradient_boosting,0.2,optimized_offpeak_growth,0.35,-0.4285714285714285
ST-002,2024-04-07 02:00:00,0.25,0.28759556983134704,0.2503384857471006,0.25,0.25059414121661316,0.25059414121661316,gradient_boosting,0.2,optimized_offpeak_growth,0.35,-0.4285714285714285
ST-004,2024-04-07 02:00:00,0.5,0.28759556983134704,0.4815668177723217,0.49697702220348144,0.49324002006482426,0.49324002006482426,gradient_boosting,0.5705,optimized_balanced_pricing,0.35,0.6300000000000001
ST-007,2024-04-07 02:00:00,0.25,0.28759556983134704,0.2478365824929976,0.25,0.25018273457998863,0.25018273457998863,gradient_boosting,0.2,optimized_offpeak_growth,0.35,-0.4285714285714285
ST-001,2024-04-07 02:00:00,0.24313871004145834,0.28759556983134704,0.23290170462232695,0.24763717028580587,0.24827457229671987,0.24827457229671987,gradient_boosting,0.2,optimized_offpeak_growth,0.35,-0.4285714285714285
ST-005,2024-04-07 02:00:00,0.25,0.28759556983134704,0.23903350330988754,0.25,0.25018273457998863,0.25018273457998863,gradient_boosting,0.2,optimized_offpeak_growth,0.35,-0.4285714285714285
ST-017,2024-04-07 02:00:00,0.20971116073694443,0.28759556983134704,0.2325287247243691,0.2443799969843469,0.24441329852081994,0.24441329852081994,gradient_boosting,0.2,optimized_offpeak_growth,0.35,-0.4285714285714285
ST-005,2024-04-07 03:00:00,0.25,0.2898970000164358,0.25362250810330067,0.25,0.2504489272429868,0.2504489272429868,gradient_boosting,0.2,optimized_offpeak_growth,0.35,-0.4285714285714285
ST-001,2024-04-07 03:00:00,0.25,0.2898970000164358,0.23554852551477934,0.25,0.25055760318449827,0.25055760318449827,gradient_boosting,0.2,optimized_offpeak_growth,0.35,-0.4285714285714285
ST-016,2024-04-07 04:00:00,0.25,0.2705343843358972,0.2521952153480176,0.25,0.2502192726121035,0.2502192726121035,gradient_boosting,0.2,optimized_offpeak_growth,0.35,-0.4285714285714285
ST-010,2024-04-07 04:00:00,0.194446578645,0.2705343843358972,0.2312903323054093,0.14411269811740005,0.13746369429155217,0.13746369429155217,gradient_boosting,0.2,optimized_offpeak_growth,0.35,-0.4285714285714285
ST-012,2024-04-07 04:00:00,0.25,0.2705343843358972,0.2380230082979426,0.25,0.2502888899191585,0.2502888899191585,gradient_boosting,0.2,optimized_offpeak_growth,0.35,-0.4285714285714285
ST-017,2024-04-07 04:00:00,0.5,0.2705343843358972,0.470459594625247,0.4791995518454777,0.474797826336549,0.474797826336549,gradient_boosting,0.5338,optimized_balanced_pricing,0.35,0.5251428571428574
ST-003,2024-04-07 04:00:00,0.25,0.2705343843358972,0.23846146282092712,0.25,0.2501628497401546,0.2501628497401546,gradient_boosting,0.2,optimized_offpeak_growth,0.35,-0.4285714285714285
ST-005,2024-04-07 04:00:00,0.25,0.2705343843358972,0.23625085566895043,0.25,0.2502559153653826,0.2502559153653826,gradient_boosting,0.2,optimized_offpeak_growth,0.35,-0.4285714285714285
ST-002,2024-04-07 04:00:00,0.19416814930395834,0.2705343843358972,0.23188291579918963,0.23336995424091822,0.23850088895842855,0.23850088895842855,gradient_boosting,0.2,optimized_offpeak_growth,0.35,-0.4285714285714285
ST-014,2024-04-07 04:00:00,0.25,0.2705343843358972,0.2443021621972385,0.25,0.2502495979531665,0.2502495979531665,gradient_boosting,0.2,optimized_offpeak_growth,0.35,-0.4285714285714285
ST-018,2024-04-07 04:00:00,0.25,0.2705343843358972,0.23669209475618583,0.25,0.2502559153653826,0.2502559153653826,gradient_boosting,0.2,optimized_offpeak_growth,0.35,-0.4285714285714285
ST-014,2024-04-07 05:00:00,0.25,0.26930142859083334,0.24349412976489296,0.25,0.2502495979531665,0.2502495979531665,gradient_boosting,0.2,optimized_offpeak_growth,0.35,-0.4285714285714285
ST-001,2024-04-07 05:00:00,0.25,0.26930142859083334,0.2499017298579363,0.25,0.2502495979531665,0.2502495979531665,gradient_boosting,0.2,optimized_offpeak_growth,0.35,-0.4285714285714285
ST-006,2024-04-07 05:00:00,0.25,0.26930142859083334,0.24940490595249226,0.25,0.25016916715237075,0.25016916715237075,gradient_boosting,0.2,optimized_offpeak_growth,0.35,-0.4285714285714285
ST-018,2024-04-07 05:00:00,0.25,0.26930142859083334,0.23653758269133457,0.25,0.2501628497401546,0.2501628497401546,gradient_boosting,0.2,optimized_offpeak_growth,0.35,-0.4285714285714285
ST-011,2024-04-07 06:00:00,0.25,0.2893282456937755,0.26261823846854193,0.25,0.2505356754559986,0.2505356754559986,gradient_boosting,0.2,optimized_offpeak_growth,0.35,-0.4285714285714285
ST-003,2024-04-07 06:00:00,0.5,0.2893282456937755,0.47991446253319814,0.49055364415718916,0.4927981276276816,0.4927981276276816,gradient_boosting,0.5697,optimized_balanced_pricing,0.35,0.6277142857142857
ST-004,2024-04-07 06:00:00,0.25,0.2893282456937755,0.23544869510571165,0.25,0.2502559153653826,0.2502559153653826,gradient_boosting,0.2,optimized_offpeak_growth,0.35,-0.4285714285714285
ST-010,2024-04-07 06:00:00,0.25,0.2893282456937755,0.2359264258905761,0.25,0.2504246147605497,0.2504246147605497,gradient_boosting,0.2,optimized_offpeak_growth,0.35,-0.4285714285714285
ST-011,2024-04-07 07:00:00,0.5,0.29411764705882354,0.4839866247077179,0.4991466213563746,0.49870894649942893,0.49870894649942893,gradient_boosting,0.5809,optimized_balanced_pricing,0.35,0.6597142857142857
ST-018,2024-04-07 07:00:00,0.25,0.29411764705882354,0.2416711913621753,0.25,0.25051589622474646,0.25051589622474646,gradient_boosting,0.2,optimized_offpeak_growth,0.35,-0.4285714285714285
ST-009,2024-04-07 07:00:00,0.25,0.29411764705882354,0.252919321878983,0.25,0.25060264443775826,0.25060264443775826,gradient_boosting,0.2,optimized_offpeak_growth,0.35,-0.4285714285714285
ST-005,2024-04-07 08:00:00,0.25,0.30405405405405406,0.24920331396199127,0.25,0.25051589622474646,0.25051589622474646,gradient_boosting,0.2,optimized_offpeak_growth,0.35,-0.4285714285714285
ST-012,2024-04-07 08:00:00,0.25,0.30405405405405406,0.25102069027921814,0.25,0.25060264443775826,0.25060264443775826,gradient_boosting,0.2,optimized_offpeak_growth,0.35,-0.4285714285714285
ST-015,2024-04-07 08:00:00,0.25,0.30405405405405406,0.28480005994702023,0.25,0.2519386761314529,0.2519386761314529,gradient_boosting,0.2,optimized_offpeak_growth,0.35,-0.4285714285714285
ST-013,2024-04-07 08:00:00,0.25,0.30405405405405406,0.26168949590309887,0.25,0.2507744244491945,0.2507744244491945,gradient_boosting,0.2,optimized_offpeak_growth,0.35,-0.4285714285714285
ST-001,2024-04-07 09:00:00,0.25,0.30067567567567566,0.23889846256274658,0.2472269432086788,0.24688620167466854,0.24688620167466854,gradient_boosting,0.2,optimized_offpeak_growth,0.35,-0.4285714285714285
ST-011,2024-04-07 09:00:00,0.25,0.30067567567567566,0.24706021333124178,0.25,0.25060264443775826,0.25060264443775826,gradient_boosting,0.2,optimized_offpeak_growth,0.35,-0.4285714285714285
ST-009,2024-04-07 09:00:00,0.25,0.30067567567567566,0.25846830988490826,0.25,0.2505786365089114,0.2505786365089114,gradient_boosting,0.2,optimized_offpeak_growth,0.35,-0.4285714285714285
ST-015,2024-04-07 09:00:00,0.25,0.30067567567567566,0.2367821323476652,0.23846663928531509,0.24710076074846243,0.24710076074846243,gradient_boosting,0.2,optimized_offpeak_growth,0.35,-0.4285714285714285
ST-004,2024-04-07 09:00:00,0.25,0.30067567567567566,0.24700847237502632,0.25,0.25060264443775826,0.25060264443775826,gradient_boosting,0.2,optimized_offpeak_growth,0.35,-0.4285714285714285
ST-009,2024-04-07 10:00:00,0.25,0.29918032786885246,0.23819637702903518,0.25,0.2502559153653826,0.2502559153653826,gradient_boosting,0.2,optimized_offpeak_growth,0.35,-0.4285714285714285
ST-018,2024-04-07 10:00:00,0.25,0.29918032786885246,0.24531751273061453,0.25,0.2502495979531665,0.2502495979531665,gradient_boosting,0.2,optimized_offpeak_growth,0.35,-0.4285714285714285
ST-004,2024-04-07 10:00:00,0.25,0.29918032786885246,0.2381531929428866,0.25,0.2502495979531665,0.2502495979531665,gradient_boosting,0.2,optimized_offpeak_growth,0.35,-0.4285714285714285
ST-008,2024-04-07 10:00:00,0.25,0.29918032786885246,0.24622470336294808,0.25,0.2504830449405867,0.2504830449405867,gradient_boosting,0.2,optimized_offpeak_growth,0.35,-0.4285714285714285
ST-011,2024-04-07 10:00:00,0.25,0.29918032786885246,0.24920463590778447,0.25,0.25018273457998863,0.25018273457998863,gradient_boosting,0.2,optimized_offpeak_growth,0.35,-0.4285714285714285
ST-010,2024-04-07 10:00:00,0.25,0.29918032786885246,0.2525322371806368,0.25,0.25000571685954043,0.25000571685954043,gradient_boosting,0.2,optimized_offpeak_growth,0.35,-0.4285714285714285
ST-014,2024-04-07 10:00:00,0.25,0.29918032786885246,0.24439578906924844,0.25,0.2500959863669768,0.2500959863669768,gradient_boosting,0.2,optimized_offpeak_growth,0.35,-0.4285714285714285
ST-002,2024-04-07 10:00:00,0.25,0.29918032786885246,0.24602322281660405,0.25,0.2508468124201283,0.2508468124201283,gradient_boosting,0.2,optimized_offpeak_growth,0.35,-0.4285714285714285
ST-012,2024-04-07 10:00:00,0.5,0.29918032786885246,0.49113011124239636,0.4996283114696033,0.4950351962121718,0.4950351962121718,gradient_boosting,0.574,optimized_balanced_pricing,0.35,0.6399999999999999
ST-005,2024-04-07 10:00:00,0.25,0.29918032786885246,0.2362693813578304,0.25,0.2502495979531665,0.2502495979531665,gradient_boosting,0.2,optimized_offpeak_growth,0.35,-0.4285714285714285
ST-004,2024-04-07 11:00:00,0.25,0.27727911351456924,0.2372835629736314,0.25,0.2501628497401546,0.2501628497401546,gradient_boosting,0.2,optimized_offpeak_growth,0.35,-0.4285714285714285
ST-010,2024-04-07 11:00:00,0.5,0.27727911351456924,0.4870065449145894,0.4969483224205617,0.4954163822288976,0.4954163822288976,gradient_boosting,0.5747,optimized_balanced_pricing,0.35,0.6420000000000001
ST-006,2024-04-07 12:00:00,0.25,0.2748947827263669,0.23710777810693523,0.25,0.25063078396989225,0.25063078396989225,gradient_boosting,0.2,optimized_offpeak_growth,0.35,-0.4285714285714285
ST-007,2024-04-07 12:00:00,0.25,0.2748947827263669,0.23890508470574925,0.25,0.24997549623964166,0.24997549623964166,gradient_boosting,0.2,optimized_offpeak_growth,0.35,-0.4285714285714285
ST-008,2024-04-07 12:00:00,0.1655024017204861,0.2748947827263669,0.23115100047869885,0.16300117735743122,0.1576896425084285,0.1576896425084285,gradient_boosting,0.2,optimized_offpeak_growth,0.35,-0.4285714285714285
ST-005,2024-04-07 12:00:00,0.29199249607520833,0.2748947827263669,0.46483798247403274,0.3169419108536167,0.31607754717871017,0.31607754717871017,gradient_boosting,0.2,optimized_balanced_pricing,0.35,-0.4285714285714285
ST-014,2024-04-07 12:00:00,0.25,0.2748947827263669,0.2362732256084559,0.25,0.25018273457998863,0.25018273457998863,gradient_boosting,0.2,optimized_offpeak_growth,0.35,-0.4285714285714285
ST-010,2024-04-07 13:00:00,0.25,0.2842430015449937,0.23628668106750383,0.25,0.25018905199220476,0.25018905199220476,gradient_boosting,0.2,optimized_offpeak_growth,0.35,-0.4285714285714285
ST-004,2024-04-07 13:00:00,0.25,0.2842430015449937,0.234567895573123,0.25,0.2500959863669768,0.2500959863669768,gradient_boosting,0.2,optimized_offpeak_growth,0.35,-0.4285714285714285
ST-012,2024-04-07 13:00:00,0.21433110680673612,0.2842430015449937,0.23214387258902086,0.22538551605289228,0.23288716644412016,0.23288716644412016,gradient_boosting,0.2,optimized_offpeak_growth,0.35,-0.4285714285714285
ST-011,2024-04-07 13:00:00,0.25,0.2842430015449937,0.24584923793405775,0.25,0.2501023037791929,0.2501023037791929,gradient_boosting,0.2,optimized_offpeak_growth,0.35,-0.4285714285714285
ST-014,2024-04-07 13:00:00,0.21193996891069444,0.2842430015449937,0.23262671261263249,0.22318122555947156,0.22203176017380077,0.22203176017380077,gradient_boosting,0.2,optimized_offpeak_growth,0.35,-0.4285714285714285
ST-010,2024-04-07 14:00:00,0.25,0.2851444121278114,0.24237091350513185,0.25,0.25018273457998863,0.25018273457998863,gradient_boosting,0.2,optimized_offpeak_growth,0.35,-0.4285714285714285
ST-012,2024-04-07 14:00:00,0.25,0.2851444121278114,0.24197645480692279,0.25,0.25027100317436,0.25027100317436,gradient_boosting,0.2,optimized_offpeak_growth,0.35,-0.4285714285714285
ST-007,2024-04-07 14:00:00,0.5,0.2851444121278114,0.48216558925039177,0.49940576720073215,0.4937507260436995,0.4937507260436995,gradient_boosting,0.5715,optimized_balanced_pricing,0.35,0.632857142857143
ST-018,2024-04-07 14:00:00,0.25,0.2851444121278114,0.23281160674102475,0.24339607509660394,0.24363697266334786,0.24363697266334786,gradient_boosting,0.2,optimized_offpeak_growth,0.35,-0.4285714285714285
ST-018,2024-04-07 15:00:00,0.25,0.3081897693152609,0.23456565113677072,0.2489280431639407,0.2477954942744942,0.2477954942744942,gradient_boosting,0.2,optimized_offpeak_growth,0.35,-0.4285714285714285
ST-008,2024-04-07 15:00:00,0.25,0.3081897693152609,0.24505656868895337,0.25,0.2503577513873719,0.2503577513873719,gradient_boosting,0.2,optimized_offpeak_growth,0.35,-0.4285714285714285
ST-005,2024-04-07 15:00:00,0.25,0.3081897693152609,0.23417377486426427,0.24427310887669187,0.2444525904868119,0.2444525904868119,gradient_boosting,0.2,optimized_offpeak_growth,0.35,-0.4285714285714285
ST-011,2024-04-07 15:00:00,0.25,0.3081897693152609,0.2347667541126032,0.25,0.2500959863669768,0.2500959863669768,gradient_boosting,0.2,optimized_offpeak_growth,0.35,-0.4285714285714285
ST-015,2024-04-07 15:00:00,0.21732492468548611,0.3081897693152609,0.23218060989550132,0.17241586167075523,0.17956846920413783,0.17956846920413783,gradient_boosting,0.2,optimized_offpeak_growth,0.35,-0.4285714285714285
ST-011,2024-04-07 16:00:00,0.25,0.27447375135043245,0.2379437654514012,0.25,0.25018273457998863,0.25018273457998863,gradient_boosting,0.2,optimized_offpeak_growth,0.35,-0.4285714285714285
ST-015,2024-04-07 16:00:00,0.25,0.27447375135043245,0.23726402418993214,0.25,0.25027100317436,0.25027100317436,gradient_boosting,0.2,optimized_offpeak_growth,0.35,-0.4285714285714285
ST-008,2024-04-07 16:00:00,0.25,0.27447375135043245,0.23775994628813935,0.25,0.2500959863669768,0.2500959863669768,gradient_boosting,0.2,optimized_offpeak_growth,0.35,-0.4285714285714285
ST-001,2024-04-07 16:00:00,0.25,0.27447375135043245,0.2341043489423606,0.25,0.2505182048300473,0.2505182048300473,gradient_boosting,0.2,optimized_offpeak_growth,0.35,-0.4285714285714285
ST-003,2024-04-07 16:00:00,0.25,0.27447375135043245,0.23409310570586803,0.24327070211935517,0.24844169137963806,0.24844169137963806,gradient_boosting,0.2,optimized_offpeak_growth,0.35,-0.4285714285714285
ST-014,2024-04-07 16:00:00,0.25,0.27447375135043245,0.24351712051293312,0.25,0.25027100317436,0.25027100317436,gradient_boosting,0.2,optimized_offpeak_growth,0.35,-0.4285714285714285
ST-015,2024-04-07 17:00:00,0.5,0.2850877192982456,0.5271807903530923,0.49999340964063277,0.5024038418752349,0.5024038418752349,gradient_boosting,0.5878,optimized_balanced_pricing,0.35,0.6794285714285715
ST-014,2024-04-07 17:00:00,0.25,0.2850877192982456,0.24406343384614038,0.25,0.25082815638198613,0.25082815638198613,gradient_boosting,0.2,optimized_offpeak_growth,0.35,-0.4285714285714285
ST-018,2024-04-07 17:00:00,0.25,0.2850877192982456,0.24191166011294934,0.25,0.2505357810645804,0.2505357810645804,gradient_boosting,0.2,optimized_offpeak_growth,0.35,-0.4285714285714285
ST-013,2024-04-07 17:00:00,0.25,0.2850877192982456,0.25094555604619767,0.25,0.2505222136369626,0.2505222136369626,gradient_boosting,0.2,optimized_offpeak_growth,0.35,-0.4285714285714285
ST-018,2024-04-07 18:00:00,0.25,0.30514705882352944,0.2606068360958807,0.25,0.25057231909669525,0.25057231909669525,gradient_boosting,0.2,optimized_offpeak_growth,0.35,-0.4285714285714285
ST-011,2024-04-07 18:00:00,0.25,0.30514705882352944,0.24688876449700353,0.25,0.25051589622474646,0.25051589622474646,gradient_boosting,0.2,optimized_offpeak_growth,0.35,-0.4285714285714285
ST-002,2024-04-07 18:00:00,0.25,0.30514705882352944,0.26516945010313736,0.25,0.2506813588239666,0.2506813588239666,gradient_boosting,0.2,optimized_offpeak_growth,0.35,-0.4285714285714285
ST-005,2024-04-07 18:00:00,0.25,0.30514705882352944,0.24375177077753693,0.25,0.25055518819073846,0.25055518819073846,gradient_boosting,0.2,optimized_offpeak_growth,0.35,-0.4285714285714285
ST-010,2024-04-07 18:00:00,0.25,0.30514705882352944,0.24585824710611806,0.25,0.25051589622474646,0.25051589622474646,gradient_boosting,0.2,optimized_offpeak_growth,0.35,-0.4285714285714285
ST-012,2024-04-07 18:00:00,0.25,0.30514705882352944,0.24416951125318434,0.25,0.25051589622474646,0.25051589622474646,gradient_boosting,0.2,optimized_offpeak_growth,0.35,-0.4285714285714285
ST-016,2024-04-07 18:00:00,0.5,0.30514705882352944,0.49803259738399397,0.4999036101912314,0.5008254001803071,0.5008254001803071,gradient_boosting,0.5849,optimized_balanced_pricing,0.35,0.6711428571428573
ST-012,2024-04-07 19:00:00,0.25,0.29044117647058826,0.2559706842271957,0.25,0.25082815638198613,0.25082815638198613,gradient_boosting,0.2,optimized_offpeak_growth,0.35,-0.4285714285714285
ST-013,2024-04-07 19:00:00,0.25,0.29044117647058826,0.24816172200697173,0.25,0.25060264443775826,0.25060264443775826,gradient_boosting,0.2,optimized_offpeak_growth,0.35,-0.4285714285714285
ST-010,2024-04-07 19:00:00,0.25,0.29044117647058826,0.24761339412563454,0.25,0.25060264443775826,0.25060264443775826,gradient_boosting,0.2,optimized_offpeak_growth,0.35,-0.4285714285714285
ST-007,2024-04-07 19:00:00,0.25,0.29044117647058826,0.24682633142538796,0.25,0.2506089618499744,0.2506089618499744,gradient_boosting,0.2,optimized_offpeak_growth,0.35,-0.4285714285714285
ST-008,2024-04-07 20:00:00,0.25,0.2791666666666667,0.2461439764043004,0.25,0.2503890886851952,0.2503890886851952,gradient_boosting,0.2,optimized_offpeak_growth,0.35,-0.4285714285714285
ST-014,2024-04-07 20:00:00,0.25,0.2791666666666667,0.26169616745793234,0.25,0.2507681070369784,0.2507681070369784,gradient_boosting,0.2,optimized_offpeak_growth,0.35,-0.4285714285714285
ST-009,2024-04-07 20:00:00,0.25,0.2791666666666667,0.24271020659108372,0.25,0.25060264443775826,0.25060264443775826,gradient_boosting,0.2,optimized_offpeak_growth,0.35,-0.4285714285714285
ST-013,2024-04-07 20:00:00,0.25,0.2791666666666667,0.23897264762815648,0.22734949971935173,0.23920446371624252,0.23920446371624252,gradient_boosting,0.2,optimized_offpeak_growth,0.35,-0.4285714285714285
ST-017,2024-04-07 20:00:00,0.25,0.2791666666666667,0.2510412805197815,0.25,0.25051589622474646,0.25051589622474646,gradient_boosting,0.2,optimized_offpeak_growth,0.35,-0.4285714285714285
ST-005,2024-04-07 20:00:00,0.25,0.2791666666666667,0.2413609950713212,0.25,0.25060264443775826,0.25060264443775826,gradient_boosting,0.2,optimized_offpeak_growth,0.35,-0.4285714285714285
ST-011,2024-04-07 20:00:00,0.25,0.2791666666666667,0.25563523343314976,0.25,0.25060264443775826,0.25060264443775826,gradient_boosting,0.2,optimized_offpeak_growth,0.35,-0.4285714285714285
ST-004,2024-04-07 20:00:00,0.25,0.2791666666666667,0.2554343730690877,0.25,0.25051589622474646,0.25051589622474646,gradient_boosting,0.2,optimized_offpeak_growth,0.35,-0.4285714285714285
ST-011,2024-04-07 21:00:00,0.25,0.27734375,0.2430453819123875,0.25,0.2505222136369626,0.2505222136369626,gradient_boosting,0.2,optimized_offpeak_growth,0.35,-0.4285714285714285
ST-007,2024-04-07 21:00:00,0.25,0.27734375,0.25551298671228334,0.25,0.25082815638198613,0.25082815638198613,gradient_boosting,0.2,optimized_offpeak_growth,0.35,-0.4285714285714285
ST-006,2024-04-07 21:00:00,0.75,0.27734375,0.7319690606884353,0.7497006839481575,0.7418651406126322,0.7418651406126322,gradient_boosting,0.6,optimized_balanced_pricing,0.35,0.7142857142857144
ST-003,2024-04-07 21:00:00,0.5,0.27734375,0.4924084806814382,0.4924197721675409,0.5000409049160677,0.5000409049160677,gradient_boosting,0.5834,optimized_balanced_pricing,0.35,0.666857142857143
ST-015,2024-04-07 21:00:00,0.5,0.27734375,0.4917630980510683,0.4867389665094517,0.5004177490031101,0.5004177490031101,gradient_boosting,0.5841,optimized_balanced_pricing,0.35,0.6688571428571428
ST-016,2024-04-07 22:00:00,0.25,0.28101737038122715,0.24120435098140508,0.25,0.2500423596128195,0.2500423596128195,gradient_boosting,0.2,optimized_offpeak_growth,0.35,-0.4285714285714285
ST-014,2024-04-07 22:00:00,0.25,0.28101737038122715,0.2361821495537562,0.25,0.2500423596128195,0.2500423596128195,gradient_boosting,0.2,optimized_offpeak_growth,0.35,-0.4285714285714285
ST-004,2024-04-07 22:00:00,0.25,0.28101737038122715,0.2443525193004958,0.25,0.25016916715237075,0.25016916715237075,gradient_boosting,0.2,optimized_offpeak_growth,0.35,-0.4285714285714285
ST-018,2024-04-07 22:00:00,0.25,0.28101737038122715,0.23578417159232454,0.25,0.25016916715237075,0.25016916715237075,gradient_boosting,0.2,optimized_offpeak_growth,0.35,-0.4285714285714285
ST-007,2024-04-07 23:00:00,0.25,0.2689905583303876,0.23161002206785408,0.1850707853268923,0.17986742324671637,0.17986742324671637,gradient_boosting,0.2,optimized_offpeak_growth,0.35,-0.4285714285714285
ST-010,2024-04-07 23:00:00,0.5,0.2689905583303876,0.4850031285736903,0.4996277963273871,0.4918758231639533,0.4918758231639533,gradient_boosting,0.5679,optimized_balanced_pricing,0.35,0.6225714285714286
ST-017,2024-04-07 23:00:00,0.25,0.2689905583303876,0.24145431163411782,0.25,0.24990266826521665,0.24990266826521665,gradient_boosting,0.2,optimized_offpeak_growth,0.35,-0.4285714285714285
ST-016,2024-04-07 23:00:00,0.25,0.2689905583303876,0.23525921189013654,0.24843152651873887,0.24932472542412767,0.24932472542412767,gradient_boosting,0.2,optimized_offpeak_growth,0.35,-0.4285714285714285
ST-018,2024-04-07 23:00:00,0.25,0.2689905583303876,0.23605157030490057,0.25,0.25002947580476786,0.25002947580476786,gradient_boosting,0.2,optimized_offpeak_growth,0.35,-0.4285714285714285
ST-003,2024-04-07 23:00:00,0.25,0.2689905583303876,0.23680784625865198,0.25,0.2502559153653826,0.2502559153653826,gradient_boosting,0.2,optimized_offpeak_growth,0.35,-0.4285714285714285
ST-012,2024-04-07 23:00:00,0.5,0.2689905583303876,0.48433850416223945,0.49707941588023963,0.49180195875899313,0.49180195875899313,gradient_boosting,0.5678,optimized_balanced_pricing,0.35,0.6222857142857143
ST-008,2024-04-08 00:00:00,0.25,0.27573829529473187,0.24585825617915422,0.25,0.24997924325037932,0.24997924325037932,gradient_boosting,0.2,optimized_offpeak_growth,0.35,-0.4285714285714285
ST-009,2024-04-08 00:00:00,0.25,0.27573829529473187,0.23178657666925817,0.23927895927058693,0.23909027015268858,0.23909027015268858,gradient_boosting,0.2,optimized_offpeak_growth,0.35,-0.4285714285714285
ST-007,2024-04-08 00:00:00,0.75,0.27573829529473187,0.7127630917571306,0.7268163418973389,0.7270286008692847,0.7270286008692847,gradient_boosting,0.6,optimized_balanced_pricing,0.35,0.7142857142857144
ST-018,2024-04-08 00:00:00,0.25,0.27573829529473187,0.23492924118656947,0.25,0.24997924325037932,0.24997924325037932,gradient_boosting,0.2,optimized_offpeak_growth,0.35,-0.4285714285714285
ST-015,2024-04-08 01:00:00,0.25,0.27337348067384115,0.23860013447489514,0.25,0.25004344214775426,0.25004344214775426,gradient_boosting,0.2,optimized_offpeak_growth,0.35,-0.4285714285714285
ST-004,2024-04-08 01:00:00,0.5,0.27337348067384115,0.48414153605626753,0.49731261557348827,0.49421403582245776,0.49421403582245776,gradient_boosting,0.5724,optimized_balanced_pricing,0.35,0.6354285714285717
ST-001,2024-04-08 01:00:00,0.25,0.27337348067384115,0.23673743055145438,0.25,0.25003712473553813,0.25003712473553813,gradient_boosting,0.2,optimized_offpeak_growth,0.35,-0.4285714285714285
ST-004,2024-04-08 02:00:00,0.25,0.2832746359622927,0.23296942626367323,0.24829786704293721,0.24855499142246082,0.24855499142246082,gradient_boosting,0.2,optimized_offpeak_growth,0.35,-0.4285714285714285
ST-006,2024-04-08 02:00:00,0.25,0.2832746359622927,0.2349068584692048,0.25,0.25016916715237075,0.25016916715237075,gradient_boosting,0.2,optimized_offpeak_growth,0.35,-0.4285714285714285
ST-003,2024-04-08 02:00:00,0.25,0.2832746359622927,0.2438729296631807,0.25,0.2502495979531665,0.2502495979531665,gradient_boosting,0.2,optimized_offpeak_growth,0.35,-0.4285714285714285
ST-018,2024-04-08 03:00:00,0.25,0.276154241944218,0.23172087331899388,0.22587315506654515,0.22417211002843213,0.22417211002843213,gradient_boosting,0.2,optimized_offpeak_growth,0.35,-0.4285714285714285
ST-001,2024-04-08 03:00:00,0.25,0.276154241944218,0.23914377579199225,0.25,0.2500360422006034,0.2500360422006034,gradient_boosting,0.2,optimized_offpeak_growth,0.35,-0.4285714285714285
ST-006,2024-04-08 03:00:00,0.25,0.276154241944218,0.254872004589298,0.25,0.2504489272429868,0.2504489272429868,gradient_boosting,0.2,optimized_offpeak_growth,0.35,-0.4285714285714285
ST-004,2024-04-08 04:00:00,0.1560644301802083,0.2934248038487123,0.2321426643195396,0.2129226509076682,0.20965866573808314,0.20965866573808314,gradient_boosting,0.2,optimized_offpeak_growth,0.35,-0.4285714285714285
ST-001,2024-04-08 04:00:00,0.25,0.2934248038487123,0.23716492861664049,0.25,0.2501628497401546,0.2501628497401546,gradient_boosting,0.2,optimized_offpeak_growth,0.35,-0.4285714285714285
ST-008,2024-04-08 04:00:00,0.22379991655048612,0.2934248038487123,0.23005957867405755,0.1849730823838975,0.19181968000051425,0.19181968000051425,gradient_boosting,0.2,optimized_offpeak_growth,0.35,-0.4285714285714285
ST-015,2024-04-08 04:00:00,0.25,0.2934248038487123,0.2392857682644244,0.25,0.2502495979531665,0.2502495979531665,gradient_boosting,0.2,optimized_offpeak_growth,0.35,-0.4285714285714285
ST-017,2024-04-08 04:00:00,0.25,0.2934248038487123,0.24153063211299322,0.25,0.2501628497401546,0.2501628497401546,gradient_boosting,0.2,optimized_offpeak_growth,0.35,-0.4285714285714285
ST-013,2024-04-08 04:00:00,0.25,0.2934248038487123,0.2523557063726859,0.25,0.2507691580239964,0.2507691580239964,gradient_boosting,0.2,optimized_offpeak_growth,0.35,-0.4285714285714285
ST-002,2024-04-08 04:00:00,0.25,0.2934248038487123,0.2445365024450692,0.25,0.2502559153653826,0.2502559153653826,gradient_boosting,0.2,optimized_offpeak_growth,0.35,-0.4285714285714285
ST-012,2024-04-08 04:00:00,0.25,0.2934248038487123,0.23605944019370778,0.25,0.2502559153653826,0.2502559153653826,gradient_boosting,0.2,optimized_offpeak_growth,0.35,-0.4285714285714285
ST-002,2024-04-08 05:00:00,0.14514640367847217,0.3041504442095657,0.23026427068695404,0.1743577788875248,0.17628915035348788,0.17628915035348788,gradient_boosting,0.2,optimized_offpeak_growth,0.35,-0.4285714285714285
ST-003,2024-04-08 05:00:00,0.25,0.3041504442095657,0.23335916528123546,0.25,0.2502495979531665,0.2502495979531665,gradient_boosting,0.2,optimized_offpeak_growth,0.35,-0.4285714285714285
ST-007,2024-04-08 05:00:00,0.25,0.3041504442095657,0.23103515550308373,0.1655975098465907,0.13615401799194302,0.13615401799194302,gradient_boosting,0.2,optimized_offpeak_growth,0.35,-0.4285714285714285
ST-005,2024-04-08 05:00:00,0.24818311351395836,0.3041504442095657,0.23289939262824166,0.24406131685445367,0.2444801618939978,0.2444801618939978,gradient_boosting,0.2,optimized_offpeak_growth,0.35,-0.4285714285714285
ST-009,2024-04-08 06:00:00,0.3125,0.2798366522620082,0.48715888721542955,0.49248925415009187,0.4948104966671207,0.4948104966671207,gradient_boosting,0.5735,optimized_balanced_pricing,0.35,0.6385714285714288
ST-016,2024-04-08 06:00:00,0.25,0.2798366522620082,0.2421833098961215,0.25,0.2502495979531665,0.2502495979531665,gradient_boosting,0.2,optimized_offpeak_growth,0.35,-0.4285714285714285
ST-003,2024-04-08 06:00:00,0.25,0.2798366522620082,0.2357362747127798,0.25,0.2501628497401546,0.2501628497401546,gradient_boosting,0.2,optimized_offpeak_growth,0.35,-0.4285714285714285
ST-017,2024-04-08 06:00:00,0.25,0.2798366522620082,0.2521276185324018,0.25,0.2502192726121035,0.2502192726121035,gradient_boosting,0.2,optimized_offpeak_growth,0.35,-0.4285714285714285
ST-004,2024-04-08 07:00:00,0.25,0.2753623188405797,0.24440625624522366,0.25,0.2507776612451415,0.2507776612451415,gradient_boosting,0.2,optimized_offpeak_growth,0.35,-0.4285714285714285
ST-017,2024-04-08 07:00:00,0.25,0.2753623188405797,0.2529793215704758,0.25,0.2506089618499744,0.2506089618499744,gradient_boosting,0.2,optimized_offpeak_growth,0.35,-0.4285714285714285
ST-009,2024-04-08 07:00:00,0.25,0.2753623188405797,0.2556213808950964,0.25,0.25083447379420226,0.25083447379420226,gradient_boosting,0.2,optimized_offpeak_growth,0.35,-0.4285714285714285
ST-016,2024-04-08 07:00:00,0.25,0.2753623188405797,0.24756134256436085,0.25,0.25060264443775826,0.25060264443775826,gradient_boosting,0.2,optimized_offpeak_growth,0.35,-0.4285714285714285
ST-010,2024-04-08 07:00:00,0.25,0.2753623188405797,0.2414673592183706,0.25,0.25054209847679654,0.25054209847679654,gradient_boosting,0.2,optimized_offpeak_growth,0.35,-0.4285714285714285
ST-005,2024-04-08 08:00:00,0.25,0.296875,0.24811838872097958,0.25,0.24984946470200772,0.24984946470200772,gradient_boosting,0.2,optimized_offpeak_growth,0.35,-0.4285714285714285
ST-015,2024-04-08 08:00:00,0.25,0.296875,0.24830077020852098,0.25,0.2504490328515686,0.2504490328515686,gradient_boosting,0.2,optimized_offpeak_growth,0.35,-0.4285714285714285
ST-008,2024-04-08 08:00:00,0.25,0.296875,0.24873994140628666,0.25,0.25062404965895185,0.25062404965895185,gradient_boosting,0.2,optimized_offpeak_growth,0.35,-0.4285714285714285
ST-009,2024-04-08 08:00:00,0.25,0.296875,0.24236333192449863,0.25,0.25054209847679654,0.25054209847679654,gradient_boosting,0.2,optimized_offpeak_growth,0.35,-0.4285714285714285
ST-014,2024-04-08 08:00:00,0.25,0.296875,0.2426281407940639,0.25,0.2505357810645804,0.2505357810645804,gradient_boosting,0.2,optimized_offpeak_growth,0.35,-0.4285714285714285
ST-002,2024-04-08 08:00:00,0.25,0.296875,0.2450992794090459,0.25,0.25071079787196365,0.25071079787196365,gradient_boosting,0.2,optimized_offpeak_growth,0.35,-0.4285714285714285
ST-010,2024-04-08 08:00:00,0.25,0.296875,0.2468919778843779,0.25,0.2505357810645804,0.2505357810645804,gradient_boosting,0.2,optimized_offpeak_growth,0.35,-0.4285714285714285
ST-006,2024-04-08 08:00:00,0.25,0.296875,0.2406482725167325,0.2499190334889211,0.25045535026378474,0.25045535026378474,gradient_boosting,0.2,optimized_offpeak_growth,0.35,-0.4285714285714285
ST-012,2024-04-08 09:00:00,0.25,0.3204225352112676,0.2432118132123355,0.25,0.25032222531201737,0.25032222531201737,gradient_boosting,0.2,optimized_offpeak_growth,0.35,-0.4285714285714285
ST-014,2024-04-08 09:00:00,0.25,0.3204225352112676,0.24415894362537013,0.25,0.2504490328515686,0.2504490328515686,gradient_boosting,0.2,optimized_offpeak_growth,0.35,-0.4285714285714285
ST-009,2024-04-08 09:00:00,0.5,0.3204225352112676,0.5052482040055971,0.4999714027993241,0.5010022977492918,0.5010022977492918,gradient_boosting,0.5852,optimized_balanced_pricing,0.35,0.6720000000000002
ST-004,2024-04-08 09:00:00,0.25,0.3204225352112676,0.24394681651049063,0.25,0.2505357810645804,0.2505357810645804,gradient_boosting,0.2,optimized_offpeak_growth,0.35,-0.4285714285714285
ST-006,2024-04-08 09:00:00,0.25,0.3204225352112676,0.25747769153376077,0.25,0.2505357810645804,0.2505357810645804,gradient_boosting,0.2,optimized_offpeak_growth,0.35,-0.4285714285714285
ST-008,2024-04-08 09:00:00,0.5,0.3204225352112676,0.5020532100317338,0.4999939543434495,0.5008190827680908,0.5008190827680908,gradient_boosting,0.5849,optimized_balanced_pricing,0.35,0.6711428571428573
ST-015,2024-04-08 09:00:00,0.25,0.3204225352112676,0.24705123495892894,0.25,0.2507612930088083,0.2507612930088083,gradient_boosting,0.2,optimized_offpeak_growth,0.35,-0.4285714285714285
ST-007,2024-04-08 09:00:00,0.25,0.3204225352112676,0.2504286215592636,0.25,0.2504972421194006,0.2504972421194006,gradient_boosting,0.2,optimized_offpeak_growth,0.35,-0.4285714285714285
ST-001,2024-04-08 09:00:00,0.5,0.3204225352112676,0.5020972282621754,0.49992860129826044,0.5007323345550792,0.5007323345550792,gradient_boosting,0.5847,optimized_balanced_pricing,0.35,0.6705714285714286
ST-002,2024-04-08 10:00:00,0.25,0.28823529411764703,0.23636056988872178,0.25,0.25018273457998863,0.25018273457998863,gradient_boosting,0.2,optimized_offpeak_growth,0.35,-0.4285714285714285
ST-002,2024-04-08 11:00:00,0.25,0.27591868192041547,0.2368283169477301,0.25,0.25018273457998863,0.25018273457998863,gradient_boosting,0.2,optimized_offpeak_growth,0.35,-0.4285714285714285
ST-017,2024-04-08 11:00:00,0.25,0.27591868192041547,0.23432010376400056,0.25,0.2499691788274255,0.2499691788274255,gradient_boosting,0.2,optimized_offpeak_growth,0.35,-0.4285714285714285
ST-012,2024-04-08 11:00:00,0.25,0.27591868192041547,0.23568938426059866,0.25,0.25055760318449827,0.25055760318449827,gradient_boosting,0.2,optimized_offpeak_growth,0.35,-0.4285714285714285
ST-015,2024-04-08 11:00:00,0.25,0.27591868192041547,0.2323024758485664,0.22332345636454462,0.23288084903190404,0.23288084903190404,gradient_boosting,0.2,optimized_offpeak_growth,0.35,-0.4285714285714285
ST-009,2024-04-08 11:00:00,0.25,0.27591868192041547,0.23592262838972972,0.25,0.25020262581484576,0.25020262581484576,gradient_boosting,0.2,optimized_offpeak_growth,0.35,-0.4285714285714285
ST-016,2024-04-08 12:00:00,0.25,0.2884495075694147,0.24417839428197147,0.25,0.2500959863669768,0.2500959863669768,gradient_boosting,0.2,optimized_offpeak_growth,0.35,-0.4285714285714285
ST-017,2024-04-08 12:00:00,0.25,0.2884495075694147,0.2342450061706503,0.24837875307543747,0.24848181063706684,0.24848181063706684,gradient_boosting,0.2,optimized_offpeak_growth,0.35,-0.4285714285714285
ST-010,2024-04-08 12:00:00,0.25,0.2884495075694147,0.23395699364795244,0.24958982917980055,0.24939123598633653,0.24939123598633653,gradient_boosting,0.2,optimized_offpeak_growth,0.35,-0.4285714285714285
ST-002,2024-04-08 12:00:00,0.25,0.2884495075694147,0.24579661163472455,0.25,0.25018273457998863,0.25018273457998863,gradient_boosting,0.2,optimized_offpeak_growth,0.35,-0.4285714285714285
ST-003,2024-04-08 13:00:00,0.5,0.3176116179937103,0.48221366449190484,0.4989394908628069,0.4937507260436995,0.4937507260436995,gradient_boosting,0.5715,optimized_balanced_pricing,0.35,0.632857142857143
ST-004,2024-04-08 13:00:00,0.25,0.3176116179937103,0.24752135057201718,0.25,0.2500959863669768,0.2500959863669768,gradient_boosting,0.2,optimized_offpeak_growth,0.35,-0.4285714285714285
ST-008,2024-04-08 13:00:00,0.25,0.3176116179937103,0.24900295665253874,0.25,0.25041618156740886,0.25041618156740886,gradient_boosting,0.2,optimized_offpeak_growth,0.35,-0.4285714285714285
ST-006,2024-04-08 13:00:00,0.23978303122375,0.3176116179937103,0.23115426551337534,0.18137770895911567,0.18898743365145101,0.18898743365145101,gradient_boosting,0.2,optimized_offpeak_growth,0.35,-0.4285714285714285
ST-013,2024-04-08 14:00:00,0.25,0.2655259127366482,0.24008444169060567,0.25,0.25086009888078104,0.25086009888078104,gradient_boosting,0.2,optimized_offpeak_growth,0.35,-0.4285714285714285
ST-004,2024-04-08 14:00:00,0.25,0.2655259127366482,0.2495868503755945,0.25,0.2502495979531665,0.2502495979531665,gradient_boosting,0.2,optimized_offpeak_growth,0.35,-0.4285714285714285
ST-018,2024-04-08 14:00:00,0.3125,0.2655259127366482,0.47312335914956993,0.4847192179032036,0.47472975786276816,0.47472975786276816,gradient_boosting,0.5336,optimized_balanced_pricing,0.35,0.5245714285714285
ST-002,2024-04-08 14:00:00,0.25,0.2655259127366482,0.23454888409617636,0.25,0.2500959863669768,0.2500959863669768,gradient_boosting,0.2,optimized_offpeak_growth,0.35,-0.4285714285714285
ST-009,2024-04-08 14:00:00,0.75,0.2655259127366482,0.7216432565967066,0.7378643966224244,0.7273412728068872,0.7273412728068872,gradient_boosting,0.6,optimized_balanced_pricing,0.35,0.7142857142857144
ST-001,2024-04-08 15:00:00,0.75,0.2857168034926774,0.7136048240135673,0.7136287157731176,0.7154845796037056,0.7154845796037056,gradient_boosting,0.6,optimized_balanced_pricing,0.35,0.7142857142857144
ST-003,2024-04-08 15:00:00,0.5,0.2857168034926774,0.4745292454282417,0.4869661377375995,0.48230260428145194,0.48230260428145194,gradient_boosting,0.5491,optimized_balanced_pricing,0.35,0.568857142857143
ST-005,2024-04-08 15:00:00,0.25,0.2857168034926774,0.23835739509489962,0.25,0.25018273457998863,0.25018273457998863,gradient_boosting,0.2,optimized_offpeak_growth,0.35,-0.4285714285714285
ST-004,2024-04-08 15:00:00,0.25,0.2857168034926774,0.23521291252430548,0.25,0.25018905199220476,0.25018905199220476,gradient_boosting,0.2,optimized_offpeak_growth,0.35,-0.4285714285714285
ST-009,2024-04-08 15:00:00,0.25,0.2857168034926774,0.2443083308633738,0.25,0.25018905199220476,0.25018905199220476,gradient_boosting,0.2,optimized_offpeak_growth,0.35,-0.4285714285714285
ST-002,2024-04-08 16:00:00,0.25,0.27488229988827234,0.24649415855205248,0.25,0.2499691788274255,0.2499691788274255,gradient_boosting,0.2,optimized_offpeak_growth,0.35,-0.4285714285714285
ST-010,2024-04-08 16:00:00,0.5,0.27488229988827234,0.4827249514975738,0.4909864572350029,0.4937507260436995,0.4937507260436995,gradient_boosting,0.5715,optimized_balanced_pricing,0.35,0.632857142857143
ST-013,2024-04-08 17:00:00,0.25,0.30303030303030304,0.2527644886082953,0.25,0.2505357810645804,0.2505357810645804,gradient_boosting,0.2,optimized_offpeak_growth,0.35,-0.4285714285714285
ST-005,2024-04-08 17:00:00,0.25,0.30303030303030304,0.2622402262000844,0.25,0.2506813588239666,0.2506813588239666,gradient_boosting,0.2,optimized_offpeak_growth,0.35,-0.4285714285714285
ST-018,2024-04-08 17:00:00,0.25,0.30303030303030304,0.25623961232393516,0.25,0.2504490328515686,0.2504490328515686,gradient_boosting,0.2,optimized_offpeak_growth,0.35,-0.4285714285714285
ST-012,2024-04-08 17:00:00,0.25,0.30303030303030304,0.2622265176650821,0.25,0.25055455128441534,0.25055455128441534,gradient_boosting,0.2,optimized_offpeak_growth,0.35,-0.4285714285714285
ST-016,2024-04-08 17:00:00,0.25,0.30303030303030304,0.250998974782738,0.25,0.2505357810645804,0.2505357810645804,gradient_boosting,0.2,optimized_offpeak_growth,0.35,-0.4285714285714285
ST-006,2024-04-08 17:00:00,0.25,0.30303030303030304,0.25022819027036364,0.25,0.25071079787196365,0.25071079787196365,gradient_boosting,0.2,optimized_offpeak_growth,0.35,-0.4285714285714285
ST-017,2024-04-08 18:00:00,0.5,0.31333333333333335,0.4889652722156871,0.4995558479992007,0.4987026290872128,0.4987026290872128,gradient_boosting,0.5809,optimized_balanced_pricing,0.35,0.6597142857142857
ST-002,2024-04-08 18:00:00,0.25,0.31333333333333335,0.25168845899316583,0.25,0.25060264443775826,0.25060264443775826,gradient_boosting,0.2,optimized_offpeak_growth,0.35,-0.4285714285714285
ST-016,2024-04-08 18:00:00,0.5,0.31333333333333335,0.4949515477052491,0.4999942653600801,0.5008190827680908,0.5008190827680908,gradient_boosting,0.5849,optimized_balanced_pricing,0.35,0.6711428571428573
ST-007,2024-04-08 18:00:00,0.25,0.31333333333333335,0.2644080110238672,0.25,0.2507681070369784,0.2507681070369784,gradient_boosting,0.2,optimized_offpeak_growth,0.35,-0.4285714285714285
ST-012,2024-04-08 18:00:00,0.25,0.31333333333333335,0.24741656917662255,0.25,0.2506089618499744,0.2506089618499744,gradient_boosting,0.2,optimized_offpeak_growth,0.35,-0.4285714285714285
ST-006,2024-04-08 18:00:00,0.25,0.31333333333333335,0.2458001239049331,0.25,0.2503890886851952,0.2503890886851952,gradient_boosting,0.2,optimized_offpeak_growth,0.35,-0.4285714285714285
ST-003,2024-04-08 18:00:00,0.25,0.31333333333333335,0.2505382431185282,0.25,0.25060264443775826,0.25060264443775826,gradient_boosting,0.2,optimized_offpeak_growth,0.35,-0.4285714285714285
ST-017,2024-04-08 19:00:00,0.25,0.284375,0.24723101063923236,0.25,0.2507676104210244,0.2507676104210244,gradient_boosting,0.2,optimized_offpeak_growth,0.35,-0.4285714285714285
ST-009,2024-04-08 19:00:00,0.25,0.284375,0.25722873736181023,0.25,0.2505357810645804,0.2505357810645804,gradient_boosting,0.2,optimized_offpeak_growth,0.35,-0.4285714285714285
ST-008,2024-04-08 19:00:00,0.25,0.284375,0.2635015026454418,0.25,0.2507744244491945,0.2507744244491945,gradient_boosting,0.2,optimized_offpeak_growth,0.35,-0.4285714285714285
ST-016,2024-04-08 19:00:00,0.5,0.284375,0.48829776123714674,0.499574638070658,0.4986420831262511,0.4986420831262511,gradient_boosting,0.5808,optimized_balanced_pricing,0.35,0.6594285714285715
ST-013,2024-04-08 20:00:00,0.25,0.3,0.250631821510637,0.25,0.2504490328515686,0.2504490328515686,gradient_boosting,0.2,optimized_offpeak_growth,0.35,-0.4285714285714285
ST-018,2024-04-08 20:00:00,0.25,0.3,0.2406826071617416,0.2498312546138759,0.2503143713283895,0.2503143713283895,gradient_boosting,0.2,optimized_offpeak_growth,0.35,-0.4285714285714285
ST-004,2024-04-08 21:00:00,0.25,0.35507246376811596,0.2523490824671174,0.25,0.2503890886851952,0.2503890886851952,gradient_boosting,0.2,optimized_offpeak_growth,0.35,-0.4285714285714285
ST-007,2024-04-08 21:00:00,0.25,0.35507246376811596,0.2479013368507938,0.25,0.2506089618499744,0.2506089618499744,gradient_boosting,0.2,optimized_offpeak_growth,0.35,-0.4285714285714285
ST-002,2024-04-08 21:00:00,0.25,0.35507246376811596,0.2410277068667694,0.25,0.25032222531201737,0.25032222531201737,gradient_boosting,0.2,optimized_offpeak_growth,0.35,-0.4285714285714285
ST-018,2024-04-08 21:00:00,0.25,0.35507246376811596,0.2460285103999527,0.25,0.25060264443775826,0.25060264443775826,gradient_boosting,0.2,optimized_offpeak_growth,0.35,-0.4285714285714285
ST-015,2024-04-08 21:00:00,0.25,0.35507246376811596,0.24965518596371308,0.25,0.2507776612451415,0.2507776612451415,gradient_boosting,0.2,optimized_offpeak_growth,0.35,-0.4285714285714285
ST-004,2024-04-08 22:00:00,0.25,0.2819523552688546,0.2335901809641639,0.24371966804643022,0.244133232206048,0.244133232206048,gradient_boosting,0.2,optimized_offpeak_growth,0.35,-0.4285714285714285
ST-002,2024-04-08 22:00:00,0.25,0.2819523552688546,0.23378781842015822,0.23718969642376553,0.23842806098400357,0.23842806098400357,gradient_boosting,0.2,optimized_offpeak_growth,0.35,-0.4285714285714285
ST-015,2024-04-08 22:00:00,0.25,0.2819523552688546,0.23385506954599,0.24929926161517396,0.24932472542412767,0.24932472542412767,gradient_boosting,0.2,optimized_offpeak_growth,0.35,-0.4285714285714285
ST-009,2024-04-08 22:00:00,0.25,0.2819523552688546,0.23443479901747266,0.25,0.25016916715237075,0.25016916715237075,gradient_boosting,0.2,optimized_offpeak_growth,0.35,-0.4285714285714285
ST-017,2024-04-08 22:00:00,0.5,0.2819523552688546,0.47564008911592537,0.48082550601614754,0.48100960295425366,0.48100960295425366,gradient_boosting,0.5465,optimized_balanced_pricing,0.35,0.5614285714285714
ST-011,2024-04-08 22:00:00,0.25,0.2819523552688546,0.2547941717052555,0.25,0.2507083385834963,0.2507083385834963,gradient_boosting,0.2,optimized_offpeak_growth,0.35,-0.4285714285714285
ST-010,2024-04-08 23:00:00,0.12673902591722222,0.29128945080969365,0.2320663640278744,0.1646798005610865,0.16028967518515702,0.16028967518515702,gradient_boosting,0.2,optimized_offpeak_growth,0.35,-0.4285714285714285
ST-004,2024-04-08 23:00:00,0.25,0.29128945080969365,0.23479351337086138,0.244957942785049,0.24836784382783814,0.24836784382783814,gradient_boosting,0.2,optimized_offpeak_growth,0.35,-0.4285714285714285
ST-003,2024-04-08 23:00:00,0.25,0.29128945080969365,0.2438448407593314,0.25,0.2501162240177797,0.2501162240177797,gradient_boosting,0.2,optimized_offpeak_growth,0.35,-0.4285714285714285
ST-016,2024-04-09 00:00:00,0.25,0.2653022111722725,0.2325755169989513,0.24307863145037897,0.24365335449851783,0.24365335449851783,gradient_boosting,0.2,optimized_offpeak_growth,0.35,-0.4285714285714285
ST-012,2024-04-09 00:00:00,0.25,0.2653022111722725,0.23485698856890952,0.25,0.24997924325037932,0.24997924325037932,gradient_boosting,0.2,optimized_offpeak_growth,0.35,-0.4285714285714285
ST-006,2024-04-09 00:00:00,0.25,0.2653022111722725,0.23338921762495898,0.25,0.25026340437315586,0.25026340437315586,gradient_boosting,0.2,optimized_offpeak_growth,0.35,-0.4285714285714285
ST-005,2024-04-09 01:00:00,0.25,0.26441837212194946,0.2415966232357774,0.25,0.25004344214775426,0.25004344214775426,gradient_boosting,0.2,optimized_offpeak_growth,0.35,-0.4285714285714285
ST-004,2024-04-09 01:00:00,0.25,0.26441837212194946,0.2352623710580299,0.25,0.2504119933400478,0.2504119933400478,gradient_boosting,0.2,optimized_offpeak_growth,0.35,-0.4285714285714285
ST-013,2024-04-09 01:00:00,0.25,0.26441837212194946,0.23079701786523527,0.22432589767381242,0.22222038363221006,0.22222038363221006,gradient_boosting,0.2,optimized_offpeak_growth,0.35,-0.4285714285714285
ST-014,2024-04-09 01:00:00,0.4128907111154861,0.26441837212194946,0.4803386737417257,0.48861445226345485,0.4919769672379676,0.4919769672379676,gradient_boosting,0.5681,optimized_balanced_pricing,0.35,0.6231428571428574
ST-011,2024-04-09 01:00:00,0.25,0.26441837212194946,0.2543251038778992,0.25,0.2502427714375746,0.2502427714375746,gradient_boosting,0.2,optimized_offpeak_growth,0.35,-0.4285714285714285
ST-016,2024-04-09 01:00:00,0.25,0.26441837212194946,0.23924824700391556,0.25,0.24943755658597733,0.24943755658597733,gradient_boosting,0.2,optimized_offpeak_growth,0.35,-0.4285714285714285
ST-002,2024-04-09 01:00:00,0.25,0.26441837212194946,0.24028624756551417,0.25,0.25063433920249995,0.25063433920249995,gradient_boosting,0.2,optimized_offpeak_growth,0.35,-0.4285714285714285
ST-010,2024-04-09 02:00:00,0.25,0.2943453229989109,0.23501125496223715,0.25,0.2502110590079866,0.2502110590079866,gradient_boosting,0.2,optimized_offpeak_growth,0.35,-0.4285714285714285
ST-001,2024-04-09 02:00:00,0.47723292711944443,0.2943453229989109,0.46733035519640603,0.4137684454392742,0.40750592134631464,0.40750592134631464,gradient_boosting,0.3715,optimized_balanced_pricing,0.35,0.06142857142857139
ST-005,2024-04-09 02:00:00,0.25,0.2943453229989109,0.24606983558203438,0.25,0.2506244665576761,0.2506244665576761,gradient_boosting,0.2,optimized_offpeak_growth,0.35,-0.4285714285714285
ST-013,2024-04-09 02:00:00,0.25,0.2943453229989109,0.2383271141914693,0.25,0.2502110590079866,0.2502110590079866,gradient_boosting,0.2,optimized_offpeak_growth,0.35,-0.4285714285714285
ST-011,2024-04-09 02:00:00,0.25,0.2943453229989109,0.24124379710123106,0.25,0.2502559153653826,0.2502559153653826,gradient_boosting,0.2,optimized_offpeak_growth,0.35,-0.4285714285714285
ST-017,2024-04-09 02:00:00,0.25,0.2943453229989109,0.2484046502809752,0.25,0.2502495979531665,0.2502495979531665,gradient_boosting,0.2,optimized_offpeak_growth,0.35,-0.4285714285714285
ST-007,2024-04-09 03:00:00,0.5,0.2708048672213488,0.4828044237940954,0.4986944280553044,0.4936731537246811,0.4936731537246811,gradient_boosting,0.5714,optimized_balanced_pricing,0.35,0.6325714285714288
ST-008,2024-04-09 03:00:00,0.5,0.2708048672213488,0.47715872202260157,0.4880048490253131,0.4883670554227234,0.4883670554227234,gradient_boosting,0.5611,optimized_balanced_pricing,0.35,0.6031428571428574
ST-010,2024-04-09 03:00:00,0.37884518749972224,0.2708048672213488,0.46945595882786983,0.4195038801255018,0.46563673158400515,0.46563673158400515,gradient_boosting,0.5144,optimized_balanced_pricing,0.35,0.46971428571428575
ST-005,2024-04-09 03:00:00,0.25,0.2708048672213488,0.25935541120956296,0.25,0.2505356754559986,0.2505356754559986,gradient_boosting,0.2,optimized_offpeak_growth,0.35,-0.4285714285714285
ST-002,2024-04-09 03:00:00,0.25,0.2708048672213488,0.26503002945869414,0.25,0.2509105440605083,0.2509105440605083,gradient_boosting,0.2,optimized_offpeak_growth,0.35,-0.4285714285714285
ST-012,2024-04-09 04:00:00,0.25,0.2982207641526057,0.23156752221844565,0.21661526387416383,0.2219241954214209,0.2219241954214209,gradient_boosting,0.2,optimized_offpeak_growth,0.35,-0.4285714285714285
ST-016,2024-04-09 04:00:00,0.25,0.2982207641526057,0.23654836275161994,0.25,0.25018273457998863,0.25018273457998863,gradient_boosting,0.2,optimized_offpeak_growth,0.35,-0.4285714285714285
ST-018,2024-04-09 04:00:00,0.25,0.2982207641526057,0.24134307969903296,0.25,0.2500959863669768,0.2500959863669768,gradient_boosting,0.2,optimized_offpeak_growth,0.35,-0.4285714285714285
ST-014,2024-04-09 04:00:00,0.25,0.2982207641526057,0.2418758426051774,0.25,0.25018905199220476,0.25018905199220476,gradient_boosting,0.2,optimized_offpeak_growth,0.35,-0.4285714285714285
ST-013,2024-04-09 04:00:00,0.25,0.2982207641526057,0.2344751004804252,0.2499962445488408,0.25018273457998863,0.25018273457998863,gradient_boosting,0.2,optimized_offpeak_growth,0.35,-0.4285714285714285
ST-015,2024-04-09 04:00:00,0.25,0.2982207641526057,0.2495493871102875,0.25,0.2499691788274255,0.2499691788274255,gradient_boosting,0.2,optimized_offpeak_growth,0.35,-0.4285714285714285
ST-008,2024-04-09 04:00:00,0.5,0.2982207641526057,0.471776935635906,0.4569414590273305,0.4726388895329309,0.4726388895329309,gradient_boosting,0.5293,optimized_balanced_pricing,0.35,0.5122857142857145
ST-001,2024-04-09 04:00:00,0.25,0.2982207641526057,0.2413377691633246,0.25,0.25018273457998863,0.25018273457998863,gradient_boosting,0.2,optimized_offpeak_growth,0.35,-0.4285714285714285
ST-003,2024-04-09 05:00:00,0.25,0.280799126569176,0.2609428520872406,0.25,0.2505356754559986,0.2505356754559986,gradient_boosting,0.2,optimized_offpeak_growth,0.35,-0.4285714285714285
ST-008,2024-04-09 05:00:00,0.25,0.280799126569176,0.2347746448136459,0.2462245043921219,0.24797375714990044,0.24797375714990044,gradient_boosting,0.2,optimized_offpeak_growth,0.35,-0.4285714285714285
ST-007,2024-04-09 05:00:00,0.16372190660597224,0.280799126569176,0.2307752228957839,0.1796238675509039,0.1761510603359294,0.1761510603359294,gradient_boosting,0.2,optimized_offpeak_growth,0.35,-0.4285714285714285
ST-017,2024-04-09 05:00:00,0.25,0.280799126569176,0.2347308838241887,0.25,0.2501023037791929,0.2501023037791929,gradient_boosting,0.2,optimized_offpeak_growth,0.35,-0.4285714285714285
ST-016,2024-04-09 05:00:00,0.25,0.280799126569176,0.23835729738936012,0.25,0.2500959863669768,0.2500959863669768,gradient_boosting,0.2,optimized_offpeak_growth,0.35,-0.4285714285714285
ST-018,2024-04-09 06:00:00,0.25,0.26001262425126426,0.23579604078361463,0.25,0.2500959863669768,0.2500959863669768,gradient_boosting,0.2,optimized_offpeak_growth,0.35,-0.4285714285714285
ST-009,2024-04-09 06:00:00,0.25,0.26001262425126426,0.24225290015737824,0.25,0.2508537814685649,0.2508537814685649,gradient_boosting,0.2,optimized_offpeak_growth,0.35,-0.4285714285714285
ST-017,2024-04-09 06:00:00,0.25,0.26001262425126426,0.23219646802493277,0.209199344836574,0.20847895742108938,0.20847895742108938,gradient_boosting,0.2,optimized_offpeak_growth,0.35,-0.4285714285714285
ST-015,2024-04-09 06:00:00,0.25,0.26001262425126426,0.2393215759011796,0.25,0.2501023037791929,0.2501023037791929,gradient_boosting,0.2,optimized_offpeak_growth,0.35,-0.4285714285714285
ST-003,2024-04-09 06:00:00,0.25,0.26001262425126426,0.25479942226128827,0.25,0.2505419928682147,0.2505419928682147,gradient_boosting,0.2,optimized_offpeak_growth,0.35,-0.4285714285714285
ST-012,2024-04-09 06:00:00,0.25,0.26001262425126426,0.23791697628296476,0.25,0.25027100317436,0.25027100317436,gradient_boosting,0.2,optimized_offpeak_growth,0.35,-0.4285714285714285
ST-008,2024-04-09 06:00:00,0.25,0.26001262425126426,0.24607799414733902,0.25,0.25055760318449827,0.25055760318449827,gradient_boosting,0.2,optimized_offpeak_growth,0.35,-0.4285714285714285
ST-013,2024-04-09 07:00:00,0.25,0.2916666666666667,0.2575117437655585,0.25,0.2505357810645804,0.2505357810645804,gradient_boosting,0.2,optimized_offpeak_growth,0.35,-0.4285714285714285
ST-003,2024-04-09 07:00:00,0.25,0.2916666666666667,0.26306909429102854,0.25,0.2507744244491945,0.2507744244491945,gradient_boosting,0.2,optimized_offpeak_growth,0.35,-0.4285714285714285
ST-008,2024-04-09 07:00:00,0.5,0.2916666666666667,0.49629420270009444,0.4999939543434495,0.5008190827680908,0.5008190827680908,gradient_boosting,0.5849,optimized_balanced_pricing,0.35,0.6711428571428573
ST-005,2024-04-09 07:00:00,0.25,0.2916666666666667,0.24217427551765408,0.25,0.25054209847679654,0.25054209847679654,gradient_boosting,0.2,optimized_offpeak_growth,0.35,-0.4285714285714285
ST-004,2024-04-09 07:00:00,0.25,0.2916666666666667,0.2607804523556863,0.25,0.2507681070369784,0.2507681070369784,gradient_boosting,0.2,optimized_offpeak_growth,0.35,-0.4285714285714285
ST-002,2024-04-09 07:00:00,0.25,0.2916666666666667,0.24947877711669927,0.25,0.25068247983898884,0.25068247983898884,gradient_boosting,0.2,optimized_offpeak_growth,0.35,-0.4285714285714285
ST-017,2024-04-09 08:00:00,0.5,0.29819277108433734,0.4966781483274811,0.49856654722339105,0.5028232028849162,0.5028232028849162,gradient_boosting,0.5886,optimized_balanced_pricing,0.35,0.6817142857142859
ST-014,2024-04-09 08:00:00,0.25,0.29819277108433734,0.254311533521631,0.25,0.2504490328515686,0.2504490328515686,gradient_boosting,0.2,optimized_offpeak_growth,0.35,-0.4285714285714285
ST-006,2024-04-09 08:00:00,0.25,0.29819277108433734,0.24075325400208963,0.24690522821820815,0.2471629304932916,0.2471629304932916,gradient_boosting,0.2,optimized_offpeak_growth,0.35,-0.4285714285714285
ST-018,2024-04-09 08:00:00,0.25,0.29819277108433734,0.257641285346384,0.25,0.2505357810645804,0.2505357810645804,gradient_boosting,0.2,optimized_offpeak_growth,0.35,-0.4285714285714285
ST-006,2024-04-09 09:00:00,0.25,0.30625,0.25072657804610465,0.25,0.2508005849748003,0.2508005849748003,gradient_boosting,0.2,optimized_offpeak_growth,0.35,-0.4285714285714285
ST-003,2024-04-09 09:00:00,0.25,0.30625,0.2504431713983267,0.25,0.25054209847679654,0.25054209847679654,gradient_boosting,0.2,optimized_offpeak_growth,0.35,-0.4285714285714285
ST-013,2024-04-09 09:00:00,0.25,0.30625,0.24746621443048097,0.25,0.25054209847679654,0.25054209847679654,gradient_boosting,0.2,optimized_offpeak_growth,0.35,-0.4285714285714285
ST-012,2024-04-09 09:00:00,0.25,0.30625,0.24421626683220504,0.25,0.2505357810645804,0.2505357810645804,gradient_boosting,0.2,optimized_offpeak_growth,0.35,-0.4285714285714285
ST-017,2024-04-09 09:00:00,0.25,0.30625,0.24346900990974343,0.25,0.25045535026378474,0.25045535026378474,gradient_boosting,0.2,optimized_offpeak_growth,0.35,-0.4285714285714285
ST-005,2024-04-09 09:00:00,0.25,0.30625,0.2527767261089051,0.25,0.2504490328515686,0.2504490328515686,gradient_boosting,0.2,optimized_offpeak_growth,0.35,-0.4285714285714285
ST-018,2024-04-09 10:00:00,0.25,0.3082191780821918,0.23960251161606788,0.25,0.2502559153653826,0.2502559153653826,gradient_boosting,0.2,optimized_offpeak_growth,0.35,-0.4285714285714285
ST-006,2024-04-09 10:00:00,0.25,0.3082191780821918,0.2342682586252738,0.25,0.25018273457998863,0.25018273457998863,gradient_boosting,0.2,optimized_offpeak_growth,0.35,-0.4285714285714285
ST-004,2024-04-09 10:00:00,0.25,0.3082191780821918,0.24565503520839438,0.25,0.2501023037791929,0.2501023037791929,gradient_boosting,0.2,optimized_offpeak_growth,0.35,-0.4285714285714285
ST-014,2024-04-09 10:00:00,0.5,0.3082191780821918,0.4888689951040128,0.49843254090085654,0.4950351962121718,0.4950351962121718,gradient_boosting,0.574,optimized_balanced_pricing,0.35,0.6399999999999999
ST-002,2024-04-09 10:00:00,0.5,0.3082191780821918,0.4913398012736775,0.49958898366935833,0.4950351962121718,0.4950351962121718,gradient_boosting,0.574,optimized_balanced_pricing,0.35,0.6399999999999999
ST-008,2024-04-09 10:00:00,0.5,0.3082191780821918,0.4881003608420261,0.49816811711675046,0.4950415136243879,0.4950415136243879,gradient_boosting,0.574,optimized_balanced_pricing,0.35,0.6399999999999999
ST-017,2024-04-09 11:00:00,0.25,0.29332170139356833,0.2391090250596004,0.25,0.2501628497401546,0.2501628497401546,gradient_boosting,0.2,optimized_offpeak_growth,0.35,-0.4285714285714285
ST-014,2024-04-09 11:00:00,0.25,0.29332170139356833,0.23605602534974368,0.25,0.2502559153653826,0.2502559153653826,gradient_boosting,0.2,optimized_offpeak_growth,0.35,-0.4285714285714285
ST-005,2024-04-09 11:00:00,0.5,0.29332170139356833,0.48444592299307676,0.4987550157139067,0.49708797767662005,0.49708797767662005,gradient_boosting,0.5779,optimized_balanced_pricing,0.35,0.6511428571428572
ST-009,2024-04-09 11:00:00,0.22751671752020833,0.29332170139356833,0.231336031610536,0.18620482162621274,0.19063997168352048,0.19063997168352048,gradient_boosting,0.2,optimized_offpeak_growth,0.35,-0.4285714285714285
ST-012,2024-04-09 11:00:00,0.383575335405,0.29332170139356833,0.4708756530484518,0.47470508508451875,0.46795853998594134,0.46795853998594134,gradient_boosting,0.5194,optimized_balanced_pricing,0.35,0.484
ST-007,2024-04-09 12:00:00,0.11268992552375,0.2834792068456448,0.23109445325999414,0.1074977597911225,0.17057370370931985,0.17057370370931985,gradient_boosting,0.2,optimized_offpeak_growth,0.35,-0.4285714285714285
ST-006,2024-04-09 12:00:00,0.25,0.2834792068456448,0.2347504522751413,0.25,0.2502495979531665,0.2502495979531665,gradient_boosting,0.2,optimized_offpeak_growth,0.35,-0.4285714285714285
ST-010,2024-04-09 12:00:00,0.25,0.2834792068456448,0.24048029745496538,0.25,0.2506244665576761,0.2506244665576761,gradient_boosting,0.2,optimized_offpeak_growth,0.35,-0.4285714285714285
ST-008,2024-04-09 12:00:00,0.25,0.2834792068456448,0.24693184255865125,0.25,0.25063078396989225,0.25063078396989225,gradient_boosting,0.2,optimized_offpeak_growth,0.35,-0.4285714285714285
ST-012,2024-04-09 12:00:00,0.25,0.2834792068456448,0.23658201217263244,0.25,0.2502495979531665,0.2502495979531665,gradient_boosting,0.2,optimized_offpeak_growth,0.35,-0.4285714285714285
ST-011,2024-04-09 13:00:00,0.25,0.27985888636676504,0.23371662748011016,0.25,0.2502495979531665,0.2502495979531665,gradient_boosting,0.2,optimized_offpeak_growth,0.35,-0.4285714285714285
ST-012,2024-04-09 13:00:00,0.25,0.27985888636676504,0.23317038264033527,0.23989513140790955,0.23843462737983898,0.23843462737983898,gradient_boosting,0.2,optimized_offpeak_growth,0.35,-0.4285714285714285
ST-004,2024-04-09 13:00:00,0.25,0.27985888636676504,0.23280679013707795,0.24304347706434212,0.2439173917890888,0.2439173917890888,gradient_boosting,0.2,optimized_offpeak_growth,0.35,-0.4285714285714285
ST-002,2024-04-09 13:00:00,0.25,0.27985888636676504,0.2364348198375874,0.25,0.2500423596128195,0.2500423596128195,gradient_boosting,0.2,optimized_offpeak_growth,0.35,-0.4285714285714285
ST-010,2024-04-09 14:00:00,0.25,0.31079798871116765,0.23965340622614217,0.25,0.2502495979531665,0.2502495979531665,gradient_boosting,0.2,optimized_offpeak_growth,0.35,-0.4285714285714285
ST-003,2024-04-09 14:00:00,0.23767783385569444,0.31079798871116765,0.23182296790604556,0.22994122529948952,0.22417211002843213,0.22417211002843213,gradient_boosting,0.2,optimized_offpeak_growth,0.35,-0.4285714285714285
ST-011,2024-04-09 14:00:00,0.43698115738875004,0.31079798871116765,0.46908995481437044,0.4481598911193722,0.4430947946614425,0.4430947946614425,gradient_boosting,0.4635,optimized_balanced_pricing,0.35,0.3242857142857145
ST-006,2024-04-09 15:00:00,0.25,0.28059413250373755,0.23579114195579484,0.25,0.2501628497401546,0.2501628497401546,gradient_boosting,0.2,optimized_offpeak_growth,0.35,-0.4285714285714285
ST-004,2024-04-09 15:00:00,0.5,0.28059413250373755,0.4981373040994063,0.49796826834673197,0.494435628062611,0.494435628062611,gradient_boosting,0.5728,optimized_balanced_pricing,0.35,0.6365714285714286
ST-018,2024-04-09 15:00:00,0.25,0.28059413250373755,0.23737411066498046,0.25,0.2502495979531665,0.2502495979531665,gradient_boosting,0.2,optimized_offpeak_growth,0.35,-0.4285714285714285
ST-013,2024-04-09 15:00:00,0.23619606464520834,0.28059413250373755,0.23081739500481321,0.18430866899218587,0.19359382475098605,0.19359382475098605,gradient_boosting,0.2,optimized_offpeak_growth,0.35,-0.4285714285714285
ST-001,2024-04-09 15:00:00,0.25,0.28059413250373755,0.23657412240587672,0.25,0.2501628497401546,0.2501628497401546,gradient_boosting,0.2,optimized_offpeak_growth,0.35,-0.4285714285714285
ST-005,2024-04-09 16:00:00,0.25,0.2679363047014644,0.23454991959804644,0.25,0.2500423596128195,0.2500423596128195,gradient_boosting,0.2,optimized_offpeak_growth,0.35,-0.4285714285714285
ST-015,2024-04-09 16:00:00,0.5,0.2679363047014644,0.48040678492507755,0.4976958936823066,0.49258457187511856,0.49258457187511856,gradient_boosting,0.5693,optimized_balanced_pricing,0.35,0.6265714285714288
ST-017,2024-04-09 16:00:00,0.5,0.2679363047014644,0.49556530014630273,0.49940989299384464,0.4950351962121718,0.4950351962121718,gradient_boosting,0.574,optimized_balanced_pricing,0.35,0.6399999999999999
ST-017,2024-04-09 17:00:00,0.25,0.2864583333333333,0.24626804214318732,0.25,0.2508360914251785,0.2508360914251785,gradient_boosting,0.2,optimized_offpeak_growth,0.35,-0.4285714285714285
ST-005,2024-04-09 17:00:00,0.5,0.2864583333333333,0.4967083112099648,0.4999738004104456,0.5008190827680908,0.5008190827680908,gradient_boosting,0.5849,optimized_balanced_pricing,0.35,0.6711428571428573
ST-018,2024-04-09 17:00:00,0.25,0.2864583333333333,0.26177840104855454,0.25,0.25055455128441534,0.25055455128441534,gradient_boosting,0.2,optimized_offpeak_growth,0.35,-0.4285714285714285
ST-005,2024-04-09 18:00:00,0.25,0.2808219178082192,0.25263115314996254,0.25,0.25039540609741134,0.25039540609741134,gradient_boosting,0.2,optimized_offpeak_growth,0.35,-0.4285714285714285
ST-007,2024-04-09 18:00:00,0.25,0.2808219178082192,0.26278593476250495,0.25,0.2509431238443616,0.2509431238443616,gradient_boosting,0.2,optimized_offpeak_growth,0.35,-0.4285714285714285
ST-001,2024-04-09 20:00:00,0.75,0.3029411764705882,0.7718180272383539,0.7499925812105951,0.7523496490611045,0.7523496490611045,gradient_boosting,0.6,optimized_balanced_pricing,0.35,0.7142857142857144
ST-017,2024-04-09 20:00:00,0.25,0.3029411764705882,0.24986340036898724,0.25,0.25051589622474646,0.25051589622474646,gradient_boosting,0.2,optimized_offpeak_growth,0.35,-0.4285714285714285
ST-004,2024-04-09 20:00:00,0.25,0.3029411764705882,0.2621137001768922,0.25,0.2510015540243986,0.2510015540243986,gradient_boosting,0.2,optimized_offpeak_growth,0.35,-0.4285714285714285
ST-006,2024-04-09 20:00:00,0.5,0.3029411764705882,0.5033186912941207,0.4999788144418464,0.5008190827680908,0.5008190827680908,gradient_boosting,0.5849,optimized_balanced_pricing,0.35,0.6711428571428573
ST-007,2024-04-09 20:00:00,0.25,0.3029411764705882,0.24507552544868563,0.25,0.2506089618499744,0.2506089618499744,gradient_boosting,0.2,optimized_offpeak_growth,0.35,-0.4285714285714285
ST-014,2024-04-09 20:00:00,0.25,0.3029411764705882,0.2451914864724127,0.25,0.25051589622474646,0.25051589622474646,gradient_boosting,0.2,optimized_offpeak_growth,0.35,-0.4285714285714285
ST-001,2024-04-09 21:00:00,0.25,0.2846153846153846,0.2523120146545052,0.25,0.24998775492021427,0.24998775492021427,gradient_boosting,0.2,optimized_offpeak_growth,0.35,-0.4285714285714285
ST-014,2024-04-09 21:00:00,0.75,0.2846153846153846,0.7289765661349054,0.7499161283856512,0.7419518888256439,0.7419518888256439,gradient_boosting,0.6,optimized_balanced_pricing,0.35,0.7142857142857144
ST-013,2024-04-09 21:00:00,0.25,0.2846153846153846,0.24261265983349867,0.25,0.25062404965895185,0.25062404965895185,gradient_boosting,0.2,optimized_offpeak_growth,0.35,-0.4285714285714285
ST-010,2024-04-09 21:00:00,0.25,0.2846153846153846,0.24519126592320112,0.25,0.25051589622474646,0.25051589622474646,gradient_boosting,0.2,optimized_offpeak_growth,0.35,-0.4285714285714285
ST-002,2024-04-09 21:00:00,0.25,0.2846153846153846,0.24901404996159093,0.25,0.25060264443775826,0.25060264443775826,gradient_boosting,0.2,optimized_offpeak_growth,0.35,-0.4285714285714285
ST-005,2024-04-09 21:00:00,0.25,0.2846153846153846,0.2645908266813833,0.25,0.25055455128441534,0.25055455128441534,gradient_boosting,0.2,optimized_offpeak_growth,0.35,-0.4285714285714285
ST-018,2024-04-09 22:00:00,0.25,0.29512511025143323,0.23807800620634878,0.25,0.2502559153653826,0.2502559153653826,gradient_boosting,0.2,optimized_offpeak_growth,0.35,-0.4285714285714285
ST-009,2024-04-09 22:00:00,0.25,0.29512511025143323,0.23516790531821605,0.25,0.25029124082516296,0.25029124082516296,gradient_boosting,0.2,optimized_offpeak_growth,0.35,-0.4285714285714285
ST-003,2024-04-09 22:00:00,0.5,0.29512511025143323,0.477097175413013,0.48403364484594125,0.4896756284042377,0.4896756284042377,gradient_boosting,0.5637,optimized_balanced_pricing,0.35,0.6105714285714285
ST-014,2024-04-09 22:00:00,0.25,0.29512511025143323,0.23507709516579342,0.25,0.25016916715237075,0.25016916715237075,gradient_boosting,0.2,optimized_offpeak_growth,0.35,-0.4285714285714285
ST-015,2024-04-09 23:00:00,0.5,0.26021282049464345,0.4777242408624352,0.492164175684742,0.49240502215604515,0.49240502215604515,gradient_boosting,0.5689,optimized_balanced_pricing,0.35,0.6254285714285714
ST-018,2024-04-09 23:00:00,0.25,0.26021282049464345,0.234244781171493,0.24860970672833185,0.24932472542412767,0.24932472542412767,gradient_boosting,0.2,optimized_offpeak_growth,0.35,-0.4285714285714285
ST-014,2024-04-09 23:00:00,0.25,0.26021282049464345,0.24255601272830954,0.25,0.25002947580476786,0.25002947580476786,gradient_boosting,0.2,optimized_offpeak_growth,0.35,-0.4285714285714285
ST-004,2024-04-09 23:00:00,0.24323828281895835,0.26021282049464345,0.23235617699706954,0.23123740925550712,0.2385677523316064,0.2385677523316064,gradient_boosting,0.2,optimized_offpeak_growth,0.35,-0.4285714285714285
ST-016,2024-04-09 23:00:00,0.25,0.26021282049464345,0.2363947816330353,0.25,0.2501162240177797,0.2501162240177797,gradient_boosting,0.2,optimized_offpeak_growth,0.35,-0.4285714285714285
ST-012,2024-04-10 00:00:00,0.2669315084234028,0.27167488288439784,0.46340199414618577,0.31716225671036075,0.3481496486052863,0.3481496486052863,gradient_boosting,0.2,optimized_balanced_pricing,0.35,-0.4285714285714285
ST-004,2024-04-10 00:00:00,0.25,0.27167488288439784,0.23459838079652617,0.25,0.2505764577173412,0.2505764577173412,gradient_boosting,0.2,optimized_offpeak_growth,0.35,-0.4285714285714285
ST-008,2024-04-10 00:00:00,0.18457618253875,0.27167488288439784,0.22974214804595333,0.1931291261483824,0.19154932529772714,0.19154932529772714,gradient_boosting,0.2,optimized_offpeak_growth,0.35,-0.4285714285714285
ST-006,2024-04-10 00:00:00,0.25,0.27167488288439784,0.23649751452538204,0.25,0.2502126902377996,0.2502126902377996,gradient_boosting,0.2,optimized_offpeak_growth,0.35,-0.4285714285714285
ST-018,2024-04-10 00:00:00,0.13604946303673612,0.27167488288439784,0.23059686788702613,0.17763845614054827,0.18688831499585934,0.18688831499585934,gradient_boosting,0.2,optimized_offpeak_growth,0.35,-0.4285714285714285
ST-003,2024-04-10 00:00:00,0.5,0.27167488288439784,0.4806616962694095,0.4909751427017623,0.4929385475420046,0.4929385475420046,gradient_boosting,0.57,optimized_balanced_pricing,0.35,0.6285714285714286
ST-008,2024-04-10 01:00:00,0.45740657879270835,0.2810971330324249,0.4791404673169374,0.4835608678514343,0.49398108735479307,0.49398108735479307,gradient_boosting,0.572,optimized_balanced_pricing,0.35,0.6342857142857143
ST-010,2024-04-10 01:00:00,0.25,0.2810971330324249,0.24275976644383845,0.25,0.25003712473553813,0.25003712473553813,gradient_boosting,0.2,optimized_offpeak_growth,0.35,-0.4285714285714285
ST-015,2024-04-10 01:00:00,0.25,0.2810971330324249,0.2359086735206982,0.25,0.25003712473553813,0.25003712473553813,gradient_boosting,0.2,optimized_offpeak_growth,0.35,-0.4285714285714285
ST-002,2024-04-10 02:00:00,0.25,0.27563401498196693,0.23625560017978367,0.25,0.2502495979531665,0.2502495979531665,gradient_boosting,0.2,optimized_offpeak_growth,0.35,-0.4285714285714285
ST-018,2024-04-10 02:00:00,0.25,0.27563401498196693,0.24421481873521483,0.25,0.25033786654753787,0.25033786654753787,gradient_boosting,0.2,optimized_offpeak_growth,0.35,-0.4285714285714285
ST-005,2024-04-10 02:00:00,0.25,0.27563401498196693,0.24910982863547243,0.25,0.2502559153653826,0.2502559153653826,gradient_boosting,0.2,optimized_offpeak_growth,0.35,-0.4285714285714285
ST-017,2024-04-10 02:00:00,0.25,0.27563401498196693,0.24474531354442652,0.25,0.2506244665576761,0.2506244665576761,gradient_boosting,0.2,optimized_offpeak_growth,0.35,-0.4285714285714285
ST-008,2024-04-10 02:00:00,0.25,0.27563401498196693,0.23352910068318428,0.25,0.2502559153653826,0.2502559153653826,gradient_boosting,0.2,optimized_offpeak_growth,0.35,-0.4285714285714285
ST-015,2024-04-10 02:00:00,0.25,0.27563401498196693,0.23966184325230416,0.25,0.2500360422006034,0.2500360422006034,gradient_boosting,0.2,optimized_offpeak_growth,0.35,-0.4285714285714285
ST-015,2024-04-10 03:00:00,0.5,0.27588028509039003,0.4805247774117307,0.49755439350554054,0.4922205582756285,0.4922205582756285,gradient_boosting,0.5686,optimized_balanced_pricing,0.35,0.6245714285714286
ST-007,2024-04-10 03:00:00,0.25,0.27588028509039003,0.24041531460691307,0.25,0.2501628497401546,0.2501628497401546,gradient_boosting,0.2,optimized_offpeak_growth,0.35,-0.4285714285714285
ST-012,2024-04-10 03:00:00,0.25,0.27588028509039003,0.23850410854004453,0.25,0.25022202654598064,0.25022202654598064,gradient_boosting,0.2,optimized_offpeak_growth,0.35,-0.4285714285714285
ST-016,2024-04-10 04:00:00,0.25,0.2849889985175625,0.25844999241827504,0.25,0.2504489272429868,0.2504489272429868,gradient_boosting,0.2,optimized_offpeak_growth,0.35,-0.4285714285714285
ST-014,2024-04-10 04:00:00,0.5,0.2849889985175625,0.48433838732810985,0.4995966877857849,0.4954100648166815,0.4954100648166815,gradient_boosting,0.5747,optimized_balanced_pricing,0.35,0.6420000000000001
ST-008,2024-04-10 04:00:00,0.25,0.2849889985175625,0.24716251403056658,0.25,0.2500959863669768,0.2500959863669768,gradient_boosting,0.2,optimized_offpeak_growth,0.35,-0.4285714285714285
ST-004,2024-04-10 05:00:00,0.25,0.27224224844295697,0.23370443771352817,0.248906602316742,0.24939123598633653,0.24939123598633653,gradient_boosting,0.2,optimized_offpeak_growth,0.35,-0.4285714285714285
ST-008,2024-04-10 05:00:00,0.25,0.27224224844295697,0.2364058814664719,0.25,0.2500959863669768,0.2500959863669768,gradient_boosting,0.2,optimized_offpeak_growth,0.35,-0.4285714285714285
ST-015,2024-04-10 05:00:00,0.25,0.27224224844295697,0.241944095094799,0.25,0.2501023037791929,0.2501023037791929,gradient_boosting,0.2,optimized_offpeak_growth,0.35,-0.4285714285714285
ST-011,2024-04-10 05:00:00,0.25,0.27224224844295697,0.23747310080904538,0.25,0.25018273457998863,0.25018273457998863,gradient_boosting,0.2,optimized_offpeak_growth,0.35,-0.4285714285714285
ST-010,2024-04-10 05:00:00,0.25,0.27224224844295697,0.23197889011049322,0.23245072856303678,0.23849457154621242,0.23849457154621242,gradient_boosting,0.2,optimized_offpeak_growth,0.35,-0.4285714285714285
ST-007,2024-04-10 05:00:00,0.25,0.27224224844295697,0.236157581715634,0.25,0.25055760318449827,0.25055760318449827,gradient_boosting,0.2,optimized_offpeak_growth,0.35,-0.4285714285714285
ST-001,2024-04-10 05:00:00,0.25,0.27224224844295697,0.2316140794054143,0.1896260879143453,0.19168158998295576,0.19168158998295576,gradient_boosting,0.2,optimized_offpeak_growth,0.35,-0.4285714285714285
ST-013,2024-04-10 05:00:00,0.25,0.27224224844295697,0.24718204136745808,0.25,0.25018273457998863,0.25018273457998863,gradient_boosting,0.2,optimized_offpeak_growth,0.35,-0.4285714285714285
ST-016,2024-04-10 06:00:00,0.25,0.2738025777322039,0.23499089014992883,0.25,0.25063078396989225,0.25063078396989225,gradient_boosting,0.2,optimized_offpeak_growth,0.35,-0.4285714285714285
ST-008,2024-04-10 06:00:00,0.25,0.2738025777322039,0.23330698994481538,0.25,0.2508537814685649,0.2508537814685649,gradient_boosting,0.2,optimized_offpeak_growth,0.35,-0.4285714285714285
ST-012,2024-04-10 06:00:00,0.25,0.2738025777322039,0.2377499451676154,0.25,0.2502495979531665,0.2502495979531665,gradient_boosting,0.2,optimized_offpeak_growth,0.35,-0.4285714285714285
ST-014,2024-04-10 06:00:00,0.25,0.2738025777322039,0.23497954315346603,0.25,0.2502559153653826,0.2502559153653826,gradient_boosting,0.2,optimized_offpeak_growth,0.35,-0.4285714285714285
ST-002,2024-04-10 06:00:00,0.25,0.2738025777322039,0.23548076325597145,0.25,0.2500959863669768,0.2500959863669768,gradient_boosting,0.2,optimized_offpeak_growth,0.35,-0.4285714285714285
ST-011,2024-04-10 06:00:00,0.25,0.2738025777322039,0.23480357265730606,0.25,0.2502495979531665,0.2502495979531665,gradient_boosting,0.2,optimized_offpeak_growth,0.35,-0.4285714285714285
ST-013,2024-04-10 06:00:00,0.25,0.2738025777322039,0.23220608241523766,0.24908650134106008,0.2481273687360901,0.2481273687360901,gradient_boosting,0.2,optimized_offpeak_growth,0.35,-0.4285714285714285
ST-004,2024-04-10 07:00:00,0.25,0.2873134328358209,0.2438380806852669,0.25,0.2503890886851952,0.2503890886851952,gradient_boosting,0.2,optimized_offpeak_growth,0.35,-0.4285714285714285
ST-008,2024-04-10 07:00:00,0.25,0.2873134328358209,0.24968646488169316,0.25,0.25060264443775826,0.25060264443775826,gradient_boosting,0.2,optimized_offpeak_growth,0.35,-0.4285714285714285
ST-007,2024-04-10 07:00:00,0.25,0.2873134328358209,0.245966187138958,0.25,0.25060264443775826,0.25060264443775826,gradient_boosting,0.2,optimized_offpeak_growth,0.35,-0.4285714285714285
ST-015,2024-04-10 07:00:00,0.25,0.2873134328358209,0.24296971475322982,0.25,0.2503890886851952,0.2503890886851952,gradient_boosting,0.2,optimized_offpeak_growth,0.35,-0.4285714285714285
ST-009,2024-04-10 07:00:00,0.25,0.2873134328358209,0.2529808607267826,0.25,0.25051589622474646,0.25051589622474646,gradient_boosting,0.2,optimized_offpeak_growth,0.35,-0.4285714285714285
ST-013,2024-04-10 07:00:00,0.25,0.2873134328358209,0.24540523172412143,0.25,0.25051589622474646,0.25051589622474646,gradient_boosting,0.2,optimized_offpeak_growth,0.35,-0.4285714285714285
ST-014,2024-04-10 08:00:00,0.5,0.29577464788732394,0.5078067694139191,0.49987089869200707,0.5010022977492918,0.5010022977492918,gradient_boosting,0.5852,optimized_balanced_pricing,0.35,0.6720000000000002
ST-002,2024-04-10 08:00:00,0.5,0.29577464788732394,0.48330353626912165,0.49923056562398205,0.49553535631283563,0.49553535631283563,gradient_boosting,0.5749,optimized_balanced_pricing,0.35,0.6425714285714286
ST-007,2024-04-10 08:00:00,0.25,0.29577464788732394,0.2597878075082065,0.25,0.2507681070369784,0.2507681070369784,gradient_boosting,0.2,optimized_offpeak_growth,0.35,-0.4285714285714285
ST-012,2024-04-10 08:00:00,0.25,0.29577464788732394,0.24447315973281794,0.25,0.25051589622474646,0.25051589622474646,gradient_boosting,0.2,optimized_offpeak_growth,0.35,-0.4285714285714285
ST-006,2024-04-10 08:00:00,0.25,0.29577464788732394,0.24542100063605854,0.25,0.25060264443775826,0.25060264443775826,gradient_boosting,0.2,optimized_offpeak_growth,0.35,-0.4285714285714285
ST-018,2024-04-10 08:00:00,0.25,0.29577464788732394,0.24632460446551357,0.25,0.25051589622474646,0.25051589622474646,gradient_boosting,0.2,optimized_offpeak_growth,0.35,-0.4285714285714285
ST-015,2024-04-10 08:00:00,0.25,0.29577464788732394,0.2495424969260555,0.25,0.25060264443775826,0.25060264443775826,gradient_boosting,0.2,optimized_offpeak_growth,0.35,-0.4285714285714285
ST-018,2024-04-10 09:00:00,0.25,0.3181818181818182,0.25495973794208615,0.25,0.25060264443775826,0.25060264443775826,gradient_boosting,0.2,optimized_offpeak_growth,0.35,-0.4285714285714285
ST-008,2024-04-10 09:00:00,0.25,0.3181818181818182,0.24055985538961075,0.25,0.25051589622474646,0.25051589622474646,gradient_boosting,0.2,optimized_offpeak_growth,0.35,-0.4285714285714285
ST-007,2024-04-10 09:00:00,0.25,0.3181818181818182,0.2435198563506523,0.25,0.2506089618499744,0.2506089618499744,gradient_boosting,0.2,optimized_offpeak_growth,0.35,-0.4285714285714285
ST-004,2024-04-10 09:00:00,0.25,0.3181818181818182,0.25538770435923636,0.25,0.25051589622474646,0.25051589622474646,gradient_boosting,0.2,optimized_offpeak_growth,0.35,-0.4285714285714285
ST-013,2024-04-10 09:00:00,0.25,0.3181818181818182,0.23850563173781117,0.2444400203244535,0.24679313604944061,0.24679313604944061,gradient_boosting,0.2,optimized_offpeak_growth,0.35,-0.4285714285714285
ST-014,2024-04-10 10:00:00,0.25,0.3116883116883117,0.23636671091189293,0.25,0.2504830449405867,0.2504830449405867,gradient_boosting,0.2,optimized_offpeak_growth,0.35,-0.4285714285714285
ST-008,2024-04-10 10:00:00,0.25,0.3116883116883117,0.24806085879225892,0.25,0.2502495979531665,0.2502495979531665,gradient_boosting,0.2,optimized_offpeak_growth,0.35,-0.4285714285714285
ST-003,2024-04-10 10:00:00,0.25,0.3116883116883117,0.2397001390983051,0.25,0.2502559153653826,0.2502559153653826,gradient_boosting,0.2,optimized_offpeak_growth,0.35,-0.4285714285714285
ST-017,2024-04-10 10:00:00,0.25,0.3116883116883117,0.24983882536539687,0.25,0.2500360422006034,0.2500360422006034,gradient_boosting,0.2,optimized_offpeak_growth,0.35,-0.4285714285714285
ST-004,2024-04-10 10:00:00,0.5,0.3116883116883117,0.5051733045136407,0.4968589819907918,0.49583139374661955,0.49583139374661955,gradient_boosting,0.5755,optimized_balanced_pricing,0.35,0.6442857142857144
ST-012,2024-04-10 11:00:00,0.5,0.3019449863523916,0.483849366616518,0.49900616445962526,0.49397030395099334,0.49397030395099334,gradient_boosting,0.5719,optimized_balanced_pricing,0.35,0.6339999999999999
ST-018,2024-04-10 11:00:00,0.08500824485347222,0.3019449863523916,0.22834248204953583,0.07446661976862153,0.07874874760939424,0.07874874760939424,gradient_boosting,0.2,optimized_offpeak_growth,0.35,-0.4285714285714285
ST-004,2024-04-10 11:00:00,0.12765129670569444,0.3019449863523916,0.22904083495527713,0.17606073114577295,0.17754741338890573,0.17754741338890573,gradient_boosting,0.2,optimized_offpeak_growth,0.35,-0.4285714285714285
ST-017,2024-04-10 11:00:00,0.19316881113444442,0.3019449863523916,0.2312177226210837,0.24052619173033365,0.2386545005446182,0.2386545005446182,gradient_boosting,0.2,optimized_offpeak_growth,0.35,-0.4285714285714285
ST-010,2024-04-10 11:00:00,0.25,0.3019449863523916,0.24934230480916747,0.25,0.25076006420711644,0.25076006420711644,gradient_boosting,0.2,optimized_offpeak_growth,0.35,-0.4285714285714285
ST-002,2024-04-10 11:00:00,0.25,0.3019449863523916,0.237053273504604,0.25,0.2502495979531665,0.2502495979531665,gradient_boosting,0.2,optimized_offpeak_growth,0.35,-0.4285714285714285
ST-013,2024-04-10 11:00:00,0.25,0.3019449863523916,0.24215569443794333,0.25,0.25020214170614663,0.25020214170614663,gradient_boosting,0.2,optimized_offpeak_growth,0.35,-0.4285714285714285
ST-009,2024-04-10 12:00:00,0.20694729585444444,0.26305485190130184,0.22929398341873125,0.09437010791728649,0.10301468249543257,0.10301468249543257,gradient_boosting,0.2,optimized_offpeak_growth,0.35,-0.4285714285714285
ST-005,2024-04-10 12:00:00,0.25,0.26305485190130184,0.24197663049513768,0.25,0.2502559153653826,0.2502559153653826,gradient_boosting,0.2,optimized_offpeak_growth,0.35,-0.4285714285714285
ST-012,2024-04-10 12:00:00,0.5,0.26305485190130184,0.4831101348466916,0.49936050872901133,0.4941901771157725,0.4941901771157725,gradient_boosting,0.5724,optimized_balanced_pricing,0.35,0.6354285714285717
ST-004,2024-04-10 12:00:00,0.25,0.26305485190130184,0.2512977916657196,0.25,0.25039428941948677,0.25039428941948677,gradient_boosting,0.2,optimized_offpeak_growth,0.35,-0.4285714285714285
ST-013,2024-04-10 13:00:00,0.25,0.24084683569331242,0.23263734879510334,0.24842976074156933,0.2485486740102447,0.2485486740102447,gradient_boosting,0.2,optimized_offpeak_growth,0.35,-0.4285714285714285
ST-014,2024-04-10 13:00:00,0.25,0.24084683569331242,0.2510357817583434,0.25,0.2502495979531665,0.2502495979531665,gradient_boosting,0.2,optimized_offpeak_growth,0.35,-0.4285714285714285
ST-009,2024-04-10 13:00:00,0.5,0.24084683569331242,0.4833669528757329,0.4970243772959224,0.49664959663790337,0.49664959663790337,gradient_boosting,0.577,optimized_balanced_pricing,0.35,0.6485714285714286
ST-017,2024-04-10 13:00:00,0.5,0.24084683569331242,0.49353957425437245,0.4770960487772274,0.4970393163289973,0.4970393163289973,gradient_boosting,0.5778,optimized_balanced_pricing,0.35,0.6508571428571428
ST-012,2024-04-10 13:00:00,0.25,0.24084683569331242,0.24964861301384414,0.25,0.25063078396989225,0.25063078396989225,gradient_boosting,0.2,optimized_offpeak_growth,0.35,-0.4285714285714285
ST-011,2024-04-10 13:00:00,0.25,0.24084683569331242,0.2460983757025599,0.25,0.2500360422006034,0.2500360422006034,gradient_boosting,0.2,optimized_offpeak_growth,0.35,-0.4285714285714285
ST-001,2024-04-10 13:00:00,0.0625,0.24084683569331242,0.23003828110526212,0.08055471602963331,0.09601835316003585,0.09601835316003585,gradient_boosting,0.2,optimized_offpeak_growth,0.35,-0.4285714285714285
ST-001,2024-04-10 14:00:00,0.5,0.29282661727983333,0.4950114328464861,0.49836205942054124,0.4971260645420091,0.4971260645420091,gradient_boosting,0.5779,optimized_balanced_pricing,0.35,0.6511428571428572
ST-003,2024-04-10 14:00:00,0.75,0.29282661727983333,0.748754434363658,0.7406652352357942,0.7335510932216982,0.7335510932216982,gradient_boosting,0.6,optimized_balanced_pricing,0.35,0.7142857142857144
ST-011,2024-04-10 14:00:00,0.25,0.29282661727983333,0.24196873516335202,0.25,0.2500360422006034,0.2500360422006034,gradient_boosting,0.2,optimized_offpeak_growth,0.35,-0.4285714285714285
ST-002,2024-04-10 14:00:00,0.25,0.29282661727983333,0.253015688033454,0.25,0.25013252439909167,0.25013252439909167,gradient_boosting,0.2,optimized_offpeak_growth,0.35,-0.4285714285714285
ST-005,2024-04-10 14:00:00,0.25,0.29282661727983333,0.2515504550729314,0.25,0.2502192726121035,0.2502192726121035,gradient_boosting,0.2,optimized_offpeak_growth,0.35,-0.4285714285714285
ST-018,2024-04-10 15:00:00,0.25,0.30996476280593077,0.24668490248884864,0.25,0.25033786654753787,0.25033786654753787,gradient_boosting,0.2,optimized_offpeak_growth,0.35,-0.4285714285714285
ST-001,2024-04-10 15:00:00,0.25,0.30996476280593077,0.23300321280857414,0.25,0.2502694891880236,0.2502694891880236,gradient_boosting,0.2,optimized_offpeak_growth,0.35,-0.4285714285714285
ST-004,2024-04-10 15:00:00,0.25,0.30996476280593077,0.23595314404584705,0.25,0.25016916715237075,0.25016916715237075,gradient_boosting,0.2,optimized_offpeak_growth,0.35,-0.4285714285714285
ST-015,2024-04-10 15:00:00,0.25,0.30996476280593077,0.23319443260356237,0.24989108441426375,0.24937135114650258,0.24937135114650258,gradient_boosting,0.2,optimized_offpeak_growth,0.35,-0.4285714285714285
ST-013,2024-04-10 16:00:00,0.5,0.2833160472941772,0.47179357382409437,0.4854803397966327,0.4727057529061087,0.4727057529061087,gradient_boosting,0.5294,optimized_balanced_pricing,0.35,0.5125714285714287
ST-011,2024-04-10 16:00:00,0.25,0.2833160472941772,0.24469679090845722,0.25,0.2502495979531665,0.2502495979531665,gradient_boosting,0.2,optimized_offpeak_growth,0.35,-0.4285714285714285
ST-006,2024-04-10 16:00:00,0.25,0.2833160472941772,0.24163684411995798,0.25,0.2502495979531665,0.2502495979531665,gradient_boosting,0.2,optimized_offpeak_growth,0.35,-0.4285714285714285
ST-018,2024-04-10 16:00:00,0.25,0.2833160472941772,0.2426421226005352,0.25,0.2501628497401546,0.2501628497401546,gradient_boosting,0.2,optimized_offpeak_growth,0.35,-0.4285714285714285
ST-008,2024-04-10 16:00:00,0.25,0.2833160472941772,0.2366786666551295,0.25,0.2500423596128195,0.2500423596128195,gradient_boosting,0.2,optimized_offpeak_growth,0.35,-0.4285714285714285
ST-015,2024-04-10 16:00:00,0.25,0.2833160472941772,0.25757234213086433,0.25,0.2509105440605083,0.2509105440605083,gradient_boosting,0.2,optimized_offpeak_growth,0.35,-0.4285714285714285
ST-001,2024-04-10 17:00:00,0.25,0.28125,0.2504403139763231,0.25,0.25051589622474646,0.25051589622474646,gradient_boosting,0.2,optimized_offpeak_growth,0.35,-0.4285714285714285
ST-011,2024-04-10 17:00:00,0.25,0.28125,0.2471985561690455,0.25,0.25060264443775826,0.25060264443775826,gradient_boosting,0.2,optimized_offpeak_growth,0.35,-0.4285714285714285
ST-007,2024-04-10 17:00:00,0.25,0.28125,0.24105146717779502,0.25,0.25060264443775826,0.25060264443775826,gradient_boosting,0.2,optimized_offpeak_growth,0.35,-0.4285714285714285
ST-014,2024-04-10 17:00:00,0.25,0.28125,0.2583388424862721,0.25,0.2505786365089114,0.2505786365089114,gradient_boosting,0.2,optimized_offpeak_growth,0.35,-0.4285714285714285
ST-008,2024-04-10 18:00:00,0.25,0.30833333333333335,0.2648164326392224,0.25,0.2507681070369784,0.2507681070369784,gradient_boosting,0.2,optimized_offpeak_growth,0.35,-0.4285714285714285
ST-012,2024-04-10 18:00:00,0.25,0.30833333333333335,0.2412769435249448,0.25,0.2505222136369626,0.2505222136369626,gradient_boosting,0.2,optimized_offpeak_growth,0.35,-0.4285714285714285
ST-010,2024-04-10 18:00:00,0.25,0.30833333333333335,0.2610342279739863,0.25,0.2507744244491945,0.2507744244491945,gradient_boosting,0.2,optimized_offpeak_growth,0.35,-0.4285714285714285
ST-004,2024-04-10 18:00:00,0.25,0.30833333333333335,0.24831074996743427,0.25,0.2504490328515686,0.2504490328515686,gradient_boosting,0.2,optimized_offpeak_growth,0.35,-0.4285714285714285
ST-017,2024-04-10 18:00:00,0.25,0.30833333333333335,0.24213378674131966,0.25,0.2506089618499744,0.2506089618499744,gradient_boosting,0.2,optimized_offpeak_growth,0.35,-0.4285714285714285
ST-002,2024-04-10 18:00:00,0.25,0.30833333333333335,0.2480974935575769,0.25,0.25054209847679654,0.25054209847679654,gradient_boosting,0.2,optimized_offpeak_growth,0.35,-0.4285714285714285
ST-009,2024-04-10 18:00:00,0.25,0.30833333333333335,0.2536513596865475,0.25,0.2506089618499744,0.2506089618499744,gradient_boosting,0.2,optimized_offpeak_growth,0.35,-0.4285714285714285
ST-011,2024-04-10 18:00:00,0.25,0.30833333333333335,0.2424978087184939,0.25,0.25060264443775826,0.25060264443775826,gradient_boosting,0.2,optimized_offpeak_growth,0.35,-0.4285714285714285
ST-001,2024-04-10 18:00:00,0.5,0.30833333333333335,0.5071692864460875,0.49999789312396065,0.5009155495362801,0.5009155495362801,gradient_boosting,0.585,optimized_balanced_pricing,0.35,0.6714285714285715
ST-006,2024-04-10 19:00:00,0.25,0.29605263157894735,0.24827394230231137,0.25,0.2505357810645804,0.2505357810645804,gradient_boosting,0.2,optimized_offpeak_growth,0.35,-0.4285714285714285
ST-009,2024-04-10 19:00:00,0.25,0.29605263157894735,0.2615942367274411,0.25,0.2507681070369784,0.2507681070369784,gradient_boosting,0.2,optimized_offpeak_growth,0.35,-0.4285714285714285
ST-001,2024-04-10 19:00:00,0.25,0.29605263157894735,0.24983816145283683,0.25,0.25068247983898884,0.25068247983898884,gradient_boosting,0.2,optimized_offpeak_growth,0.35,-0.4285714285714285
ST-002,2024-04-10 19:00:00,0.5,0.29605263157894735,0.5151317047436136,0.49999789312396065,0.5023575445591328,0.5023575445591328,gradient_boosting,0.5877,optimized_balanced_pricing,0.35,0.6791428571428573
ST-010,2024-04-10 19:00:00,0.25,0.29605263157894735,0.24562021844698528,0.25,0.25054209847679654,0.25054209847679654,gradient_boosting,0.2,optimized_offpeak_growth,0.35,-0.4285714285714285
ST-005,2024-04-10 19:00:00,0.25,0.29605263157894735,0.2566767399017952,0.25,0.2503285427242335,0.2503285427242335,gradient_boosting,0.2,optimized_offpeak_growth,0.35,-0.4285714285714285
ST-012,2024-04-10 19:00:00,0.25,0.29605263157894735,0.24692704394795317,0.25,0.2505357810645804,0.2505357810645804,gradient_boosting,0.2,optimized_offpeak_growth,0.35,-0.4285714285714285
ST-003,2024-04-10 19:00:00,0.75,0.29605263157894735,0.7263754529450686,0.7469824506301234,0.7413369993081,0.7413369993081,gradient_boosting,0.6,optimized_balanced_pricing,0.35,0.7142857142857144
ST-007,2024-04-10 19:00:00,0.25,0.29605263157894735,0.2375497901653498,0.22130473384796628,0.21976278005870153,0.21976278005870153,gradient_boosting,0.2,optimized_offpeak_growth,0.35,-0.4285714285714285
ST-002,2024-04-10 20:00:00,0.25,0.29225352112676056,0.25174156612207915,0.25,0.25076922805200064,0.25076922805200064,gradient_boosting,0.2,optimized_offpeak_growth,0.35,-0.4285714285714285
ST-010,2024-04-10 20:00:00,0.25,0.29225352112676056,0.2486148899121366,0.25,0.2504490328515686,0.2504490328515686,gradient_boosting,0.2,optimized_offpeak_growth,0.35,-0.4285714285714285
ST-012,2024-04-10 20:00:00,0.25,0.29225352112676056,0.24370812646403472,0.25,0.25032222531201737,0.25032222531201737,gradient_boosting,0.2,optimized_offpeak_growth,0.35,-0.4285714285714285
ST-008,2024-04-10 20:00:00,0.25,0.29225352112676056,0.2619711880523822,0.25,0.2507744244491945,0.2507744244491945,gradient_boosting,0.2,optimized_offpeak_growth,0.35,-0.4285714285714285
ST-015,2024-04-10 20:00:00,0.25,0.29225352112676056,0.25347936583698266,0.25,0.25045535026378474,0.25045535026378474,gradient_boosting,0.2,optimized_offpeak_growth,0.35,-0.4285714285714285
ST-005,2024-04-10 21:00:00,0.25,0.2979452054794521,0.2694150996749783,0.25,0.2507744244491945,0.2507744244491945,gradient_boosting,0.2,optimized_offpeak_growth,0.35,-0.4285714285714285
ST-010,2024-04-10 21:00:00,0.25,0.2979452054794521,0.25955936889177167,0.25,0.25048557088368345,0.25048557088368345,gradient_boosting,0.2,optimized_offpeak_growth,0.35,-0.4285714285714285
ST-017,2024-04-10 21:00:00,0.25,0.2979452054794521,0.27145083789530716,0.25,0.2507681070369784,0.2507681070369784,gradient_boosting,0.2,optimized_offpeak_growth,0.35,-0.4285714285714285
ST-014,2024-04-10 21:00:00,0.5,0.2979452054794521,0.5258276652067486,0.4999106969067085,0.5012146823166976,0.5012146823166976,gradient_boosting,0.5856,optimized_balanced_pricing,0.35,0.6731428571428573
ST-007,2024-04-10 21:00:00,0.25,0.2979452054794521,0.25149477563163464,0.25,0.2504972421194006,0.2504972421194006,gradient_boosting,0.2,optimized_offpeak_growth,0.35,-0.4285714285714285
ST-002,2024-04-10 21:00:00,0.25,0.2979452054794521,0.2502667837242914,0.25,0.2504490328515686,0.2504490328515686,gradient_boosting,0.2,optimized_offpeak_growth,0.35,-0.4285714285714285
ST-007,2024-04-10 22:00:00,0.25,0.28665767951940385,0.23177377370487046,0.17132081176461075,0.17510944203649412,0.17510944203649412,gradient_boosting,0.2,optimized_offpeak_growth,0.35,-0.4285714285714285
ST-003,2024-04-10 22:00:00,0.5,0.28665767951940385,0.4770997494613952,0.46456164103503955,0.48641423508420667,0.48641423508420667,gradient_boosting,0.5573,optimized_balanced_pricing,0.35,0.5922857142857145
ST-001,2024-04-10 22:00:00,0.5,0.28665767951940385,0.4851236192980295,0.48630469979966773,0.4918758231639533,0.4918758231639533,gradient_boosting,0.5679,optimized_balanced_pricing,0.35,0.6225714285714286
ST-007,2024-04-10 23:00:00,0.25,0.25954079088773996,0.23637883583578967,0.25,0.2502243774519851,0.2502243774519851,gradient_boosting,0.2,optimized_offpeak_growth,0.35,-0.4285714285714285
ST-002,2024-04-10 23:00:00,0.11849946415,0.25954079088773996,0.2314319557824538,0.13950970434795243,0.15038058630765153,0.15038058630765153,gradient_boosting,0.2,optimized_offpeak_growth,0.35,-0.4285714285714285
ST-001,2024-04-10 23:00:00,0.25,0.25954079088773996,0.2385370291598193,0.25,0.2505639205967144,0.2505639205967144,gradient_boosting,0.2,optimized_offpeak_growth,0.35,-0.4285714285714285
ST-011,2024-04-11 00:00:00,0.23581214452972224,0.2950742118549403,0.23059201523272163,0.169302158162768,0.17524802017642938,0.17524802017642938,gradient_boosting,0.2,optimized_offpeak_growth,0.35,-0.4285714285714285
ST-010,2024-04-11 00:00:00,0.25,0.2950742118549403,0.24544900623693686,0.25,0.24998556066259547,0.24998556066259547,gradient_boosting,0.2,optimized_offpeak_growth,0.35,-0.4285714285714285
ST-009,2024-04-11 00:00:00,0.5,0.2950742118549403,0.4793222993031713,0.4867213782545852,0.491925403165025,0.491925403165025,gradient_boosting,0.568,optimized_balanced_pricing,0.35,0.6228571428571428
ST-008,2024-04-11 00:00:00,0.25,0.2950742118549403,0.22921609033583365,0.1756803793603425,0.18700695441484488,0.18700695441484488,gradient_boosting,0.2,optimized_offpeak_growth,0.35,-0.4285714285714285
ST-014,2024-04-11 00:00:00,0.25,0.2950742118549403,0.23737015694464567,0.25,0.24810317068279444,0.24810317068279444,gradient_boosting,0.2,optimized_offpeak_growth,0.35,-0.4285714285714285
ST-016,2024-04-11 01:00:00,0.5,0.27356137139296355,0.476785218444857,0.4913267780721375,0.48849201557735605,0.48849201557735605,gradient_boosting,0.5613,optimized_balanced_pricing,0.35,0.6037142857142859
ST-003,2024-04-11 01:00:00,0.25,0.27356137139296355,0.23652984063234106,0.25,0.2497567056097972,0.2497567056097972,gradient_boosting,0.2,optimized_offpeak_growth,0.35,-0.4285714285714285
ST-013,2024-04-11 01:00:00,0.25,0.27356137139296355,0.23815625203103938,0.25,0.24982356898297506,0.24982356898297506,gradient_boosting,0.2,optimized_offpeak_growth,0.35,-0.4285714285714285
ST-004,2024-04-11 01:00:00,0.25,0.27356137139296355,0.2416906129275267,0.25,0.2497567056097972,0.2497567056097972,gradient_boosting,0.2,optimized_offpeak_growth,0.35,-0.4285714285714285
ST-008,2024-04-11 01:00:00,0.25,0.27356137139296355,0.24553752989402028,0.25,0.2502121415429213,0.2502121415429213,gradient_boosting,0.2,optimized_offpeak_growth,0.35,-0.4285714285714285
ST-012,2024-04-11 01:00:00,0.25,0.27356137139296355,0.23681894741504486,0.25,0.25003712473553813,0.25003712473553813,gradient_boosting,0.2,optimized_offpeak_growth,0.35,-0.4285714285714285
ST-001,2024-04-11 02:00:00,0.25,0.28426901080369815,0.23707753644262755,0.25,0.2501628497401546,0.2501628497401546,gradient_boosting,0.2,optimized_offpeak_growth,0.35,-0.4285714285714285
ST-015,2024-04-11 02:00:00,0.25,0.28426901080369815,0.24031430861330708,0.25,0.25016916715237075,0.25016916715237075,gradient_boosting,0.2,optimized_offpeak_growth,0.35,-0.4285714285714285
ST-008,2024-04-11 02:00:00,0.5,0.28426901080369815,0.48924259022093475,0.49663429908362167,0.4948993588378062,0.4948993588378062,gradient_boosting,0.5737,optimized_balanced_pricing,0.35,0.6391428571428572
ST-004,2024-04-11 02:00:00,0.5,0.28426901080369815,0.5178888781242259,0.49845681890177085,0.4966004330451673,0.4966004330451673,gradient_boosting,0.5769,optimized_balanced_pricing,0.35,0.6482857142857144
ST-012,2024-04-11 02:00:00,0.5,0.28426901080369815,0.46936208254632894,0.4745483079802648,0.4674478340070661,0.4674478340070661,gradient_boosting,0.5183,optimized_balanced_pricing,0.35,0.48085714285714287
ST-014,2024-04-11 02:00:00,0.25,0.28426901080369815,0.24038872972510775,0.25,0.2501628497401546,0.2501628497401546,gradient_boosting,0.2,optimized_offpeak_growth,0.35,-0.4285714285714285
ST-012,2024-04-11 03:00:00,0.25,0.26309503380201765,0.24423434608949995,0.25,0.2500360422006034,0.2500360422006034,gradient_boosting,0.2,optimized_offpeak_growth,0.35,-0.4285714285714285
ST-007,2024-04-11 03:00:00,0.5,0.26309503380201765,0.4688331574607511,0.46939522524674526,0.465703594957183,0.465703594957183,gradient_boosting,0.5146,optimized_balanced_pricing,0.35,0.4702857142857142
ST-006,2024-04-11 03:00:00,0.25,0.26309503380201765,0.2401423578955557,0.25,0.2500360422006034,0.2500360422006034,gradient_boosting,0.2,optimized_offpeak_growth,0.35,-0.4285714285714285
ST-009,2024-04-11 03:00:00,0.25,0.26309503380201765,0.25734769908035904,0.25,0.2505419928682147,0.2505419928682147,gradient_boosting,0.2,optimized_offpeak_growth,0.35,-0.4285714285714285
ST-016,2024-04-11 03:00:00,0.25,0.26309503380201765,0.2334257501746167,0.25,0.2501628497401546,0.2501628497401546,gradient_boosting,0.2,optimized_offpeak_growth,0.35,-0.4285714285714285
ST-015,2024-04-11 03:00:00,0.5,0.26309503380201765,0.49276487638468186,0.49723360419451773,0.49443774202028473,0.49443774202028473,gradient_boosting,0.5728,optimized_balanced_pricing,0.35,0.6365714285714286
ST-013,2024-04-11 03:00:00,0.13931058173895833,0.26309503380201765,0.2298218827739424,0.1530379170110631,0.15541467008886373,0.15541467008886373,gradient_boosting,0.2,optimized_offpeak_growth,0.35,-0.4285714285714285
ST-004,2024-04-11 03:00:00,0.25,0.26309503380201765,0.23119212523317334,0.25,0.2485271369717712,0.2485271369717712,gradient_boosting,0.2,optimized_offpeak_growth,0.35,-0.4285714285714285
ST-009,2024-04-11 04:00:00,0.1664813526754861,0.29941486754010016,0.23006186011964075,0.21894442164871963,0.2095874390937025,0.2095874390937025,gradient_boosting,0.2,optimized_offpeak_growth,0.35,-0.4285714285714285
ST-006,2024-04-11 04:00:00,0.25,0.29941486754010016,0.23499799007796937,0.25,0.2502495979531665,0.2502495979531665,gradient_boosting,0.2,optimized_offpeak_growth,0.35,-0.4285714285714285
ST-016,2024-04-11 04:00:00,0.25,0.29941486754010016,0.2370986580323981,0.25,0.2502495979531665,0.2502495979531665,gradient_boosting,0.2,optimized_offpeak_growth,0.35,-0.4285714285714285
ST-018,2024-04-11 04:00:00,0.25,0.29941486754010016,0.2445291041593047,0.25,0.2502495979531665,0.2502495979531665,gradient_boosting,0.2,optimized_offpeak_growth,0.35,-0.4285714285714285
ST-005,2024-04-11 05:00:00,0.25,0.30916629595744033,0.2558042894196032,0.25,0.250682374230407,0.250682374230407,gradient_boosting,0.2,optimized_offpeak_growth,0.35,-0.4285714285714285
ST-018,2024-04-11 05:00:00,0.25,0.30916629595744033,0.25610700731555724,0.25,0.2504489272429868,0.2504489272429868,gradient_boosting,0.2,optimized_offpeak_growth,0.35,-0.4285714285714285
ST-003,2024-04-11 05:00:00,0.25,0.30916629595744033,0.2514980563311282,0.25,0.25000571685954043,0.25000571685954043,gradient_boosting,0.2,optimized_offpeak_growth,0.35,-0.4285714285714285
ST-002,2024-04-11 05:00:00,0.25,0.30916629595744033,0.2503651001883532,0.25,0.2503075412064749,0.2503075412064749,gradient_boosting,0.2,optimized_offpeak_growth,0.35,-0.4285714285714285
ST-011,2024-04-11 05:00:00,0.25,0.30916629595744033,0.24803443556135352,0.25,0.2502110590079866,0.2502110590079866,gradient_boosting,0.2,optimized_offpeak_growth,0.35,-0.4285714285714285
ST-018,2024-04-11 06:00:00,0.25,0.2631971711331652,0.24152449598534032,0.25,0.25016916715237075,0.25016916715237075,gradient_boosting,0.2,optimized_offpeak_growth,0.35,-0.4285714285714285
ST-012,2024-04-11 06:00:00,0.25,0.2631971711331652,0.2536929272100947,0.25,0.2504489272429868,0.2504489272429868,gradient_boosting,0.2,optimized_offpeak_growth,0.35,-0.4285714285714285
ST-013,2024-04-11 06:00:00,0.25,0.2631971711331652,0.2478376449870532,0.25,0.2504246147605497,0.2504246147605497,gradient_boosting,0.2,optimized_offpeak_growth,0.35,-0.4285714285714285
ST-011,2024-04-11 06:00:00,0.25,0.2631971711331652,0.24062596392971997,0.25,0.25063078396989225,0.25063078396989225,gradient_boosting,0.2,optimized_offpeak_growth,0.35,-0.4285714285714285
ST-014,2024-04-11 07:00:00,0.25,0.2881944444444444,0.2352232300928041,0.21927102965941236,0.21061346475219145,0.21061346475219145,gradient_boosting,0.2,optimized_offpeak_growth,0.35,-0.4285714285714285
ST-008,2024-04-11 07:00:00,0.25,0.2881944444444444,0.24289177265083764,0.25,0.2506089618499744,0.2506089618499744,gradient_boosting,0.2,optimized_offpeak_growth,0.35,-0.4285714285714285
ST-013,2024-04-11 07:00:00,0.25,0.2881944444444444,0.24368421239879665,0.25,0.2506089618499744,0.2506089618499744,gradient_boosting,0.2,optimized_offpeak_growth,0.35,-0.4285714285714285
ST-001,2024-04-11 07:00:00,0.25,0.2881944444444444,0.24345641988262884,0.25,0.25051589622474646,0.25051589622474646,gradient_boosting,0.2,optimized_offpeak_growth,0.35,-0.4285714285714285
ST-004,2024-04-11 07:00:00,0.25,0.2881944444444444,0.25415495132467225,0.25,0.25060264443775826,0.25060264443775826,gradient_boosting,0.2,optimized_offpeak_growth,0.35,-0.4285714285714285
ST-017,2024-04-11 07:00:00,0.25,0.2881944444444444,0.24529162484847822,0.25,0.2508360914251785,0.2508360914251785,gradient_boosting,0.2,optimized_offpeak_growth,0.35,-0.4285714285714285
ST-010,2024-04-11 07:00:00,0.25,0.2881944444444444,0.2505295393383243,0.25,0.25060264443775826,0.25060264443775826,gradient_boosting,0.2,optimized_offpeak_growth,0.35,-0.4285714285714285
ST-015,2024-04-11 07:00:00,0.25,0.2881944444444444,0.27238593261259036,0.25,0.25141774940682715,0.25141774940682715,gradient_boosting,0.2,optimized_offpeak_growth,0.35,-0.4285714285714285
ST-015,2024-04-11 08:00:00,0.25,0.290625,0.2499516093345606,0.25,0.2508360914251785,0.2508360914251785,gradient_boosting,0.2,optimized_offpeak_growth,0.35,-0.4285714285714285
ST-006,2024-04-11 08:00:00,0.25,0.290625,0.25106248883521487,0.25,0.25060264443775826,0.25060264443775826,gradient_boosting,0.2,optimized_offpeak_growth,0.35,-0.4285714285714285
ST-014,2024-04-11 08:00:00,0.25,0.290625,0.25211878108799834,0.25,0.25056410549257846,0.25056410549257846,gradient_boosting,0.2,optimized_offpeak_growth,0.35,-0.4285714285714285
ST-012,2024-04-11 08:00:00,0.25,0.290625,0.24312050147387695,0.25,0.2505222136369626,0.2505222136369626,gradient_boosting,0.2,optimized_offpeak_growth,0.35,-0.4285714285714285
ST-005,2024-04-11 09:00:00,0.25,0.27702702702702703,0.261474884738694,0.25,0.2506876762361827,0.2506876762361827,gradient_boosting,0.2,optimized_offpeak_growth,0.35,-0.4285714285714285
ST-003,2024-04-11 09:00:00,0.25,0.27702702702702703,0.24761274831564076,0.25,0.2506089618499744,0.2506089618499744,gradient_boosting,0.2,optimized_offpeak_growth,0.35,-0.4285714285714285
ST-001,2024-04-11 09:00:00,0.25,0.27702702702702703,0.2467578554123542,0.25,0.25060264443775826,0.25060264443775826,gradient_boosting,0.2,optimized_offpeak_growth,0.35,-0.4285714285714285
ST-010,2024-04-11 10:00:00,0.5,0.27816901408450706,0.4786409240164049,0.4876498033720462,0.4927113794146698,0.4927113794146698,gradient_boosting,0.5695,optimized_balanced_pricing,0.35,0.6271428571428572
ST-004,2024-04-11 10:00:00,0.75,0.27816901408450706,0.7406955561433086,0.7362778375792846,0.7330894764041768,0.7330894764041768,gradient_boosting,0.6,optimized_balanced_pricing,0.35,0.7142857142857144
ST-011,2024-04-11 10:00:00,0.25,0.27816901408450706,0.2468529856886939,0.25,0.2502495979531665,0.2502495979531665,gradient_boosting,0.2,optimized_offpeak_growth,0.35,-0.4285714285714285
ST-012,2024-04-11 10:00:00,0.25,0.27816901408450706,0.24529965317958768,0.25,0.2502495979531665,0.2502495979531665,gradient_boosting,0.2,optimized_offpeak_growth,0.35,-0.4285714285714285
ST-014,2024-04-11 11:00:00,0.25,0.2889100966052505,0.2333774324541806,0.2499812227442039,0.2502495979531665,0.2502495979531665,gradient_boosting,0.2,optimized_offpeak_growth,0.35,-0.4285714285714285
ST-010,2024-04-11 11:00:00,0.5,0.2889100966052505,0.4988578924058049,0.47571490207398587,0.4952247286055891,0.4952247286055891,gradient_boosting,0.5743,optimized_balanced_pricing,0.35,0.640857142857143
ST-004,2024-04-11 11:00:00,0.14180392358069446,0.2889100966052505,0.22861942469284896,0.15849986787630543,0.13657027010476325,0.13657027010476325,gradient_boosting,0.2,optimized_offpeak_growth,0.35,-0.4285714285714285
ST-009,2024-04-11 11:00:00,0.25,0.2889100966052505,0.23520274852308198,0.25,0.2504246147605497,0.2504246147605497,gradient_boosting,0.2,optimized_offpeak_growth,0.35,-0.4285714285714285
ST-011,2024-04-11 11:00:00,0.25,0.2889100966052505,0.236135271920605,0.25,0.2502559153653826,0.2502559153653826,gradient_boosting,0.2,optimized_offpeak_growth,0.35,-0.4285714285714285
ST-004,2024-04-11 12:00:00,0.25,0.27836231580437587,0.23921062404403656,0.25,0.25033786654753787,0.25033786654753787,gradient_boosting,0.2,optimized_offpeak_growth,0.35,-0.4285714285714285
ST-008,2024-04-11 12:00:00,0.25,0.27836231580437587,0.2347092590639368,0.24998396630704164,0.2502495979531665,0.2502495979531665,gradient_boosting,0.2,optimized_offpeak_growth,0.35,-0.4285714285714285
ST-015,2024-04-11 12:00:00,0.240267516145,0.27836231580437587,0.23244708597334168,0.24716339798319487,0.2481273687360901,0.2481273687360901,gradient_boosting,0.2,optimized_offpeak_growth,0.35,-0.4285714285714285
ST-011,2024-04-11 12:00:00,0.25,0.27836231580437587,0.23792421767500904,0.25,0.2502495979531665,0.2502495979531665,gradient_boosting,0.2,optimized_offpeak_growth,0.35,-0.4285714285714285
ST-014,2024-04-11 12:00:00,0.5,0.27836231580437587,0.49190481588172724,0.49116423400134923,0.49482164045960875,0.49482164045960875,gradient_boosting,0.5736,optimized_balanced_pricing,0.35,0.638857142857143
ST-005,2024-04-11 12:00:00,0.25,0.27836231580437587,0.23012735038424376,0.23306885667614355,0.23270179458522813,0.23270179458522813,gradient_boosting,0.2,optimized_offpeak_growth,0.35,-0.4285714285714285
ST-016,2024-04-11 12:00:00,0.25,0.27836231580437587,0.2371344158290538,0.25,0.2502495979531665,0.2502495979531665,gradient_boosting,0.2,optimized_offpeak_growth,0.35,-0.4285714285714285
ST-012,2024-04-11 12:00:00,0.25,0.27836231580437587,0.23351779330583872,0.25,0.2502495979531665,0.2502495979531665,gradient_boosting,0.2,optimized_offpeak_growth,0.35,-0.4285714285714285
ST-007,2024-04-11 13:00:00,0.25,0.27813733844522476,0.23960723763113015,0.25,0.2502495979531665,0.2502495979531665,gradient_boosting,0.2,optimized_offpeak_growth,0.35,-0.4285714285714285
ST-018,2024-04-11 13:00:00,0.25,0.27813733844522476,0.24090995383267547,0.25,0.2501628497401546,0.2501628497401546,gradient_boosting,0.2,optimized_offpeak_growth,0.35,-0.4285714285714285
ST-016,2024-04-11 13:00:00,0.25,0.27813733844522476,0.23725252630349192,0.25,0.2501628497401546,0.2501628497401546,gradient_boosting,0.2,optimized_offpeak_growth,0.35,-0.4285714285714285
ST-005,2024-04-11 13:00:00,0.0625,0.27813733844522476,0.2301528646520308,0.07934522024681552,0.09487923606123429,0.09487923606123429,gradient_boosting,0.2,optimized_offpeak_growth,0.35,-0.4285714285714285
ST-009,2024-04-11 13:00:00,0.25,0.27813733844522476,0.2380300274746421,0.25,0.2502495979531665,0.2502495979531665,gradient_boosting,0.2,optimized_offpeak_growth,0.35,-0.4285714285714285
ST-013,2024-04-11 13:00:00,0.25,0.27813733844522476,0.2379847080203209,0.25,0.2502495979531665,0.2502495979531665,gradient_boosting,0.2,optimized_offpeak_growth,0.35,-0.4285714285714285
ST-015,2024-04-11 13:00:00,0.25,0.27813733844522476,0.2578022305757413,0.25,0.2505749674219906,0.2505749674219906,gradient_boosting,0.2,optimized_offpeak_growth,0.35,-0.4285714285714285
ST-005,2024-04-11 14:00:00,0.5,0.2867333486815413,0.5012275219228925,0.4972080505754366,0.49722253131019845,0.49722253131019845,gradient_boosting,0.5781,optimized_balanced_pricing,0.35,0.6517142857142857
ST-004,2024-04-11 14:00:00,0.25,0.2867333486815413,0.23865092685375272,0.25,0.2501628497401546,0.2501628497401546,gradient_boosting,0.2,optimized_offpeak_growth,0.35,-0.4285714285714285
ST-013,2024-04-11 14:00:00,0.25,0.2867333486815413,0.23751804013565408,0.25,0.2501628497401546,0.2501628497401546,gradient_boosting,0.2,optimized_offpeak_growth,0.35,-0.4285714285714285
ST-001,2024-04-11 14:00:00,0.25,0.2867333486815413,0.24734919098394903,0.25,0.2501628497401546,0.2501628497401546,gradient_boosting,0.2,optimized_offpeak_growth,0.35,-0.4285714285714285
ST-014,2024-04-11 14:00:00,0.25,0.2867333486815413,0.2432253819526065,0.25,0.25016916715237075,0.25016916715237075,gradient_boosting,0.2,optimized_offpeak_growth,0.35,-0.4285714285714285
ST-012,2024-04-11 14:00:00,0.25,0.2867333486815413,0.23192945579403906,0.22763773046254485,0.22417211002843213,0.22417211002843213,gradient_boosting,0.2,optimized_offpeak_growth,0.35,-0.4285714285714285
ST-016,2024-04-11 15:00:00,0.25,0.3039174835162113,0.2323029403371374,0.23801500534989042,0.23843462737983898,0.23843462737983898,gradient_boosting,0.2,optimized_offpeak_growth,0.35,-0.4285714285714285
ST-007,2024-04-11 15:00:00,0.25,0.3039174835162113,0.2608654240186692,0.25,0.2505356754559986,0.2505356754559986,gradient_boosting,0.2,optimized_offpeak_growth,0.35,-0.4285714285714285
ST-010,2024-04-11 15:00:00,0.25,0.3039174835162113,0.23249196397457647,0.23613902239091336,0.2483608157235103,0.2483608157235103,gradient_boosting,0.2,optimized_offpeak_growth,0.35,-0.4285714285714285
ST-002,2024-04-11 15:00:00,0.75,0.3039174835162113,0.7354302760084931,0.733082838161291,0.7293829708640536,0.7293829708640536,gradient_boosting,0.6,optimized_balanced_pricing,0.35,0.7142857142857144
ST-016,2024-04-11 16:00:00,0.5,0.2966428871990171,0.4813913482787521,0.4974890647492322,0.4958415943735368,0.4958415943735368,gradient_boosting,0.5755,optimized_balanced_pricing,0.35,0.6442857142857144
ST-010,2024-04-11 16:00:00,0.3260533055372222,0.2966428871990171,0.4673847426925306,0.41703382754603835,0.4261392866991996,0.4261392866991996,gradient_boosting,0.4216,optimized_balanced_pricing,0.35,0.20457142857142863
ST-008,2024-04-11 17:00:00,0.25,0.28289473684210525,0.24324818212275862,0.25,0.2505357810645804,0.2505357810645804,gradient_boosting,0.2,optimized_offpeak_growth,0.35,-0.4285714285714285
ST-004,2024-04-11 17:00:00,0.25,0.28289473684210525,0.284480066238028,0.25,0.2519386761314529,0.2519386761314529,gradient_boosting,0.2,optimized_offpeak_growth,0.35,-0.4285714285714285
ST-012,2024-04-11 17:00:00,0.25,0.28289473684210525,0.25329961431860826,0.25,0.2506909130321297,0.2506909130321297,gradient_boosting,0.2,optimized_offpeak_growth,0.35,-0.4285714285714285
ST-006,2024-04-11 17:00:00,0.25,0.28289473684210525,0.25279140030672087,0.25,0.2505357810645804,0.2505357810645804,gradient_boosting,0.2,optimized_offpeak_growth,0.35,-0.4285714285714285
ST-017,2024-04-11 17:00:00,0.25,0.28289473684210525,0.2460639746285619,0.25,0.25060264443775826,0.25060264443775826,gradient_boosting,0.2,optimized_offpeak_growth,0.35,-0.4285714285714285
ST-015,2024-04-11 17:00:00,0.25,0.28289473684210525,0.23700026394982898,0.23697561262715228,0.2345007495414839,0.2345007495414839,gradient_boosting,0.2,optimized_offpeak_growth,0.35,-0.4285714285714285
ST-005,2024-04-11 18:00:00,0.25,0.3024193548387097,0.25193598763096064,0.25,0.2507493432121667,0.2507493432121667,gradient_boosting,0.2,optimized_offpeak_growth,0.35,-0.4285714285714285
ST-011,2024-04-11 18:00:00,0.25,0.3024193548387097,0.24648875372257942,0.25,0.25060264443775826,0.25060264443775826,gradient_boosting,0.2,optimized_offpeak_growth,0.35,-0.4285714285714285
ST-009,2024-04-11 18:00:00,0.25,0.3024193548387097,0.24397587701119236,0.25,0.25051589622474646,0.25051589622474646,gradient_boosting,0.2,optimized_offpeak_growth,0.35,-0.4285714285714285
ST-003,2024-04-11 18:00:00,0.25,0.3024193548387097,0.24160065802785946,0.25,0.25051589622474646,0.25051589622474646,gradient_boosting,0.2,optimized_offpeak_growth,0.35,-0.4285714285714285
ST-004,2024-04-11 18:00:00,0.25,0.3024193548387097,0.24269740026616385,0.25,0.25059800897954043,0.25059800897954043,gradient_boosting,0.2,optimized_offpeak_growth,0.35,-0.4285714285714285
ST-004,2024-04-11 19:00:00,0.5,0.3005952380952381,0.5116433968352296,0.49999789312396065,0.5010022977492918,0.5010022977492918,gradient_boosting,0.5852,optimized_balanced_pricing,0.35,0.6720000000000002
ST-009,2024-04-11 19:00:00,0.25,0.3005952380952381,0.25012437725354275,0.25,0.2504490328515686,0.2504490328515686,gradient_boosting,0.2,optimized_offpeak_growth,0.35,-0.4285714285714285
ST-008,2024-04-11 19:00:00,0.25,0.3005952380952381,0.25788934040951184,0.25,0.25057231909669525,0.25057231909669525,gradient_boosting,0.2,optimized_offpeak_growth,0.35,-0.4285714285714285
ST-006,2024-04-11 19:00:00,0.25,0.3005952380952381,0.24455427176064928,0.25,0.25032222531201737,0.25032222531201737,gradient_boosting,0.2,optimized_offpeak_growth,0.35,-0.4285714285714285
ST-003,2024-04-11 20:00:00,0.5,0.2916666666666667,0.5058278036319347,0.49994605359697797,0.5010022977492918,0.5010022977492918,gradient_boosting,0.5852,optimized_balanced_pricing,0.35,0.6720000000000002
ST-018,2024-04-11 20:00:00,0.25,0.2916666666666667,0.25359016380733096,0.25,0.2504490328515686,0.2504490328515686,gradient_boosting,0.2,optimized_offpeak_growth,0.35,-0.4285714285714285
ST-016,2024-04-11 20:00:00,0.25,0.2916666666666667,0.24273851864056364,0.25,0.25054209847679654,0.25054209847679654,gradient_boosting,0.2,optimized_offpeak_growth,0.35,-0.4285714285714285
ST-008,2024-04-11 20:00:00,0.25,0.2916666666666667,0.2519015813019256,0.25,0.25045535026378474,0.25045535026378474,gradient_boosting,0.2,optimized_offpeak_growth,0.35,-0.4285714285714285
ST-013,2024-04-11 20:00:00,0.25,0.2916666666666667,0.26380418725786536,0.25,0.2507681070369784,0.2507681070369784,gradient_boosting,0.2,optimized_offpeak_growth,0.35,-0.4285714285714285
ST-010,2024-04-11 20:00:00,0.25,0.2916666666666667,0.2731004666294506,0.25,0.2507681070369784,0.2507681070369784,gradient_boosting,0.2,optimized_offpeak_growth,0.35,-0.4285714285714285
ST-003,2024-04-11 21:00:00,0.25,0.27364864864864863,0.25820685380235975,0.25,0.2507190178711037,0.2507190178711037,gradient_boosting,0.2,optimized_offpeak_growth,0.35,-0.4285714285714285
ST-018,2024-04-11 21:00:00,0.25,0.27364864864864863,0.2531343203329939,0.25,0.2505357810645804,0.2505357810645804,gradient_boosting,0.2,optimized_offpeak_growth,0.35,-0.4285714285714285
ST-009,2024-04-11 21:00:00,0.25,0.27364864864864863,0.249132487913795,0.25,0.2505357810645804,0.2505357810645804,gradient_boosting,0.2,optimized_offpeak_growth,0.35,-0.4285714285714285
ST-005,2024-04-11 21:00:00,0.25,0.27364864864864863,0.2533412516236897,0.25,0.2505357810645804,0.2505357810645804,gradient_boosting,0.2,optimized_offpeak_growth,0.35,-0.4285714285714285
ST-008,2024-04-11 21:00:00,0.25,0.27364864864864863,0.24608498282237753,0.25,0.2505357810645804,0.2505357810645804,gradient_boosting,0.2,optimized_offpeak_growth,0.35,-0.4285714285714285
ST-002,2024-04-11 21:00:00,0.25,0.27364864864864863,0.2476295578947322,0.25,0.25076922805200064,0.25076922805200064,gradient_boosting,0.2,optimized_offpeak_growth,0.35,-0.4285714285714285
ST-017,2024-04-11 21:00:00,0.5,0.27364864864864863,0.5072586583750376,0.49999789312396065,0.5010022977492918,0.5010022977492918,gradient_boosting,0.5852,optimized_balanced_pricing,0.35,0.6720000000000002
ST-010,2024-04-11 21:00:00,0.25,0.27364864864864863,0.260656498968677,0.25,0.2509148058113868,0.2509148058113868,gradient_boosting,0.2,optimized_offpeak_growth,0.35,-0.4285714285714285
ST-010,2024-04-11 22:00:00,0.25,0.2757629628529657,0.23812227700396274,0.25,0.25018905199220476,0.25018905199220476,gradient_boosting,0.2,optimized_offpeak_growth,0.35,-0.4285714285714285
ST-013,2024-04-11 22:00:00,0.25,0.2757629628529657,0.23176513359330186,0.2364774237315231,0.23858763717144035,0.23858763717144035,gradient_boosting,0.2,optimized_offpeak_growth,0.35,-0.4285714285714285
ST-014,2024-04-11 22:00:00,0.4433061779697222,0.2757629628529657,0.4771444929970816,0.4872603662883552,0.4873910891616713,0.4873910891616713,gradient_boosting,0.5592,optimized_balanced_pricing,0.35,0.5977142857142859
ST-005,2024-04-11 22:00:00,0.25,0.2757629628529657,0.25338310129859104,0.25,0.24980351138252846,0.24980351138252846,gradient_boosting,0.2,optimized_offpeak_growth,0.35,-0.4285714285714285
ST-008,2024-04-11 22:00:00,0.16394387520597223,0.2757629628529657,0.23180171960275392,0.19342381002250258,0.19063997168352048,0.19063997168352048,gradient_boosting,0.2,optimized_offpeak_growth,0.35,-0.4285714285714285
ST-012,2024-04-11 22:00:00,0.25,0.2757629628529657,0.23504727598500616,0.25,0.2498358048920388,0.2498358048920388,gradient_boosting,0.2,optimized_offpeak_growth,0.35,-0.4285714285714285
ST-009,2024-04-11 23:00:00,0.25,0.2851117341511356,0.24386457619888668,0.25,0.25004936064460187,0.25004936064460187,gradient_boosting,0.2,optimized_offpeak_growth,0.35,-0.4285714285714285
ST-012,2024-04-11 23:00:00,0.18126398465798613,0.2851117341511356,0.2323608688195774,0.2277194329872613,0.22020575878219523,0.22020575878219523,gradient_boosting,0.2,optimized_offpeak_growth,0.35,-0.4285714285714285
ST-018,2024-04-11 23:00:00,0.25,0.2851117341511356,0.2346644172790001,0.25,0.25004936064460187,0.25004936064460187,gradient_boosting,0.2,optimized_offpeak_growth,0.35,-0.4285714285714285
ST-005,2024-04-11 23:00:00,0.25,0.2851117341511356,0.2341687668314506,0.25,0.25018905199220476,0.25018905199220476,gradient_boosting,0.2,optimized_offpeak_growth,0.35,-0.4285714285714285
ST-017,2024-04-11 23:00:00,0.25,0.2851117341511356,0.23840552858008782,0.25,0.25041618156740886,0.25041618156740886,gradient_boosting,0.2,optimized_offpeak_growth,0.35,-0.4285714285714285
ST-004,2024-04-11 23:00:00,0.25,0.2851117341511356,0.2344795879953767,0.25,0.250329433354397,0.250329433354397,gradient_boosting,0.2,optimized_offpeak_growth,0.35,-0.4285714285714285
ST-002,2024-04-11 23:00:00,0.25,0.2851117341511356,0.23725950078504193,0.25,0.24996261243159004,0.24996261243159004,gradient_boosting,0.2,optimized_offpeak_growth,0.35,-0.4285714285714285
ST-004,2024-04-12 00:00:00,0.5,0.2706384018118832,0.4780617002046029,0.4608964919233978,0.48827656323728624,0.48827656323728624,gradient_boosting,0.5609,optimized_balanced_pricing,0.35,0.6025714285714285
ST-006,2024-04-12 00:00:00,0.25,0.2706384018118832,0.25653418871912753,0.25,0.25084566016005466,0.25084566016005466,gradient_boosting,0.2,optimized_offpeak_growth,0.35,-0.4285714285714285
ST-003,2024-04-12 00:00:00,0.6897316498506945,0.2706384018118832,0.7188368084996006,0.7184567258656411,0.7264685483442307,0.7264685483442307,gradient_boosting,0.6,optimized_balanced_pricing,0.35,0.7142857142857144
ST-010,2024-04-12 00:00:00,0.5,0.2706384018118832,0.4692848770658153,0.4304110196621555,0.46692588652487893,0.46692588652487893,gradient_boosting,0.5172,optimized_balanced_pricing,0.35,0.47771428571428576
ST-007,2024-04-12 00:00:00,0.25,0.2706384018118832,0.2337599947338907,0.25,0.24983194907640585,0.24983194907640585,gradient_boosting,0.2,optimized_offpeak_growth,0.35,-0.4285714285714285
ST-002,2024-04-12 01:00:00,0.25,0.28940477155597016,0.23617569328499938,0.25,0.24997026136236025,0.24997026136236025,gradient_boosting,0.2,optimized_offpeak_growth,0.35,-0.4285714285714285
ST-003,2024-04-12 01:00:00,0.25,0.28940477155597016,0.2344466146294173,0.25,0.24988983056156464,0.24988983056156464,gradient_boosting,0.2,optimized_offpeak_growth,0.35,-0.4285714285714285
ST-004,2024-04-12 01:00:00,0.13461765580395832,0.28940477155597016,0.23019022298932396,0.14561435181055235,0.16030019261713638,0.16030019261713638,gradient_boosting,0.2,optimized_offpeak_growth,0.35,-0.4285714285714285
ST-005,2024-04-12 01:00:00,0.25,0.28940477155597016,0.23281541443579734,0.24843901681697114,0.24826933741943852,0.24826933741943852,gradient_boosting,0.2,optimized_offpeak_growth,0.35,-0.4285714285714285
ST-007,2024-04-12 01:00:00,0.5,0.28940477155597016,0.47820176712543505,0.47541021072027484,0.493962885329238,0.493962885329238,gradient_boosting,0.5719,optimized_balanced_pricing,0.35,0.6339999999999999
ST-008,2024-04-12 01:00:00,0.25,0.28940477155597016,0.2308738149889371,0.2061454620593179,0.22304169351420505,0.22304169351420505,gradient_boosting,0.2,optimized_offpeak_growth,0.35,-0.4285714285714285
ST-015,2024-04-12 01:00:00,0.5,0.28940477155597016,0.47326539625170017,0.456342912349075,0.4835659948093591,0.4835659948093591,gradient_boosting,0.5516,optimized_balanced_pricing,0.35,0.5760000000000001
ST-001,2024-04-12 01:00:00,0.5,0.28940477155597016,0.48045385657876805,0.4954240296039315,0.4928491348531898,0.4928491348531898,gradient_boosting,0.5698,optimized_balanced_pricing,0.35,0.6280000000000001
ST-013,2024-04-12 02:00:00,0.25,0.2871855678489556,0.24741983457703917,0.25,0.24998938536162513,0.24998938536162513,gradient_boosting,0.2,optimized_offpeak_growth,0.35,-0.4285714285714285
ST-007,2024-04-12 02:00:00,0.25,0.2871855678489556,0.254652505310164,0.25,0.2504552446552029,0.2504552446552029,gradient_boosting,0.2,optimized_offpeak_growth,0.35,-0.4285714285714285
ST-008,2024-04-12 02:00:00,0.25,0.2871855678489556,0.23510176593324694,0.25,0.2503577513873719,0.2503577513873719,gradient_boosting,0.2,optimized_offpeak_growth,0.35,-0.4285714285714285
ST-012,2024-04-12 02:00:00,0.5,0.2871855678489556,0.4806449488849843,0.497746943775831,0.49533088839466155,0.49533088839466155,gradient_boosting,0.5745,optimized_balanced_pricing,0.35,0.6414285714285715
ST-001,2024-04-12 02:00:00,0.2078320044079861,0.2871855678489556,0.2302858767222162,0.18224315393726165,0.1897147360125927,0.1897147360125927,gradient_boosting,0.2,optimized_offpeak_growth,0.35,-0.4285714285714285
ST-017,2024-04-12 02:00:00,0.25,0.2871855678489556,0.2328533057737401,0.24851942010153003,0.24839506242405504,0.24839506242405504,gradient_boosting,0.2,optimized_offpeak_growth,0.35,-0.4285714285714285
ST-005,2024-04-12 03:00:00,0.25,0.2756903263058541,0.24238819278310073,0.25,0.25018273457998863,0.25018273457998863,gradient_boosting,0.2,optimized_offpeak_growth,0.35,-0.4285714285714285
ST-011,2024-04-12 03:00:00,0.25,0.2756903263058541,0.24398919217272758,0.25,0.2501628497401546,0.2501628497401546,gradient_boosting,0.2,optimized_offpeak_growth,0.35,-0.4285714285714285
ST-001,2024-04-12 03:00:00,0.25,0.2756903263058541,0.2362026649134969,0.25,0.2503577513873719,0.2503577513873719,gradient_boosting,0.2,optimized_offpeak_growth,0.35,-0.4285714285714285
ST-008,2024-04-12 03:00:00,0.25,0.2756903263058541,0.2296746177105585,0.13780371949397544,0.1335539853152145,0.1335539853152145,gradient_boosting,0.2,optimized_offpeak_growth,0.35,-0.4285714285714285
ST-017,2024-04-12 03:00:00,0.25,0.2756903263058541,0.23677989112948378,0.25,0.2501628497401546,0.2501628497401546,gradient_boosting,0.2,optimized_offpeak_growth,0.35,-0.4285714285714285
ST-001,2024-04-12 04:00:00,0.25,0.2888833497546655,0.2421303870056281,0.25,0.2500360422006034,0.2500360422006034,gradient_boosting,0.2,optimized_offpeak_growth,0.35,-0.4285714285714285
ST-004,2024-04-12 04:00:00,0.25,0.2888833497546655,0.23895383065535017,0.25,0.25033786654753787,0.25033786654753787,gradient_boosting,0.2,optimized_offpeak_growth,0.35,-0.4285714285714285
ST-010,2024-04-12 04:00:00,0.25,0.2888833497546655,0.2422122677942188,0.25,0.2502495979531665,0.2502495979531665,gradient_boosting,0.2,optimized_offpeak_growth,0.35,-0.4285714285714285
ST-018,2024-04-12 04:00:00,0.25,0.2888833497546655,0.234123208072334,0.25,0.2501628497401546,0.2501628497401546,gradient_boosting,0.2,optimized_offpeak_growth,0.35,-0.4285714285714285
ST-003,2024-04-12 04:00:00,0.25,0.2888833497546655,0.23731550063959958,0.25,0.2501628497401546,0.2501628497401546,gradient_boosting,0.2,optimized_offpeak_growth,0.35,-0.4285714285714285
ST-012,2024-04-12 04:00:00,0.25,0.2888833497546655,0.2339109876662548,0.25,0.25016916715237075,0.25016916715237075,gradient_boosting,0.2,optimized_offpeak_growth,0.35,-0.4285714285714285
ST-013,2024-04-12 04:00:00,0.25,0.2888833497546655,0.23407829812661307,0.25,0.2502559153653826,0.2502559153653826,gradient_boosting,0.2,optimized_offpeak_growth,0.35,-0.4285714285714285
ST-014,2024-04-12 04:00:00,0.25,0.2888833497546655,0.23523699791065253,0.25,0.2502495979531665,0.2502495979531665,gradient_boosting,0.2,optimized_offpeak_growth,0.35,-0.4285714285714285
ST-006,2024-04-12 05:00:00,0.5,0.28885664485850937,0.47521599153186106,0.4937305013364291,0.4888578765617647,0.4888578765617647,gradient_boosting,0.5621,optimized_balanced_pricing,0.35,0.6060000000000003
ST-008,2024-04-12 05:00:00,0.25,0.28885664485850937,0.24636757315468252,0.25,0.2504246147605497,0.2504246147605497,gradient_boosting,0.2,optimized_offpeak_growth,0.35,-0.4285714285714285
ST-015,2024-04-12 05:00:00,1.0,0.28885664485850937,0.9487773707599796,0.9854728894613891,0.9584048743780157,0.9584048743780157,gradient_boosting,0.6,optimized_peak_management,0.35,0.7142857142857144
ST-001,2024-04-12 05:00:00,0.5,0.28885664485850937,0.4788271063471288,0.4925805459860263,0.4931729962321913,0.4931729962321913,gradient_boosting,0.5704,optimized_balanced_pricing,0.35,0.6297142857142859
ST-013,2024-04-12 05:00:00,0.25,0.28885664485850937,0.23322342899952792,0.25,0.2501628497401546,0.2501628497401546,gradient_boosting,0.2,optimized_offpeak_growth,0.35,-0.4285714285714285
ST-002,2024-04-12 06:00:00,0.25,0.25441876064796365,0.24312828590304306,0.25,0.2502495979531665,0.2502495979531665,gradient_boosting,0.2,optimized_offpeak_growth,0.35,-0.4285714285714285
ST-001,2024-04-12 06:00:00,0.25,0.25441876064796365,0.25423107132169354,0.25,0.25083817115228135,0.25083817115228135,gradient_boosting,0.2,optimized_offpeak_growth,0.35,-0.4285714285714285
ST-003,2024-04-12 06:00:00,0.38732091457,0.25441876064796365,0.46445501912837744,0.4180402816171626,0.39797772492044836,0.39797772492044836,gradient_boosting,0.3441,optimized_balanced_pricing,0.35,-0.016857142857142793
ST-006,2024-04-12 06:00:00,0.25,0.25441876064796365,0.2376475610843379,0.25,0.2502495979531665,0.2502495979531665,gradient_boosting,0.2,optimized_offpeak_growth,0.35,-0.4285714285714285
ST-008,2024-04-12 06:00:00,0.4766725258489583,0.25441876064796365,0.4676430253383064,0.44270158148161376,0.44301436386064685,0.44301436386064685,gradient_boosting,0.4633,optimized_balanced_pricing,0.35,0.32371428571428584
ST-005,2024-04-12 07:00:00,0.25,0.30126501635434527,0.24643725643584277,0.25,0.25082815638198613,0.25082815638198613,gradient_boosting,0.2,optimized_offpeak_growth,0.35,-0.4285714285714285
ST-010,2024-04-12 07:00:00,0.25,0.30126501635434527,0.2414439239075884,0.25,0.25051589622474646,0.25051589622474646,gradient_boosting,0.2,optimized_offpeak_growth,0.35,-0.4285714285714285
ST-012,2024-04-12 08:00:00,0.25,0.29605263157894735,0.2612532683307176,0.25,0.2506813588239666,0.2506813588239666,gradient_boosting,0.2,optimized_offpeak_growth,0.35,-0.4285714285714285
ST-010,2024-04-12 08:00:00,0.25,0.29605263157894735,0.261924756061334,0.25,0.2506813588239666,0.2506813588239666,gradient_boosting,0.2,optimized_offpeak_growth,0.35,-0.4285714285714285
ST-016,2024-04-12 08:00:00,0.25,0.29605263157894735,0.255410384008536,0.25,0.25082815638198613,0.25082815638198613,gradient_boosting,0.2,optimized_offpeak_growth,0.35,-0.4285714285714285
ST-009,2024-04-12 09:00:00,0.25,0.28214285714285714,0.24713316431411358,0.25,0.25051589622474646,0.25051589622474646,gradient_boosting,0.2,optimized_offpeak_growth,0.35,-0.4285714285714285
ST-012,2024-04-12 09:00:00,0.25,0.28214285714285714,0.2722614030693712,0.25,0.2508708912173839,0.2508708912173839,gradient_boosting,0.2,optimized_offpeak_growth,0.35,-0.4285714285714285
ST-008,2024-04-12 09:00:00,0.25,0.28214285714285714,0.25509868165210636,0.25,0.25060264443775826,0.25060264443775826,gradient_boosting,0.2,optimized_offpeak_growth,0.35,-0.4285714285714285
ST-002,2024-04-12 09:00:00,0.25,0.28214285714285714,0.24715966832762665,0.25,0.25051589622474646,0.25051589622474646,gradient_boosting,0.2,optimized_offpeak_growth,0.35,-0.4285714285714285
ST-001,2024-04-12 09:00:00,0.5,0.28214285714285714,0.4787833558561996,0.4807410942019346,0.48887976839189323,0.48887976839189323,gradient_boosting,0.5621,optimized_balanced_pricing,0.35,0.6060000000000003
ST-004,2024-04-12 10:00:00,0.25,0.3233333333333333,0.23901431133206325,0.25,0.2501628497401546,0.2501628497401546,gradient_boosting,0.2,optimized_offpeak_growth,0.35,-0.4285714285714285
ST-006,2024-04-12 10:00:00,0.25,0.3233333333333333,0.24669863307962914,0.25,0.2501628497401546,0.2501628497401546,gradient_boosting,0.2,optimized_offpeak_growth,0.35,-0.4285714285714285
ST-008,2024-04-12 10:00:00,0.25,0.3233333333333333,0.2654446648958675,0.25,0.25051165209685283,0.25051165209685283,gradient_boosting,0.2,optimized_offpeak_growth,0.35,-0.4285714285714285
ST-007,2024-04-12 10:00:00,0.25,0.3233333333333333,0.23524620922068218,0.25,0.2502559153653826,0.2502559153653826,gradient_boosting,0.2,optimized_offpeak_growth,0.35,-0.4285714285714285
ST-014,2024-04-12 10:00:00,0.25,0.3233333333333333,0.2440646680706453,0.25,0.2502495979531665,0.2502495979531665,gradient_boosting,0.2,optimized_offpeak_growth,0.35,-0.4285714285714285
ST-009,2024-04-12 10:00:00,0.25,0.3233333333333333,0.2331456131444243,0.25,0.2506244665576761,0.2506244665576761,gradient_boosting,0.2,optimized_offpeak_growth,0.35,-0.4285714285714285
ST-012,2024-04-12 11:00:00,0.25,0.2912414379625311,0.24220284373121606,0.25,0.2502694891880236,0.2502694891880236,gradient_boosting,0.2,optimized_offpeak_growth,0.35,-0.4285714285714285
ST-013,2024-04-12 11:00:00,0.25,0.2912414379625311,0.23749924441431783,0.25,0.2500360422006034,0.2500360422006034,gradient_boosting,0.2,optimized_offpeak_growth,0.35,-0.4285714285714285
ST-009,2024-04-12 11:00:00,0.75,0.2912414379625311,0.7228951891517675,0.7454911820834762,0.7271277170543242,0.7271277170543242,gradient_boosting,0.6,optimized_balanced_pricing,0.35,0.7142857142857144
ST-007,2024-04-12 11:00:00,0.15682620333097222,0.2912414379625311,0.23060663604145137,0.16460524701095036,0.17628915035348788,0.17628915035348788,gradient_boosting,0.2,optimized_offpeak_growth,0.35,-0.4285714285714285
ST-004,2024-04-12 11:00:00,0.5,0.2912414379625311,0.47558979720944977,0.4935081580325374,0.4888515591495486,0.4888515591495486,gradient_boosting,0.562,optimized_balanced_pricing,0.35,0.6057142857142859
ST-018,2024-04-12 11:00:00,0.25,0.2912414379625311,0.2331494784282917,0.24679253767598816,0.24945809935951438,0.24945809935951438,gradient_boosting,0.2,optimized_offpeak_growth,0.35,-0.4285714285714285
ST-016,2024-04-12 11:00:00,0.1610950830789583,0.2912414379625311,0.22962581053904793,0.18932853453484944,0.1917484533561336,0.1917484533561336,gradient_boosting,0.2,optimized_offpeak_growth,0.35,-0.4285714285714285
ST-003,2024-04-12 12:00:00,0.25,0.28468447246303796,0.24876477480003853,0.25,0.2502495979531665,0.2502495979531665,gradient_boosting,0.2,optimized_offpeak_growth,0.35,-0.4285714285714285
ST-016,2024-04-12 12:00:00,0.25,0.28468447246303796,0.2712566317595154,0.25,0.2508071590315712,0.2508071590315712,gradient_boosting,0.2,optimized_offpeak_growth,0.35,-0.4285714285714285
ST-008,2024-04-12 12:00:00,0.5,0.28468447246303796,0.4757764594951516,0.48727418425598695,0.48901814276379096,0.48901814276379096,gradient_boosting,0.5624,optimized_balanced_pricing,0.35,0.606857142857143
ST-004,2024-04-12 12:00:00,0.5,0.28468447246303796,0.4710410779521597,0.46810708728321,0.47242533378036783,0.47242533378036783,gradient_boosting,0.5289,optimized_balanced_pricing,0.35,0.5111428571428573
ST-001,2024-04-12 12:00:00,0.25,0.28468447246303796,0.235829969131749,0.25,0.2502495979531665,0.2502495979531665,gradient_boosting,0.2,optimized_offpeak_growth,0.35,-0.4285714285714285
ST-006,2024-04-12 12:00:00,0.25,0.28468447246303796,0.237121032149392,0.25,0.25018273457998863,0.25018273457998863,gradient_boosting,0.2,optimized_offpeak_growth,0.35,-0.4285714285714285
ST-012,2024-04-12 12:00:00,0.25,0.28468447246303796,0.24951118242934095,0.25,0.2499691788274255,0.2499691788274255,gradient_boosting,0.2,optimized_offpeak_growth,0.35,-0.4285714285714285
ST-005,2024-04-12 12:00:00,0.25,0.28468447246303796,0.25487450724613286,0.25,0.25032211970343554,0.25032211970343554,gradient_boosting,0.2,optimized_offpeak_growth,0.35,-0.4285714285714285
ST-013,2024-04-12 12:00:00,0.5,0.28468447246303796,0.49349603640386097,0.499383912163658,0.49494844799916,0.49494844799916,gradient_boosting,0.5738,optimized_balanced_pricing,0.35,0.6394285714285715
ST-018,2024-04-12 12:00:00,0.5,0.28468447246303796,0.47342302829837946,0.48448112426415346,0.4822962868692358,0.4822962868692358,gradient_boosting,0.5491,optimized_balanced_pricing,0.35,0.568857142857143
ST-004,2024-04-12 13:00:00,0.140885289705,0.2592968706573037,0.2325479638434534,0.20314411831060383,0.2220851805591064,0.2220851805591064,gradient_boosting,0.2,optimized_offpeak_growth,0.35,-0.4285714285714285
ST-015,2024-04-12 13:00:00,0.11885781098499999,0.2592968706573037,0.23161112395069536,0.13532230473098278,0.16160931017021418,0.16160931017021418,gradient_boosting,0.2,optimized_offpeak_growth,0.35,-0.4285714285714285
ST-007,2024-04-12 13:00:00,0.25,0.2592968706573037,0.24482609362721036,0.25,0.2503577513873719,0.2503577513873719,gradient_boosting,0.2,optimized_offpeak_growth,0.35,-0.4285714285714285
ST-003,2024-04-12 14:00:00,0.25,0.28080558099837993,0.23329844325791613,0.24998497819536308,0.25018905199220476,0.25018905199220476,gradient_boosting,0.2,optimized_offpeak_growth,0.35,-0.4285714285714285
ST-001,2024-04-12 14:00:00,0.49748413106375,0.28080558099837993,0.47821993004855384,0.494921660713681,0.48878469577637074,0.48878469577637074,gradient_boosting,0.5619,optimized_balanced_pricing,0.35,0.6054285714285714
ST-009,2024-04-12 14:00:00,0.5,0.28080558099837993,0.47748730506635906,0.4920224151613689,0.4909305428660469,0.4909305428660469,gradient_boosting,0.5661,optimized_balanced_pricing,0.35,0.6174285714285717
ST-008,2024-04-12 14:00:00,0.25,0.28080558099837993,0.24040955689864668,0.25,0.25018273457998863,0.25018273457998863,gradient_boosting,0.2,optimized_offpeak_growth,0.35,-0.4285714285714285
ST-006,2024-04-12 15:00:00,0.25,0.28565712303201046,0.23556344038764424,0.25,0.2500959863669768,0.2500959863669768,gradient_boosting,0.2,optimized_offpeak_growth,0.35,-0.4285714285714285
ST-014,2024-04-12 15:00:00,0.25,0.28565712303201046,0.23796240311525196,0.25,0.25018273457998863,0.25018273457998863,gradient_boosting,0.2,optimized_offpeak_growth,0.35,-0.4285714285714285
ST-002,2024-04-12 15:00:00,0.4584705433131944,0.28565712303201046,0.4666024641406511,0.4461458867616362,0.4429411830752529,0.4429411830752529,gradient_boosting,0.4631,optimized_balanced_pricing,0.35,0.3231428571428572
ST-015,2024-04-12 15:00:00,0.25,0.28565712303201046,0.24083994934585687,0.25,0.25027100317436,0.25027100317436,gradient_boosting,0.2,optimized_offpeak_growth,0.35,-0.4285714285714285
ST-017,2024-04-12 16:00:00,0.25,0.283728034429347,0.2462258237400911,0.25,0.2502495979531665,0.2502495979531665,gradient_boosting,0.2,optimized_offpeak_growth,0.35,-0.4285714285714285
ST-004,2024-04-12 16:00:00,0.25,0.283728034429347,0.2459731944832177,0.25,0.2507326199918815,0.2507326199918815,gradient_boosting,0.2,optimized_offpeak_growth,0.35,-0.4285714285714285
ST-018,2024-04-12 16:00:00,0.25,0.283728034429347,0.24186105272982633,0.25,0.2501628497401546,0.2501628497401546,gradient_boosting,0.2,optimized_offpeak_growth,0.35,-0.4285714285714285
ST-005,2024-04-12 16:00:00,0.25,0.283728034429347,0.23255257145801478,0.25,0.25018905199220476,0.25018905199220476,gradient_boosting,0.2,optimized_offpeak_growth,0.35,-0.4285714285714285
ST-011,2024-04-12 16:00:00,0.25,0.283728034429347,0.2473473743867512,0.25,0.2499691788274255,0.2499691788274255,gradient_boosting,0.2,optimized_offpeak_growth,0.35,-0.4285714285714285
ST-010,2024-04-12 16:00:00,0.25,0.283728034429347,0.24641951614934637,0.25,0.24997549623964166,0.24997549623964166,gradient_boosting,0.2,optimized_offpeak_growth,0.35,-0.4285714285714285
ST-013,2024-04-12 16:00:00,0.25,0.283728034429347,0.23364508472305312,0.25,0.2502559153653826,0.2502559153653826,gradient_boosting,0.2,optimized_offpeak_growth,0.35,-0.4285714285714285
ST-004,2024-04-12 17:00:00,0.25,0.2972972972972973,0.2500982476852654,0.25,0.25051589622474646,0.25051589622474646,gradient_boosting,0.2,optimized_offpeak_growth,0.35,-0.4285714285714285
ST-007,2024-04-12 17:00:00,0.25,0.2972972972972973,0.24589111949963544,0.25,0.25060264443775826,0.25060264443775826,gradient_boosting,0.2,optimized_offpeak_growth,0.35,-0.4285714285714285
ST-009,2024-04-12 17:00:00,0.5,0.2972972972972973,0.5037531926332213,0.49999962318762803,0.5008190827680908,0.5008190827680908,gradient_boosting,0.5849,optimized_balanced_pricing,0.35,0.6711428571428573
ST-002,2024-04-12 17:00:00,0.5,0.2972972972972973,0.4815894680772991,0.4932771743070973,0.4889601991926889,0.4889601991926889,gradient_boosting,0.5623,optimized_balanced_pricing,0.35,0.6065714285714288
ST-017,2024-04-12 18:00:00,0.25,0.30357142857142855,0.24332694530716992,0.25,0.25060264443775826,0.25060264443775826,gradient_boosting,0.2,optimized_offpeak_growth,0.35,-0.4285714285714285
ST-010,2024-04-12 18:00:00,0.25,0.30357142857142855,0.24460425498015242,0.25,0.2506089618499744,0.2506089618499744,gradient_boosting,0.2,optimized_offpeak_growth,0.35,-0.4285714285714285
ST-004,2024-04-12 18:00:00,0.25,0.30357142857142855,0.24524455405466447,0.25,0.25060264443775826,0.25060264443775826,gradient_boosting,0.2,optimized_offpeak_growth,0.35,-0.4285714285714285
ST-009,2024-04-12 18:00:00,0.25,0.30357142857142855,0.2448448155864298,0.25,0.2508360914251785,0.2508360914251785,gradient_boosting,0.2,optimized_offpeak_growth,0.35,-0.4285714285714285
ST-014,2024-04-12 18:00:00,0.25,0.30357142857142855,0.2414699394830508,0.25,0.25060264443775826,0.25060264443775826,gradient_boosting,0.2,optimized_offpeak_growth,0.35,-0.4285714285714285
ST-008,2024-04-12 18:00:00,0.75,0.30357142857142855,0.7363061462705096,0.7491268882240888,0.743987269470594,0.743987269470594,gradient_boosting,0.6,optimized_balanced_pricing,0.35,0.7142857142857144
ST-001,2024-04-12 18:00:00,0.25,0.30357142857142855,0.2636370145181354,0.25,0.2512330911706358,0.2512330911706358,gradient_boosting,0.2,optimized_offpeak_growth,0.35,-0.4285714285714285
ST-003,2024-04-12 18:00:00,0.25,0.30357142857142855,0.24857610659008023,0.25,0.25060264443775826,0.25060264443775826,gradient_boosting,0.2,optimized_offpeak_growth,0.35,-0.4285714285714285
ST-001,2024-04-12 19:00:00,0.5,0.30625,0.4787278694636432,0.4925815654556122,0.48896651660490503,0.48896651660490503,gradient_boosting,0.5623,optimized_balanced_pricing,0.35,0.6065714285714288
ST-004,2024-04-12 19:00:00,0.25,0.30625,0.23970830987240238,0.24789352493956912,0.24925193618751845,0.24925193618751845,gradient_boosting,0.2,optimized_offpeak_growth,0.35,-0.4285714285714285
ST-015,2024-04-12 19:00:00,0.5,0.30625,0.48501911894468847,0.49984777373124967,0.4987026290872128,0.4987026290872128,gradient_boosting,0.5809,optimized_balanced_pricing,0.35,0.6597142857142857
ST-016,2024-04-12 19:00:00,0.25,0.30625,0.24746855564564474,0.25,0.2508360914251785,0.2508360914251785,gradient_boosting,0.2,optimized_offpeak_growth,0.35,-0.4285714285714285
ST-018,2024-04-12 19:00:00,0.25,0.30625,0.2535847040457034,0.25,0.25060264443775826,0.25060264443775826,gradient_boosting,0.2,optimized_offpeak_growth,0.35,-0.4285714285714285
ST-005,2024-04-12 19:00:00,0.25,0.30625,0.24696431078793563,0.25,0.25060264443775826,0.25060264443775826,gradient_boosting,0.2,optimized_offpeak_growth,0.35,-0.4285714285714285
ST-003,2024-04-12 19:00:00,0.25,0.30625,0.25941594068314466,0.25,0.2507978310409231,0.2507978310409231,gradient_boosting,0.2,optimized_offpeak_growth,0.35,-0.4285714285714285
ST-017,2024-04-12 19:00:00,0.5,0.30625,0.48843112667841754,0.4995943031122519,0.5000883611630874,0.5000883611630874,gradient_boosting,0.5835,optimized_balanced_pricing,0.35,0.6671428571428573
ST-014,2024-04-12 20:00:00,0.25,0.2939189189189189,0.2501014790243002,0.25,0.25051589622474646,0.25051589622474646,gradient_boosting,0.2,optimized_offpeak_growth,0.35,-0.4285714285714285
ST-001,2024-04-12 20:00:00,0.25,0.2939189189189189,0.25854880172290007,0.25,0.25048557088368345,0.25048557088368345,gradient_boosting,0.2,optimized_offpeak_growth,0.35,-0.4285714285714285
ST-017,2024-04-12 20:00:00,0.25,0.2939189189189189,0.2468422098707752,0.25,0.2506089618499744,0.2506089618499744,gradient_boosting,0.2,optimized_offpeak_growth,0.35,-0.4285714285714285
ST-008,2024-04-12 20:00:00,0.25,0.2939189189189189,0.24178791637563796,0.25,0.2508360914251785,0.2508360914251785,gradient_boosting,0.2,optimized_offpeak_growth,0.35,-0.4285714285714285
ST-009,2024-04-12 20:00:00,0.25,0.2939189189189189,0.2541552156810564,0.25,0.25051589622474646,0.25051589622474646,gradient_boosting,0.2,optimized_offpeak_growth,0.35,-0.4285714285714285
ST-016,2024-04-12 20:00:00,0.25,0.2939189189189189,0.2586756275176854,0.25,0.25057231909669525,0.25057231909669525,gradient_boosting,0.2,optimized_offpeak_growth,0.35,-0.4285714285714285
ST-001,2024-04-12 21:00:00,0.25,0.3038461538461538,0.2634054770565041,0.25,0.2506876762361827,0.2506876762361827,gradient_boosting,0.2,optimized_offpeak_growth,0.35,-0.4285714285714285
ST-018,2024-04-12 21:00:00,0.25,0.3038461538461538,0.27428056233815296,0.25,0.25095132201817955,0.25095132201817955,gradient_boosting,0.2,optimized_offpeak_growth,0.35,-0.4285714285714285
ST-015,2024-04-12 21:00:00,0.25,0.3038461538461538,0.2534994204147114,0.25,0.2506089618499744,0.2506089618499744,gradient_boosting,0.2,optimized_offpeak_growth,0.35,-0.4285714285714285
ST-005,2024-04-12 22:00:00,0.25,0.27610157121241957,0.24514503195057796,0.25,0.25002947580476786,0.25002947580476786,gradient_boosting,0.2,optimized_offpeak_growth,0.35,-0.4285714285714285
ST-006,2024-04-12 22:00:00,0.5,0.27610157121241957,0.4820101003211935,0.497872533858961,0.49255079034172916,0.49255079034172916,gradient_boosting,0.5692,optimized_balanced_pricing,0.35,0.6262857142857146
ST-011,2024-04-12 22:00:00,0.25,0.27610157121241957,0.23558852972839786,0.25,0.2502559153653826,0.2502559153653826,gradient_boosting,0.2,optimized_offpeak_growth,0.35,-0.4285714285714285
ST-013,2024-04-12 23:00:00,0.25,0.2615701048412356,0.23846221910207555,0.25,0.2501162240177797,0.2501162240177797,gradient_boosting,0.2,optimized_offpeak_growth,0.35,-0.4285714285714285
ST-012,2024-04-12 23:00:00,0.5,0.2615701048412356,0.47268666260168046,0.47812029308057213,0.48123604251486835,0.48123604251486835,gradient_boosting,0.5469,optimized_balanced_pricing,0.35,0.5625714285714287
ST-009,2024-04-12 23:00:00,0.25,0.2615701048412356,0.23567224082284394,0.25,0.2502559153653826,0.2502559153653826,gradient_boosting,0.2,optimized_offpeak_growth,0.35,-0.4285714285714285
ST-005,2024-04-13 00:00:00,0.6306330359964584,0.29273142196453594,0.7300097473829416,0.7428528279612753,0.7285843597899763,0.7285843597899763,gradient_boosting,0.6,optimized_balanced_pricing,0.35,0.7142857142857144
ST-014,2024-04-13 00:00:00,0.25,0.29273142196453594,0.23042517588751354,0.1618357456373672,0.1727958276346764,0.1727958276346764,gradient_boosting,0.2,optimized_offpeak_growth,0.35,-0.4285714285714285
ST-009,2024-04-13 00:00:00,0.25,0.29273142196453594,0.23460188730478898,0.24851301614475826,0.24989249503736757,0.24989249503736757,gradient_boosting,0.2,optimized_offpeak_growth,0.35,-0.4285714285714285
ST-004,2024-04-13 00:00:00,0.25,0.29273142196453594,0.2375774253476836,0.25,0.24997924325037932,0.24997924325037932,gradient_boosting,0.2,optimized_offpeak_growth,0.35,-0.4285714285714285
ST-007,2024-04-13 01:00:00,0.75,0.2816307325385315,0.726393908621129,0.7162849358380693,0.7264333642041615,0.7264333642041615,gradient_boosting,0.6,optimized_balanced_pricing,0.35,0.7142857142857144
ST-004,2024-04-13 01:00:00,0.25,0.2816307325385315,0.23891433124652742,0.25,0.25003712473553813,0.25003712473553813,gradient_boosting,0.2,optimized_offpeak_growth,0.35,-0.4285714285714285
ST-014,2024-04-13 01:00:00,0.1815603060679861,0.2816307325385315,0.23135268721658456,0.21824735007359913,0.22352361074992164,0.22352361074992164,gradient_boosting,0.2,optimized_offpeak_growth,0.35,-0.4285714285714285
ST-007,2024-04-13 02:00:00,0.25,0.27706113569346424,0.23374547048605687,0.24506770363265581,0.2486953727846531,0.2486953727846531,gradient_boosting,0.2,optimized_offpeak_growth,0.35,-0.4285714285714285
ST-008,2024-04-13 02:00:00,0.25,0.27706113569346424,0.23734302452098927,0.25,0.2500360422006034,0.2500360422006034,gradient_boosting,0.2,optimized_offpeak_growth,0.35,-0.4285714285714285
ST-004,2024-04-13 03:00:00,0.25,0.2957832489868909,0.23833634235237816,0.25,0.2509157706845168,0.2509157706845168,gradient_boosting,0.2,optimized_offpeak_growth,0.35,-0.4285714285714285
ST-007,2024-04-13 03:00:00,0.25,0.2957832489868909,0.24751214975058083,0.25,0.2502495979531665,0.2502495979531665,gradient_boosting,0.2,optimized_offpeak_growth,0.35,-0.4285714285714285
ST-018,2024-04-13 03:00:00,0.44032237271875,0.2957832489868909,0.47125685908099624,0.47732683268367365,0.4818723354983956,0.4818723354983956,gradient_boosting,0.5482,optimized_balanced_pricing,0.35,0.5662857142857145
ST-009,2024-04-13 03:00:00,0.25,0.2957832489868909,0.23230657995357296,0.2276258502529595,0.22317814066308836,0.22317814066308836,gradient_boosting,0.2,optimized_offpeak_growth,0.35,-0.4285714285714285
ST-018,2024-04-13 04:00:00,0.25,0.2811836258654831,0.23555082068830474,0.25,0.2502495979531665,0.2502495979531665,gradient_boosting,0.2,optimized_offpeak_growth,0.35,-0.4285714285714285
ST-015,2024-04-13 04:00:00,0.22582396282270834,0.2811836258654831,0.2310387353687435,0.19292147335336263,0.17628915035348788,0.17628915035348788,gradient_boosting,0.2,optimized_offpeak_growth,0.35,-0.4285714285714285
ST-005,2024-04-13 04:00:00,0.25,0.2811836258654831,0.23494506479153926,0.25,0.2504830449405867,0.2504830449405867,gradient_boosting,0.2,optimized_offpeak_growth,0.35,-0.4285714285714285
ST-016,2024-04-13 04:00:00,0.25,0.2811836258654831,0.2342101059938076,0.24997140415662997,0.2502559153653826,0.2502559153653826,gradient_boosting,0.2,optimized_offpeak_growth,0.35,-0.4285714285714285
ST-010,2024-04-13 04:00:00,0.25,0.2811836258654831,0.2340006248664736,0.24939243509327683,0.24945809935951438,0.24945809935951438,gradient_boosting,0.2,optimized_offpeak_growth,0.35,-0.4285714285714285
ST-014,2024-04-13 05:00:00,0.25,0.29863810459611684,0.24565056311660965,0.25,0.25027100317436,0.25027100317436,gradient_boosting,0.2,optimized_offpeak_growth,0.35,-0.4285714285714285
ST-002,2024-04-13 05:00:00,0.25,0.29863810459611684,0.24498949738110526,0.25,0.2506244665576761,0.2506244665576761,gradient_boosting,0.2,optimized_offpeak_growth,0.35,-0.4285714285714285
ST-001,2024-04-13 05:00:00,0.21348796731444444,0.29863810459611684,0.23183746596262414,0.23411268394940324,0.2390293691491279,0.2390293691491279,gradient_boosting,0.2,optimized_offpeak_growth,0.35,-0.4285714285714285
ST-006,2024-04-13 05:00:00,0.25,0.29863810459611684,0.23724994869453603,0.25,0.25018905199220476,0.25018905199220476,gradient_boosting,0.2,optimized_offpeak_growth,0.35,-0.4285714285714285
ST-008,2024-04-13 05:00:00,0.5,0.29863810459611684,0.47379761764855316,0.4836431562665914,0.4822962868692358,0.4822962868692358,gradient_boosting,0.5491,optimized_balanced_pricing,0.35,0.568857142857143
ST-005,2024-04-13 05:00:00,0.25,0.29863810459611684,0.23911699316771373,0.25,0.2502495979531665,0.2502495979531665,gradient_boosting,0.2,optimized_offpeak_growth,0.35,-0.4285714285714285
ST-010,2024-04-13 05:00:00,0.25,0.29863810459611684,0.2463394849487207,0.25,0.2500360422006034,0.2500360422006034,gradient_boosting,0.2,optimized_offpeak_growth,0.35,-0.4285714285714285
ST-008,2024-04-13 06:00:00,0.25,0.296669832477174,0.2330245120558846,0.17259450938073462,0.19063997168352048,0.19063997168352048,gradient_boosting,0.2,optimized_offpeak_growth,0.35,-0.4285714285714285
ST-018,2024-04-13 06:00:00,0.25,0.296669832477174,0.2331203647388363,0.19756245157292718,0.19853577214074172,0.19853577214074172,gradient_boosting,0.2,optimized_offpeak_growth,0.35,-0.4285714285714285
ST-016,2024-04-13 06:00:00,0.25,0.296669832477174,0.23881901368253577,0.25,0.2502495979531665,0.2502495979531665,gradient_boosting,0.2,optimized_offpeak_growth,0.35,-0.4285714285714285
ST-017,2024-04-13 06:00:00,0.25,0.296669832477174,0.2378571752897241,0.25,0.2501628497401546,0.2501628497401546,gradient_boosting,0.2,optimized_offpeak_growth,0.35,-0.4285714285714285
ST-002,2024-04-13 06:00:00,0.25,0.296669832477174,0.24055278317305215,0.25,0.25018273457998863,0.25018273457998863,gradient_boosting,0.2,optimized_offpeak_growth,0.35,-0.4285714285714285
ST-015,2024-04-13 06:00:00,0.25,0.296669832477174,0.25249434678531424,0.25,0.25039428941948677,0.25039428941948677,gradient_boosting,0.2,optimized_offpeak_growth,0.35,-0.4285714285714285
ST-007,2024-04-13 06:00:00,0.25,0.296669832477174,0.2578280327133827,0.25,0.2505356754559986,0.2505356754559986,gradient_boosting,0.2,optimized_offpeak_growth,0.35,-0.4285714285714285
ST-012,2024-04-13 06:00:00,0.25,0.296669832477174,0.23516494614692734,0.25,0.25018273457998863,0.25018273457998863,gradient_boosting,0.2,optimized_offpeak_growth,0.35,-0.4285714285714285
ST-003,2024-04-13 06:00:00,0.09979540746319443,0.296669832477174,0.23034871186886663,0.14102461609299874,0.1354119994974249,0.1354119994974249,gradient_boosting,0.2,optimized_offpeak_growth,0.35,-0.4285714285714285
ST-006,2024-04-13 06:00:00,0.25,0.296669832477174,0.23823086945457503,0.25,0.2500959863669768,0.2500959863669768,gradient_boosting,0.2,optimized_offpeak_growth,0.35,-0.4285714285714285
ST-008,2024-04-13 07:00:00,0.25,0.2916666666666667,0.25196006516108277,0.25,0.2506909130321297,0.2506909130321297,gradient_boosting,0.2,optimized_offpeak_growth,0.35,-0.4285714285714285
ST-016,2024-04-13 07:00:00,0.25,0.2916666666666667,0.2449109381556139,0.25,0.2505357810645804,0.2505357810645804,gradient_boosting,0.2,optimized_offpeak_growth,0.35,-0.4285714285714285
ST-015,2024-04-13 07:00:00,0.25,0.2916666666666667,0.24676619036822506,0.25,0.25045535026378474,0.25045535026378474,gradient_boosting,0.2,optimized_offpeak_growth,0.35,-0.4285714285714285
ST-018,2024-04-13 07:00:00,0.5,0.2916666666666667,0.5016702295312774,0.4980111943018461,0.5028232028849162,0.5028232028849162,gradient_boosting,0.5886,optimized_balanced_pricing,0.35,0.6817142857142859
ST-003,2024-04-13 07:00:00,0.25,0.2916666666666667,0.24841643427481927,0.25,0.25071079787196365,0.25071079787196365,gradient_boosting,0.2,optimized_offpeak_growth,0.35,-0.4285714285714285
ST-006,2024-04-13 07:00:00,0.25,0.2916666666666667,0.2542955365807868,0.25,0.2504490328515686,0.2504490328515686,gradient_boosting,0.2,optimized_offpeak_growth,0.35,-0.4285714285714285
ST-006,2024-04-13 08:00:00,0.5,0.3143939393939394,0.5032628804333285,0.49999789312396065,0.5008190827680908,0.5008190827680908,gradient_boosting,0.5849,optimized_balanced_pricing,0.35,0.6711428571428573
ST-016,2024-04-13 08:00:00,0.25,0.3143939393939394,0.2596457595620689,0.25,0.25057231909669525,0.25057231909669525,gradient_boosting,0.2,optimized_offpeak_growth,0.35,-0.4285714285714285
ST-002,2024-04-13 08:00:00,0.25,0.3143939393939394,0.25304085286548234,0.25,0.2507612930088083,0.2507612930088083,gradient_boosting,0.2,optimized_offpeak_growth,0.35,-0.4285714285714285
ST-008,2024-04-13 09:00:00,0.25,0.28308823529411764,0.25454860205006474,0.25,0.2505357810645804,0.2505357810645804,gradient_boosting,0.2,optimized_offpeak_growth,0.35,-0.4285714285714285
ST-004,2024-04-13 09:00:00,0.25,0.28308823529411764,0.26027702290434274,0.25,0.25048557088368345,0.25048557088368345,gradient_boosting,0.2,optimized_offpeak_growth,0.35,-0.4285714285714285
ST-016,2024-04-13 10:00:00,0.25,0.2796610169491525,0.23276826503820727,0.24442470709576197,0.24433286772002427,0.24433286772002427,gradient_boosting,0.2,optimized_offpeak_growth,0.35,-0.4285714285714285
ST-004,2024-04-13 10:00:00,0.25,0.2796610169491525,0.2361763828673281,0.25,0.25018905199220476,0.25018905199220476,gradient_boosting,0.2,optimized_offpeak_growth,0.35,-0.4285714285714285
ST-010,2024-04-13 10:00:00,0.5,0.2796610169491525,0.5135298123520515,0.49796981369832727,0.4970483204101332,0.4970483204101332,gradient_boosting,0.5778,optimized_balanced_pricing,0.35,0.6508571428571428
ST-006,2024-04-13 10:00:00,0.5,0.2796610169491525,0.4921399718126675,0.49887762946691205,0.4951818949865802,0.4951818949865802,gradient_boosting,0.5742,optimized_balanced_pricing,0.35,0.6405714285714288
ST-008,2024-04-13 10:00:00,0.25,0.2796610169491525,0.23223077041785567,0.23609401306809902,0.23858763717144035,0.23858763717144035,gradient_boosting,0.2,optimized_offpeak_growth,0.35,-0.4285714285714285
ST-017,2024-04-13 10:00:00,0.25,0.2796610169491525,0.2341231770343341,0.24930630055510297,0.24797375714990044,0.24797375714990044,gradient_boosting,0.2,optimized_offpeak_growth,0.35,-0.4285714285714285
ST-001,2024-04-13 11:00:00,0.25,0.2781064389093479,0.24000543499515076,0.25,0.2506932008339386,0.2506932008339386,gradient_boosting,0.2,optimized_offpeak_growth,0.35,-0.4285714285714285
ST-004,2024-04-13 11:00:00,0.5,0.2781064389093479,0.47129559443129054,0.4595014113714173,0.4750665396018888,0.4750665396018888,gradient_boosting,0.5343,optimized_balanced_pricing,0.35,0.5265714285714287
ST-007,2024-04-13 11:00:00,0.25,0.2781064389093479,0.23816580134452217,0.25,0.25018905199220476,0.25018905199220476,gradient_boosting,0.2,optimized_offpeak_growth,0.35,-0.4285714285714285
ST-012,2024-04-13 12:00:00,0.25,0.2804425749217195,0.23692663035827105,0.25,0.25018273457998863,0.25018273457998863,gradient_boosting,0.2,optimized_offpeak_growth,0.35,-0.4285714285714285
ST-005,2024-04-13 12:00:00,0.25,0.2804425749217195,0.24658969613544687,0.25,0.25018273457998863,0.25018273457998863,gradient_boosting,0.2,optimized_offpeak_growth,0.35,-0.4285714285714285
ST-004,2024-04-13 12:00:00,0.25,0.2804425749217195,0.24107363473271642,0.25,0.2500959863669768,0.2500959863669768,gradient_boosting,0.2,optimized_offpeak_growth,0.35,-0.4285714285714285
ST-011,2024-04-13 12:00:00,0.75,0.2804425749217195,0.7411872134899273,0.7459682325784303,0.7331762246171885,0.7331762246171885,gradient_boosting,0.6,optimized_balanced_pricing,0.35,0.7142857142857144
ST-014,2024-04-13 12:00:00,0.16950016749194444,0.2804425749217195,0.23124938620117855,0.17722488956466362,0.18794581535201574,0.18794581535201574,gradient_boosting,0.2,optimized_offpeak_growth,0.35,-0.4285714285714285
ST-014,2024-04-13 13:00:00,0.25,0.27784462404110555,0.23114999304759082,0.1736011120188245,0.15528417617084025,0.15528417617084025,gradient_boosting,0.2,optimized_offpeak_growth,0.35,-0.4285714285714285
ST-013,2024-04-13 13:00:00,0.25,0.27784462404110555,0.24893727789747927,0.25,0.2500959863669768,0.2500959863669768,gradient_boosting,0.2,optimized_offpeak_growth,0.35,-0.4285714285714285
ST-004,2024-04-13 13:00:00,0.25,0.27784462404110555,0.24101285923323168,0.25,0.25018273457998863,0.25018273457998863,gradient_boosting,0.2,optimized_offpeak_growth,0.35,-0.4285714285714285
ST-011,2024-04-13 13:00:00,0.25,0.27784462404110555,0.2339188850106681,0.25,0.25020262581484576,0.25020262581484576,gradient_boosting,0.2,optimized_offpeak_growth,0.35,-0.4285714285714285
ST-008,2024-04-13 13:00:00,0.25,0.27784462404110555,0.24462101868099162,0.25,0.25056639329438735,0.25056639329438735,gradient_boosting,0.2,optimized_offpeak_growth,0.35,-0.4285714285714285
ST-001,2024-04-13 13:00:00,0.1291138769122222,0.27784462404110555,0.23156328668476234,0.1866101220713369,0.17939237485733808,0.17939237485733808,gradient_boosting,0.2,optimized_offpeak_growth,0.35,-0.4285714285714285
ST-009,2024-04-13 14:00:00,0.25,0.30117796875909164,0.24354756856191967,0.25,0.2503577513873719,0.2503577513873719,gradient_boosting,0.2,optimized_offpeak_growth,0.35,-0.4285714285714285
ST-013,2024-04-13 14:00:00,0.25,0.30117796875909164,0.24814510655626848,0.25,0.2501023037791929,0.2501023037791929,gradient_boosting,0.2,optimized_offpeak_growth,0.35,-0.4285714285714285
ST-017,2024-04-13 14:00:00,0.25,0.30117796875909164,0.2324647600007889,0.1946726396880975,0.19853577214074172,0.19853577214074172,gradient_boosting,0.2,optimized_offpeak_growth,0.35,-0.4285714285714285
ST-012,2024-04-13 14:00:00,0.5,0.30117796875909164,0.47567713393001776,0.4898927395241804,0.4822962868692358,0.4822962868692358,gradient_boosting,0.5491,optimized_balanced_pricing,0.35,0.568857142857143
ST-010,2024-04-13 14:00:00,0.24002463676597222,0.30117796875909164,0.2301362273510589,0.18888315202802286,0.19940234114433192,0.19940234114433192,gradient_boosting,0.2,optimized_offpeak_growth,0.35,-0.4285714285714285
ST-011,2024-04-13 14:00:00,0.25,0.30117796875909164,0.23791137092243378,0.25,0.25018273457998863,0.25018273457998863,gradient_boosting,0.2,optimized_offpeak_growth,0.35,-0.4285714285714285
ST-015,2024-04-13 14:00:00,0.25,0.30117796875909164,0.2386961696752955,0.25,0.25018273457998863,0.25018273457998863,gradient_boosting,0.2,optimized_offpeak_growth,0.35,-0.4285714285714285
ST-010,2024-04-13 15:00:00,0.25,0.26607965127231453,0.24798585820008345,0.25,0.2504246147605497,0.2504246147605497,gradient_boosting,0.2,optimized_offpeak_growth,0.35,-0.4285714285714285
ST-003,2024-04-13 15:00:00,0.25,0.26607965127231453,0.23568811379992585,0.25,0.2502495979531665,0.2502495979531665,gradient_boosting,0.2,optimized_offpeak_growth,0.35,-0.4285714285714285
ST-014,2024-04-13 15:00:00,0.5,0.26607965127231453,0.49016126164934143,0.4897178374788458,0.4970393163289973,0.4970393163289973,gradient_boosting,0.5778,optimized_balanced_pricing,0.35,0.6508571428571428
ST-002,2024-04-13 15:00:00,0.25,0.26607965127231453,0.2728284145598463,0.25,0.2505053346846367,0.2505053346846367,gradient_boosting,0.2,optimized_offpeak_growth,0.35,-0.4285714285714285
ST-016,2024-04-13 15:00:00,0.25,0.26607965127231453,0.2433794123759542,0.25,0.2502888899191585,0.2502888899191585,gradient_boosting,0.2,optimized_offpeak_growth,0.35,-0.4285714285714285
ST-015,2024-04-13 15:00:00,0.5,0.26607965127231453,0.4718534943996192,0.47314039734910524,0.4727057529061087,0.4727057529061087,gradient_boosting,0.5294,optimized_balanced_pricing,0.35,0.5125714285714287
ST-010,2024-04-13 16:00:00,0.25,0.2925533495072557,0.23758247632357082,0.25,0.2502495979531665,0.2502495979531665,gradient_boosting,0.2,optimized_offpeak_growth,0.35,-0.4285714285714285
ST-007,2024-04-13 16:00:00,0.25,0.2925533495072557,0.2481252277734704,0.25,0.2500360422006034,0.2500360422006034,gradient_boosting,0.2,optimized_offpeak_growth,0.35,-0.4285714285714285
ST-013,2024-04-13 16:00:00,0.1401454150229861,0.2925533495072557,0.230677049659529,0.13725773783431983,0.1204125587558458,0.1204125587558458,gradient_boosting,0.2,optimized_offpeak_growth,0.35,-0.4285714285714285
ST-017,2024-04-13 16:00:00,0.5,0.2925533495072557,0.4865192821729202,0.4850219913361549,0.49691250878944604,0.49691250878944604,gradient_boosting,0.5775,optimized_balanced_pricing,0.35,0.6500000000000001
ST-004,2024-04-13 16:00:00,0.25,0.2925533495072557,0.23673388073591434,0.25,0.2502495979531665,0.2502495979531665,gradient_boosting,0.2,optimized_offpeak_growth,0.35,-0.4285714285714285
ST-015,2024-04-13 16:00:00,0.25,0.2925533495072557,0.2382017028756457,0.25,0.2502495979531665,0.2502495979531665,gradient_boosting,0.2,optimized_offpeak_growth,0.35,-0.4285714285714285
ST-008,2024-04-13 17:00:00,0.5,0.28846153846153844,0.5069821730004473,0.4998756931919655,0.5009155495362801,0.5009155495362801,gradient_boosting,0.585,optimized_balanced_pricing,0.35,0.6714285714285715
ST-016,2024-04-13 17:00:00,0.25,0.28846153846153844,0.2516131492761002,0.25,0.25051589622474646,0.25051589622474646,gradient_boosting,0.2,optimized_offpeak_growth,0.35,-0.4285714285714285
ST-002,2024-04-13 17:00:00,0.25,0.28846153846153844,0.2729397760393084,0.25,0.2511847690055998,0.2511847690055998,gradient_boosting,0.2,optimized_offpeak_growth,0.35,-0.4285714285714285
ST-012,2024-04-13 17:00:00,0.25,0.28846153846153844,0.25430820943657134,0.25,0.25051589622474646,0.25051589622474646,gradient_boosting,0.2,optimized_offpeak_growth,0.35,-0.4285714285714285
ST-011,2024-04-13 18:00:00,0.25,0.2971698113207547,0.2396878101985065,0.22935291229968888,0.23732098054700296,0.23732098054700296,gradient_boosting,0.2,optimized_offpeak_growth,0.35,-0.4285714285714285
ST-017,2024-04-13 18:00:00,0.25,0.2971698113207547,0.24809887113066667,0.25,0.25039540609741134,0.25039540609741134,gradient_boosting,0.2,optimized_offpeak_growth,0.35,-0.4285714285714285
ST-015,2024-04-13 18:00:00,0.25,0.2971698113207547,0.24274505283383802,0.24999624454884076,0.2503890886851952,0.2503890886851952,gradient_boosting,0.2,optimized_offpeak_growth,0.35,-0.4285714285714285
ST-002,2024-04-13 18:00:00,0.25,0.2971698113207547,0.24515654374995233,0.25,0.25062253567261544,0.25062253567261544,gradient_boosting,0.2,optimized_offpeak_growth,0.35,-0.4285714285714285
ST-018,2024-04-13 18:00:00,0.5,0.2971698113207547,0.5137470740686125,0.49804637086623527,0.5015766841131374,0.5015766841131374,gradient_boosting,0.5863,optimized_balanced_pricing,0.35,0.6751428571428573
ST-003,2024-04-13 18:00:00,0.25,0.2971698113207547,0.24708363320943982,0.25,0.25051589622474646,0.25051589622474646,gradient_boosting,0.2,optimized_offpeak_growth,0.35,-0.4285714285714285
ST-016,2024-04-13 18:00:00,0.25,0.2971698113207547,0.2597906206458563,0.25,0.2503587633441322,0.2503587633441322,gradient_boosting,0.2,optimized_offpeak_growth,0.35,-0.4285714285714285
ST-004,2024-04-13 19:00:00,0.25,0.30597014925373134,0.2513941393964688,0.25,0.25082815638198613,0.25082815638198613,gradient_boosting,0.2,optimized_offpeak_growth,0.35,-0.4285714285714285
ST-018,2024-04-13 19:00:00,0.25,0.30597014925373134,0.2598797046565992,0.25,0.25082362329026187,0.25082362329026187,gradient_boosting,0.2,optimized_offpeak_growth,0.35,-0.4285714285714285
ST-010,2024-04-13 19:00:00,0.25,0.30597014925373134,0.2393308519702187,0.23801608450080183,0.2446329920402361,0.2446329920402361,gradient_boosting,0.2,optimized_offpeak_growth,0.35,-0.4285714285714285
ST-006,2024-04-13 19:00:00,0.25,0.30597014925373134,0.2462225443834527,0.25,0.2505222136369626,0.2505222136369626,gradient_boosting,0.2,optimized_offpeak_growth,0.35,-0.4285714285714285
ST-011,2024-04-13 19:00:00,0.25,0.30597014925373134,0.25444575263897357,0.25,0.2507776612451415,0.2507776612451415,gradient_boosting,0.2,optimized_offpeak_growth,0.35,-0.4285714285714285
ST-012,2024-04-13 19:00:00,0.25,0.30597014925373134,0.2597896214266047,0.25,0.25057231909669525,0.25057231909669525,gradient_boosting,0.2,optimized_offpeak_growth,0.35,-0.4285714285714285
ST-014,2024-04-13 19:00:00,0.25,0.30597014925373134,0.2470825036848466,0.25,0.25083447379420226,0.25083447379420226,gradient_boosting,0.2,optimized_offpeak_growth,0.35,-0.4285714285714285
ST-007,2024-04-13 20:00:00,0.25,0.30333333333333334,0.2568392236668986,0.25,0.2505357810645804,0.2505357810645804,gradient_boosting,0.2,optimized_offpeak_growth,0.35,-0.4285714285714285
ST-006,2024-04-13 20:00:00,0.5,0.30333333333333334,0.4976769385986364,0.49999789312396065,0.5007323345550792,0.5007323345550792,gradient_boosting,0.5847,optimized_balanced_pricing,0.35,0.6705714285714286
ST-017,2024-04-13 20:00:00,0.25,0.30333333333333334,0.25066717832807417,0.25,0.25082815638198613,0.25082815638198613,gradient_boosting,0.2,optimized_offpeak_growth,0.35,-0.4285714285714285
ST-001,2024-04-13 20:00:00,0.25,0.30333333333333334,0.24969457155597768,0.25,0.2510031731893694,0.2510031731893694,gradient_boosting,0.2,optimized_offpeak_growth,0.35,-0.4285714285714285
ST-017,2024-04-13 21:00:00,0.25,0.2916666666666667,0.2564361685089861,0.25,0.2505357810645804,0.2505357810645804,gradient_boosting,0.2,optimized_offpeak_growth,0.35,-0.4285714285714285
ST-010,2024-04-13 21:00:00,0.25,0.2916666666666667,0.2615856022680905,0.25,0.2509431238443616,0.2509431238443616,gradient_boosting,0.2,optimized_offpeak_growth,0.35,-0.4285714285714285
ST-015,2024-04-13 21:00:00,0.25,0.2916666666666667,0.24782106199830517,0.25,0.25060264443775826,0.25060264443775826,gradient_boosting,0.2,optimized_offpeak_growth,0.35,-0.4285714285714285
ST-001,2024-04-13 22:00:00,0.12123764637347222,0.28625511394144015,0.23215129599057988,0.21135115690003914,0.19181968000051425,0.19181968000051425,gradient_boosting,0.2,optimized_offpeak_growth,0.35,-0.4285714285714285
ST-003,2024-04-13 22:00:00,0.25,0.28625511394144015,0.2411971432331229,0.25,0.2501162240177797,0.2501162240177797,gradient_boosting,0.2,optimized_offpeak_growth,0.35,-0.4285714285714285
ST-008,2024-04-13 22:00:00,0.25,0.28625511394144015,0.2321775702215138,0.2295596316986086,0.23307064272738903,0.23307064272738903,gradient_boosting,0.2,optimized_offpeak_growth,0.35,-0.4285714285714285
ST-015,2024-04-13 22:00:00,0.25,0.28625511394144015,0.23466979092738252,0.2490125960699069,0.2483285518618462,0.2483285518618462,gradient_boosting,0.2,optimized_offpeak_growth,0.35,-0.4285714285714285
ST-005,2024-04-13 22:00:00,0.25,0.28625511394144015,0.2505358672217054,0.25,0.2501162240177797,0.2501162240177797,gradient_boosting,0.2,optimized_offpeak_growth,0.35,-0.4285714285714285
ST-014,2024-04-13 22:00:00,0.25,0.28625511394144015,0.24801961677329692,0.25,0.24990266826521665,0.24990266826521665,gradient_boosting,0.2,optimized_offpeak_growth,0.35,-0.4285714285714285
ST-004,2024-04-13 22:00:00,0.25,0.28625511394144015,0.23696601329695116,0.25,0.2501162240177797,0.2501162240177797,gradient_boosting,0.2,optimized_offpeak_growth,0.35,-0.4285714285714285
ST-002,2024-04-13 23:00:00,0.25,0.27220390898905344,0.24177620968466565,0.25,0.25002947580476786,0.25002947580476786,gradient_boosting,0.2,optimized_offpeak_growth,0.35,-0.4285714285714285
ST-011,2024-04-13 23:00:00,0.25,0.27220390898905344,0.23316530026968596,0.23189850315365165,0.23842806098400357,0.23842806098400357,gradient_boosting,0.2,optimized_offpeak_growth,0.35,-0.4285714285714285
ST-005,2024-04-13 23:00:00,0.25,0.27220390898905344,0.24349025550834047,0.25,0.2502559153653826,0.2502559153653826,gradient_boosting,0.2,optimized_offpeak_growth,0.35,-0.4285714285714285
ST-010,2024-04-14 00:00:00,0.25,0.2809424822966144,0.23391037469509643,0.25,0.24998556066259547,0.24998556066259547,gradient_boosting,0.2,optimized_offpeak_growth,0.35,-0.4285714285714285
ST-008,2024-04-14 00:00:00,0.25,0.2809424822966144,0.24746242798220797,0.25,0.2501542600577626,0.2501542600577626,gradient_boosting,0.2,optimized_offpeak_growth,0.35,-0.4285714285714285
ST-004,2024-04-14 00:00:00,0.25,0.2809424822966144,0.23365975494992178,0.2483850465354923,0.24947190577950373,0.24947190577950373,gradient_boosting,0.2,optimized_offpeak_growth,0.35,-0.4285714285714285
ST-005,2024-04-14 00:00:00,0.10772761168673611,0.2809424822966144,0.23013044281146827,0.14851153756691152,0.13083827522010477,0.13083827522010477,gradient_boosting,0.2,optimized_offpeak_growth,0.35,-0.4285714285714285
ST-017,2024-04-14 00:00:00,0.25,0.2809424822966144,0.23767443945129466,0.25,0.24998556066259547,0.24998556066259547,gradient_boosting,0.2,optimized_offpeak_growth,0.35,-0.4285714285714285
ST-004,2024-04-14 01:00:00,0.25,0.2549889992129882,0.23353840882320948,0.2462127151604491,0.24824945257960457,0.24824945257960457,gradient_boosting,0.2,optimized_offpeak_growth,0.35,-0.4285714285714285
ST-016,2024-04-14 01:00:00,0.5,0.2549889992129882,0.4736321777557858,0.47606247596850093,0.4846271907553598,0.4846271907553598,gradient_boosting,0.5537,optimized_balanced_pricing,0.35,0.5820000000000001
ST-012,2024-04-14 01:00:00,0.48159188971069444,0.2549889992129882,0.48652116159654674,0.4954932208114799,0.49400679748211085,0.49400679748211085,gradient_boosting,0.572,optimized_balanced_pricing,0.35,0.6342857142857143
ST-011,2024-04-14 01:00:00,0.5,0.2549889992129882,0.47079407237323634,0.4695323590002556,0.47376190509366894,0.47376190509366894,gradient_boosting,0.5316,optimized_balanced_pricing,0.35,0.5188571428571429
ST-007,2024-04-14 02:00:00,0.2007497184304861,0.28759556983134704,0.23022599555973566,0.15425274156978205,0.15527658007130524,0.15527658007130524,gradient_boosting,0.2,optimized_offpeak_growth,0.35,-0.4285714285714285
ST-002,2024-04-14 02:00:00,0.25,0.28759556983134704,0.23190213930498255,0.23359250904689008,0.23936062485547568,0.23936062485547568,gradient_boosting,0.2,optimized_offpeak_growth,0.35,-0.4285714285714285
ST-016,2024-04-14 02:00:00,0.25,0.28759556983134704,0.2468272169316184,0.25,0.2502495979531665,0.2502495979531665,gradient_boosting,0.2,optimized_offpeak_growth,0.35,-0.4285714285714285
ST-004,2024-04-14 02:00:00,0.25,0.28759556983134704,0.23581259959347434,0.25,0.25018273457998863,0.25018273457998863,gradient_boosting,0.2,optimized_offpeak_growth,0.35,-0.4285714285714285
ST-011,2024-04-14 02:00:00,0.18602630769444445,0.28759556983134704,0.23246416047466184,0.212544820543265,0.20861127598743376,0.20861127598743376,gradient_boosting,0.2,optimized_offpeak_growth,0.35,-0.4285714285714285
ST-015,2024-04-14 02:00:00,0.25,0.28759556983134704,0.23423193795891292,0.24763027862881337,0.2485486740102447,0.2485486740102447,gradient_boosting,0.2,optimized_offpeak_growth,0.35,-0.4285714285714285
ST-018,2024-04-14 02:00:00,0.25,0.28759556983134704,0.24073668325176764,0.25,0.2502559153653826,0.2502559153653826,gradient_boosting,0.2,optimized_offpeak_growth,0.35,-0.4285714285714285
ST-012,2024-04-14 02:00:00,0.25,0.28759556983134704,0.23801391334665656,0.25,0.2500423596128195,0.2500423596128195,gradient_boosting,0.2,optimized_offpeak_growth,0.35,-0.4285714285714285
ST-014,2024-04-14 03:00:00,0.5,0.2898970000164358,0.47916335220042194,0.49180907966856224,0.49228742164880634,0.49228742164880634,gradient_boosting,0.5687,optimized_balanced_pricing,0.35,0.624857142857143
ST-013,2024-04-14 03:00:00,0.25,0.2898970000164358,0.2347090853736244,0.25,0.25033786654753787,0.25033786654753787,gradient_boosting,0.2,optimized_offpeak_growth,0.35,-0.4285714285714285
ST-012,2024-04-14 03:00:00,0.25,0.2898970000164358,0.23692407226982792,0.25,0.2502495979531665,0.2502495979531665,gradient_boosting,0.2,optimized_offpeak_growth,0.35,-0.4285714285714285
ST-011,2024-04-14 03:00:00,0.46956221095923606,0.2898970000164358,0.46970547291963705,0.439132124254516,0.44458820879939276,0.44458820879939276,gradient_boosting,0.467,optimized_balanced_pricing,0.35,0.3342857142857145
ST-010,2024-04-14 03:00:00,0.25,0.2898970000164358,0.2413409888443416,0.25,0.2502495979531665,0.2502495979531665,gradient_boosting,0.2,optimized_offpeak_growth,0.35,-0.4285714285714285
ST-010,2024-04-14 04:00:00,0.25,0.2705343843358972,0.23115461474700208,0.19646927079002965,0.19359382475098605,0.19359382475098605,gradient_boosting,0.2,optimized_offpeak_growth,0.35,-0.4285714285714285
ST-005,2024-04-14 04:00:00,0.25,0.2705343843358972,0.2386871569618727,0.25,0.25079948336505936,0.25079948336505936,gradient_boosting,0.2,optimized_offpeak_growth,0.35,-0.4285714285714285
ST-013,2024-04-14 04:00:00,0.25,0.2705343843358972,0.24699546535136957,0.25,0.2502495979531665,0.2502495979531665,gradient_boosting,0.2,optimized_offpeak_growth,0.35,-0.4285714285714285
ST-001,2024-04-14 04:00:00,0.25,0.2705343843358972,0.2501911725616634,0.25,0.2504246147605497,0.2504246147605497,gradient_boosting,0.2,optimized_offpeak_growth,0.35,-0.4285714285714285
ST-015,2024-04-14 05:00:00,0.25,0.26930142859083334,0.24664835949277866,0.25,0.2502495979531665,0.2502495979531665,gradient_boosting,0.2,optimized_offpeak_growth,0.35,-0.4285714285714285
ST-007,2024-04-14 05:00:00,0.25,0.26930142859083334,0.23594897232845125,0.25,0.2504246147605497,0.2504246147605497,gradient_boosting,0.2,optimized_offpeak_growth,0.35,-0.4285714285714285
ST-005,2024-04-14 05:00:00,0.25,0.26930142859083334,0.2378861586095201,0.25,0.2502495979531665,0.2502495979531665,gradient_boosting,0.2,optimized_offpeak_growth,0.35,-0.4285714285714285
ST-011,2024-04-14 05:00:00,0.25,0.26930142859083334,0.2399100250909481,0.25,0.2502495979531665,0.2502495979531665,gradient_boosting,0.2,optimized_offpeak_growth,0.35,-0.4285714285714285
ST-004,2024-04-14 05:00:00,0.25,0.26930142859083334,0.2518036789416324,0.25,0.25013252439909167,0.25013252439909167,gradient_boosting,0.2,optimized_offpeak_growth,0.35,-0.4285714285714285
ST-017,2024-04-14 05:00:00,0.25,0.26930142859083334,0.23235224265176857,0.24106929139889088,0.23864818313240208,0.23864818313240208,gradient_boosting,0.2,optimized_offpeak_growth,0.35,-0.4285714285714285
ST-008,2024-04-14 05:00:00,0.25,0.26930142859083334,0.24223663122078767,0.25,0.2502495979531665,0.2502495979531665,gradient_boosting,0.2,optimized_offpeak_growth,0.35,-0.4285714285714285
ST-015,2024-04-14 06:00:00,0.5,0.2893282456937755,0.48482368609328885,0.49341876247313465,0.4950351962121718,0.4950351962121718,gradient_boosting,0.574,optimized_balanced_pricing,0.35,0.6399999999999999
ST-018,2024-04-14 06:00:00,0.14217440482319446,0.2893282456937755,0.23143017793378978,0.19298585979077496,0.19853577214074172,0.19853577214074172,gradient_boosting,0.2,optimized_offpeak_growth,0.35,-0.4285714285714285
ST-002,2024-04-14 06:00:00,0.5,0.2893282456937755,0.48313968905339294,0.48758671606505316,0.49337073580143254,0.49337073580143254,gradient_boosting,0.5708,optimized_balanced_pricing,0.35,0.6308571428571428
ST-004,2024-04-14 06:00:00,0.471085486675,0.2893282456937755,0.49207354102544515,0.4895838007356116,0.4950415136243879,0.4950415136243879,gradient_boosting,0.574,optimized_balanced_pricing,0.35,0.6399999999999999
ST-011,2024-04-14 06:00:00,0.25,0.2893282456937755,0.24872868223511146,0.25,0.2502495979531665,0.2502495979531665,gradient_boosting,0.2,optimized_offpeak_growth,0.35,-0.4285714285714285
ST-004,2024-04-14 07:00:00,0.5,0.29411764705882354,0.49263893920174234,0.4999106969067085,0.5008254001803071,0.5008254001803071,gradient_boosting,0.5849,optimized_balanced_pricing,0.35,0.6711428571428573
ST-012,2024-04-14 07:00:00,0.25,0.29411764705882354,0.24917365156065363,0.25,0.2505357810645804,0.2505357810645804,gradient_boosting,0.2,optimized_offpeak_growth,0.35,-0.4285714285714285
ST-011,2024-04-14 07:00:00,0.25,0.29411764705882354,0.2520871455355884,0.25,0.25054209847679654,0.25054209847679654,gradient_boosting,0.2,optimized_offpeak_growth,0.35,-0.4285714285714285
ST-013,2024-04-14 07:00:00,0.5,0.29411764705882354,0.4867059188673717,0.4981177493001239,0.498615880874201,0.498615880874201,gradient_boosting,0.5807,optimized_balanced_pricing,0.35,0.6591428571428573
ST-018,2024-04-14 08:00:00,0.5,0.30405405405405406,0.4906527967257661,0.4968124082708476,0.5020924812799129,0.5020924812799129,gradient_boosting,0.5872,optimized_balanced_pricing,0.35,0.6777142857142859
ST-016,2024-04-14 09:00:00,0.25,0.30067567567567566,0.2657246673656578,0.25,0.25055455128441534,0.25055455128441534,gradient_boosting,0.2,optimized_offpeak_growth,0.35,-0.4285714285714285
ST-012,2024-04-14 09:00:00,0.25,0.30067567567567566,0.2465024322599986,0.25,0.25060264443775826,0.25060264443775826,gradient_boosting,0.2,optimized_offpeak_growth,0.35,-0.4285714285714285
ST-011,2024-04-14 09:00:00,0.25,0.30067567567567566,0.24721300839766885,0.25,0.25060264443775826,0.25060264443775826,gradient_boosting,0.2,optimized_offpeak_growth,0.35,-0.4285714285714285
ST-004,2024-04-14 09:00:00,0.25,0.30067567567567566,0.2571004656419393,0.25,0.2506089618499744,0.2506089618499744,gradient_boosting,0.2,optimized_offpeak_growth,0.35,-0.4285714285714285
ST-014,2024-04-14 10:00:00,0.25,0.29918032786885246,0.23548713970445104,0.25,0.25018905199220476,0.25018905199220476,gradient_boosting,0.2,optimized_offpeak_growth,0.35,-0.4285714285714285
ST-004,2024-04-14 10:00:00,0.25,0.29918032786885246,0.23920448960368715,0.25,0.2502559153653826,0.2502559153653826,gradient_boosting,0.2,optimized_offpeak_growth,0.35,-0.4285714285714285
ST-011,2024-04-14 10:00:00,0.25,0.29918032786885246,0.24244309783388202,0.25,0.2500959863669768,0.2500959863669768,gradient_boosting,0.2,optimized_offpeak_growth,0.35,-0.4285714285714285
ST-015,2024-04-14 11:00:00,0.15876437942875,0.27727911351456924,0.23029369203332897,0.146455564679358,0.13304662840801115,0.13304662840801115,gradient_boosting,0.2,optimized_offpeak_growth,0.35,-0.4285714285714285
ST-011,2024-04-14 11:00:00,0.25,0.27727911351456924,0.23209453094326216,0.23417038396072876,0.23279410081889224,0.23279410081889224,gradient_boosting,0.2,optimized_offpeak_growth,0.35,-0.4285714285714285
ST-018,2024-04-14 12:00:00,0.25,0.2748947827263669,0.23339963494160576,0.2447619298587674,0.24504994466279406,0.24504994466279406,gradient_boosting,0.2,optimized_offpeak_growth,0.35,-0.4285714285714285
ST-013,2024-04-14 12:00:00,0.25,0.2748947827263669,0.279968076812662,0.25,0.251799310175701,0.251799310175701,gradient_boosting,0.2,optimized_offpeak_growth,0.35,-0.4285714285714285
ST-006,2024-04-14 12:00:00,0.25,0.2748947827263669,0.24685969245639078,0.25,0.25063078396989225,0.25063078396989225,gradient_boosting,0.2,optimized_offpeak_growth,0.35,-0.4285714285714285
ST-004,2024-04-14 13:00:00,0.25,0.2842430015449937,0.23562428462765855,0.25,0.2501628497401546,0.2501628497401546,gradient_boosting,0.2,optimized_offpeak_growth,0.35,-0.4285714285714285
ST-011,2024-04-14 13:00:00,0.25,0.2842430015449937,0.24295082569972737,0.25,0.2504246147605497,0.2504246147605497,gradient_boosting,0.2,optimized_offpeak_growth,0.35,-0.4285714285714285
ST-001,2024-04-14 13:00:00,0.25,0.2842430015449937,0.2352570536461195,0.25,0.2500423596128195,0.2500423596128195,gradient_boosting,0.2,optimized_offpeak_growth,0.35,-0.4285714285714285
ST-007,2024-04-14 13:00:00,0.25,0.2842430015449937,0.24172387925638808,0.25,0.2501628497401546,0.2501628497401546,gradient_boosting,0.2,optimized_offpeak_growth,0.35,-0.4285714285714285
ST-012,2024-04-14 13:00:00,0.4148827978119444,0.2842430015449937,0.4690598754795336,0.4401795127735625,0.4430947946614425,0.4430947946614425,gradient_boosting,0.4635,optimized_balanced_pricing,0.35,0.3242857142857145
ST-010,2024-04-14 13:00:00,0.25,0.2842430015449937,0.24330356704371675,0.25,0.2504246147605497,0.2504246147605497,gradient_boosting,0.2,optimized_offpeak_growth,0.35,-0.4285714285714285
ST-005,2024-04-14 13:00:00,0.5,0.2842430015449937,0.4780237065076913,0.4953621985843063,0.4889383073625604,0.4889383073625604,gradient_boosting,0.5622,optimized_balanced_pricing,0.35,0.6062857142857145
ST-016,2024-04-14 13:00:00,0.25,0.2842430015449937,0.23351691915207762,0.25,0.2502559153653826,0.2502559153653826,gradient_boosting,0.2,optimized_offpeak_growth,0.35,-0.4285714285714285
ST-009,2024-04-14 13:00:00,0.25,0.2842430015449937,0.24161497553403147,0.25,0.2501628497401546,0.2501628497401546,gradient_boosting,0.2,optimized_offpeak_growth,0.35,-0.4285714285714285
ST-002,2024-04-14 13:00:00,0.25,0.2842430015449937,0.24190592394244065,0.25,0.2502559153653826,0.2502559153653826,gradient_boosting,0.2,optimized_offpeak_growth,0.35,-0.4285714285714285
ST-003,2024-04-14 14:00:00,0.25,0.2851444121278114,0.24005949719188482,0.25,0.25018273457998863,0.25018273457998863,gradient_boosting,0.2,optimized_offpeak_growth,0.35,-0.4285714285714285
ST-011,2024-04-14 14:00:00,0.25,0.2851444121278114,0.24256329223979314,0.25,0.25018273457998863,0.25018273457998863,gradient_boosting,0.2,optimized_offpeak_growth,0.35,-0.4285714285714285
ST-002,2024-04-14 14:00:00,0.25,0.2851444121278114,0.23843025694784836,0.25,0.25018273457998863,0.25018273457998863,gradient_boosting,0.2,optimized_offpeak_growth,0.35,-0.4285714285714285
ST-005,2024-04-14 15:00:00,0.25,0.3081897693152609,0.23943420328093334,0.25,0.2500959863669768,0.2500959863669768,gradient_boosting,0.2,optimized_offpeak_growth,0.35,-0.4285714285714285
ST-017,2024-04-14 15:00:00,0.75,0.3081897693152609,0.7309937854725981,0.7361121406405667,0.7315542699946862,0.7315542699946862,gradient_boosting,0.6,optimized_balanced_pricing,0.35,0.7142857142857144
ST-016,2024-04-14 15:00:00,0.25,0.3081897693152609,0.24411715406993534,0.25,0.2500959863669768,0.2500959863669768,gradient_boosting,0.2,optimized_offpeak_growth,0.35,-0.4285714285714285
ST-004,2024-04-14 16:00:00,0.5,0.27447375135043245,0.48914270511748575,0.4994857408410429,0.4950351962121718,0.4950351962121718,gradient_boosting,0.574,optimized_balanced_pricing,0.35,0.6399999999999999
ST-005,2024-04-14 16:00:00,0.25,0.27447375135043245,0.2470439454791198,0.25,0.2500959863669768,0.2500959863669768,gradient_boosting,0.2,optimized_offpeak_growth,0.35,-0.4285714285714285
ST-006,2024-04-14 16:00:00,0.25,0.27447375135043245,0.2380469344444496,0.25,0.25018273457998863,0.25018273457998863,gradient_boosting,0.2,optimized_offpeak_growth,0.35,-0.4285714285714285
ST-001,2024-04-14 17:00:00,0.5,0.2850877192982456,0.522829078064619,0.49999340964063277,0.5021439888065699,0.5021439888065699,gradient_boosting,0.5873,optimized_balanced_pricing,0.35,0.6780000000000002
ST-008,2024-04-14 17:00:00,0.25,0.2850877192982456,0.2533367735985878,0.25,0.2505357810645804,0.2505357810645804,gradient_boosting,0.2,optimized_offpeak_growth,0.35,-0.4285714285714285
ST-004,2024-04-14 17:00:00,0.25,0.2850877192982456,0.24692552736069168,0.25,0.25054209847679654,0.25054209847679654,gradient_boosting,0.2,optimized_offpeak_growth,0.35,-0.4285714285714285
ST-017,2024-04-14 17:00:00,0.25,0.2850877192982456,0.26276654093681506,0.25,0.2509148058113868,0.2509148058113868,gradient_boosting,0.2,optimized_offpeak_growth,0.35,-0.4285714285714285
ST-007,2024-04-14 17:00:00,0.5,0.2850877192982456,0.4856271632022549,0.4974830274806312,0.495381744726646,0.495381744726646,gradient_boosting,0.5746,optimized_balanced_pricing,0.35,0.6417142857142859
ST-006,2024-04-14 17:00:00,0.25,0.2850877192982456,0.25389378894998293,0.25,0.2505357810645804,0.2505357810645804,gradient_boosting,0.2,optimized_offpeak_growth,0.35,-0.4285714285714285
ST-002,2024-04-14 17:00:00,0.25,0.2850877192982456,0.2468745544729977,0.25,0.2507612930088083,0.2507612930088083,gradient_boosting,0.2,optimized_offpeak_growth,0.35,-0.4285714285714285
ST-009,2024-04-14 18:00:00,0.5,0.30514705882352944,0.49050036904712946,0.49999265521988384,0.5000883611630874,0.5000883611630874,gradient_boosting,0.5835,optimized_balanced_pricing,0.35,0.6671428571428573
ST-004,2024-04-14 18:00:00,0.25,0.30514705882352944,0.26031042929434656,0.25,0.25057231909669525,0.25057231909669525,gradient_boosting,0.2,optimized_offpeak_growth,0.35,-0.4285714285714285
ST-015,2024-04-14 18:00:00,0.25,0.30514705882352944,0.24555152526681973,0.25,0.2510031731893694,0.2510031731893694,gradient_boosting,0.2,optimized_offpeak_growth,0.35,-0.4285714285714285
ST-013,2024-04-14 18:00:00,0.25,0.30514705882352944,0.2529215497086084,0.25,0.25051126076652863,0.25051126076652863,gradient_boosting,0.2,optimized_offpeak_growth,0.35,-0.4285714285714285
ST-007,2024-04-14 19:00:00,0.25,0.29044117647058826,0.26900753874678657,0.25,0.2507681070369784,0.2507681070369784,gradient_boosting,0.2,optimized_offpeak_growth,0.35,-0.4285714285714285
ST-014,2024-04-14 19:00:00,0.25,0.29044117647058826,0.2509096442502976,0.25,0.25106275441418974,0.25106275441418974,gradient_boosting,0.2,optimized_offpeak_growth,0.35,-0.4285714285714285
ST-005,2024-04-14 20:00:00,0.5,0.2791666666666667,0.49802740202803886,0.4999989293552211,0.5010445947123187,0.5010445947123187,gradient_boosting,0.5853,optimized_balanced_pricing,0.35,0.6722857142857146
ST-008,2024-04-14 20:00:00,0.25,0.2791666666666667,0.23891044307091786,0.23534592859002018,0.23448522797285273,0.23448522797285273,gradient_boosting,0.2,optimized_offpeak_growth,0.35,-0.4285714285714285
ST-018,2024-04-14 20:00:00,0.5,0.2791666666666667,0.5270453924697167,0.49997169709793843,0.5026732108915972,0.5026732108915972,gradient_boosting,0.5883,optimized_balanced_pricing,0.35,0.680857142857143
ST-009,2024-04-14 20:00:00,0.25,0.2791666666666667,0.2473803725035726,0.25,0.2506089618499744,0.2506089618499744,gradient_boosting,0.2,optimized_offpeak_growth,0.35,-0.4285714285714285
ST-006,2024-04-14 21:00:00,0.25,0.27734375,0.25452391775658056,0.25,0.25060264443775826,0.25060264443775826,gradient_boosting,0.2,optimized_offpeak_growth,0.35,-0.4285714285714285
ST-011,2024-04-14 21:00:00,0.25,0.27734375,0.24836936293051687,0.25,0.25060264443775826,0.25060264443775826,gradient_boosting,0.2,optimized_offpeak_growth,0.35,-0.4285714285714285
ST-005,2024-04-14 22:00:00,0.75,0.28101737038122715,0.7154917196428976,0.7190080372786374,0.7222048688559078,0.7222048688559078,gradient_boosting,0.6,optimized_balanced_pricing,0.35,0.7142857142857144
ST-013,2024-04-14 22:00:00,0.5,0.28101737038122715,0.49738226371585326,0.4973630324021054,0.4928668510201716,0.4928668510201716,gradient_boosting,0.5698,optimized_balanced_pricing,0.35,0.6280000000000001
ST-002,2024-04-14 22:00:00,0.25,0.28101737038122715,0.2351834814031946,0.25,0.2501162240177797,0.2501162240177797,gradient_boosting,0.2,optimized_offpeak_growth,0.35,-0.4285714285714285
ST-006,2024-04-14 22:00:00,0.25,0.28101737038122715,0.24474062173385713,0.25,0.2502559153653826,0.2502559153653826,gradient_boosting,0.2,optimized_offpeak_growth,0.35,-0.4285714285714285
ST-012,2024-04-14 22:00:00,0.5,0.28101737038122715,0.4980589745002532,0.4983282680620766,0.4948933321246408,0.4948933321246408,gradient_boosting,0.5737,optimized_balanced_pricing,0.35,0.6391428571428572
ST-009,2024-04-14 22:00:00,0.25,0.28101737038122715,0.24025962911593635,0.25,0.2501162240177797,0.2501162240177797,gradient_boosting,0.2,optimized_offpeak_growth,0.35,-0.4285714285714285
ST-006,2024-04-14 23:00:00,0.25,0.2689905583303876,0.2571322947908632,0.25,0.2503334699789866,0.2503334699789866,gradient_boosting,0.2,optimized_offpeak_growth,0.35,-0.4285714285714285
ST-010,2024-04-14 23:00:00,0.25,0.2689905583303876,0.2618592786903862,0.25,0.2507083385834963,0.2507083385834963,gradient_boosting,0.2,optimized_offpeak_growth,0.35,-0.4285714285714285
ST-003,2024-04-14 23:00:00,0.25,0.2689905583303876,0.23661081985237115,0.25,0.2501162240177797,0.2501162240177797,gradient_boosting,0.2,optimized_offpeak_growth,0.35,-0.4285714285714285
ST-012,2024-04-14 23:00:00,0.5,0.2689905583303876,0.49902651796969344,0.4770594491279653,0.49535661981563717,0.49535661981563717,gradient_boosting,0.5746,optimized_balanced_pricing,0.35,0.6417142857142859
ST-014,2024-04-14 23:00:00,0.25,0.2689905583303876,0.2409751300479078,0.25,0.2501162240177797,0.2501162240177797,gradient_boosting,0.2,optimized_offpeak_growth,0.35,-0.4285714285714285
ST-017,2024-04-14 23:00:00,0.25,0.2689905583303876,0.23455539577682366,0.243036258592087,0.2498392853762402,0.2498392853762402,gradient_boosting,0.2,optimized_offpeak_growth,0.35,-0.4285714285714285
ST-006,2024-04-15 00:00:00,0.4988782628159722,0.27573829529473187,0.4752841532840988,0.47815588674271325,0.48797883468689196,0.48797883468689196,gradient_boosting,0.5603,optimized_balanced_pricing,0.35,0.600857142857143
ST-015,2024-04-15 00:00:00,0.25,0.27573829529473187,0.2417411469632651,0.25,0.24997924325037932,0.24997924325037932,gradient_boosting,0.2,optimized_offpeak_growth,0.35,-0.4285714285714285
ST-010,2024-04-15 00:00:00,0.25,0.27573829529473187,0.24029756401591343,0.25,0.2498988124495837,0.2498988124495837,gradient_boosting,0.2,optimized_offpeak_growth,0.35,-0.4285714285714285
ST-003,2024-04-15 00:00:00,0.25,0.27573829529473187,0.23573864186670568,0.25,0.25055958265722245,0.25055958265722245,gradient_boosting,0.2,optimized_offpeak_growth,0.35,-0.4285714285714285
ST-016,2024-04-15 00:00:00,0.20501088969069445,0.27573829529473187,0.2317875930244445,0.24229801918099078,0.2434334813337386,0.2434334813337386,gradient_boosting,0.2,optimized_offpeak_growth,0.35,-0.4285714285714285
ST-008,2024-04-15 00:00:00,0.5,0.27573829529473187,0.4809308133389185,0.49014750743828056,0.4949426676588301,0.4949426676588301,gradient_boosting,0.5738,optimized_balanced_pricing,0.35,0.6394285714285715
ST-002,2024-04-15 01:00:00,0.25,0.27337348067384115,0.2331480808211006,0.24621642595248996,0.2448311540329496,0.2448311540329496,gradient_boosting,0.2,optimized_offpeak_growth,0.35,-0.4285714285714285
ST-006,2024-04-15 01:00:00,0.13968707895368054,0.27337348067384115,0.23009637494392418,0.0850540864467906,0.09234791297453078,0.09234791297453078,gradient_boosting,0.2,optimized_offpeak_growth,0.35,-0.4285714285714285
ST-018,2024-04-15 01:00:00,0.4125859164139583,0.27337348067384115,0.47633911679431873,0.4247633071133619,0.49018764288339445,0.49018764288339445,gradient_boosting,0.5646,optimized_balanced_pricing,0.35,0.6131428571428572
ST-012,2024-04-15 01:00:00,0.25,0.27337348067384115,0.23541037865944478,0.25,0.25011696013676865,0.25011696013676865,gradient_boosting,0.2,optimized_offpeak_growth,0.35,-0.4285714285714285
ST-013,2024-04-15 01:00:00,0.08320718588347223,0.27337348067384115,0.2284870153859437,0.09868220973645131,0.09901841067881564,0.09901841067881564,gradient_boosting,0.2,optimized_offpeak_growth,0.35,-0.4285714285714285
ST-008,2024-04-15 02:00:00,0.25,0.2832746359622927,0.2511446167382467,0.25,0.2501388418113078,0.2501388418113078,gradient_boosting,0.2,optimized_offpeak_growth,0.35,-0.4285714285714285
ST-013,2024-04-15 02:00:00,0.25,0.2832746359622927,0.23338282954871825,0.2386888228330977,0.24450156711519136,0.24450156711519136,gradient_boosting,0.2,optimized_offpeak_growth,0.35,-0.4285714285714285
ST-017,2024-04-15 02:00:00,0.17715730780298614,0.2832746359622927,0.2320043839442998,0.22330396362128396,0.22203176017380077,0.22203176017380077,gradient_boosting,0.2,optimized_offpeak_growth,0.35,-0.4285714285714285
ST-005,2024-04-15 02:00:00,0.25,0.2832746359622927,0.2354819050030599,0.25,0.2502559153653826,0.2502559153653826,gradient_boosting,0.2,optimized_offpeak_growth,0.35,-0.4285714285714285
ST-004,2024-04-15 02:00:00,0.25,0.2832746359622927,0.23852741759675927,0.25,0.25016916715237075,0.25016916715237075,gradient_boosting,0.2,optimized_offpeak_growth,0.35,-0.4285714285714285
ST-001,2024-04-15 02:00:00,0.0625,0.2832746359622927,0.22720082484642107,0.10346693648694716,0.09597452158140951,0.09597452158140951,gradient_boosting,0.2,optimized_offpeak_growth,0.35,-0.4285714285714285
ST-018,2024-04-15 02:00:00,0.25,0.2832746359622927,0.2535581013199057,0.25,0.25022559002431966,0.25022559002431966,gradient_boosting,0.2,optimized_offpeak_growth,0.35,-0.4285714285714285
ST-009,2024-04-15 03:00:00,0.75,0.276154241944218,0.7434806858546126,0.732001352018499,0.7326655186383132,0.7326655186383132,gradient_boosting,0.6,optimized_balanced_pricing,0.35,0.7142857142857144
ST-006,2024-04-15 03:00:00,0.25,0.276154241944218,0.23662972053159925,0.25,0.2503577513873719,0.2503577513873719,gradient_boosting,0.2,optimized_offpeak_growth,0.35,-0.4285714285714285
ST-002,2024-04-15 03:00:00,0.25,0.276154241944218,0.2395139772030751,0.25,0.2501352783329688,0.2501352783329688,gradient_boosting,0.2,optimized_offpeak_growth,0.35,-0.4285714285714285
ST-011,2024-04-15 03:00:00,0.25,0.276154241944218,0.23435137990916974,0.25,0.2499691788274255,0.2499691788274255,gradient_boosting,0.2,optimized_offpeak_growth,0.35,-0.4285714285714285
ST-002,2024-04-15 04:00:00,0.25,0.2934248038487123,0.23314434800679296,0.24537577122297363,0.24441329852081994,0.24441329852081994,gradient_boosting,0.2,optimized_offpeak_growth,0.35,-0.4285714285714285
ST-007,2024-04-15 04:00:00,0.25,0.2934248038487123,0.2345240966026925,0.25,0.25016916715237075,0.25016916715237075,gradient_boosting,0.2,optimized_offpeak_growth,0.35,-0.4285714285714285
ST-001,2024-04-15 04:00:00,0.25,0.2934248038487123,0.25551434581827914,0.25,0.25071069226338183,0.25071069226338183,gradient_boosting,0.2,optimized_offpeak_growth,0.35,-0.4285714285714285
ST-012,2024-04-15 04:00:00,0.25,0.2934248038487123,0.2338283582197073,0.24361293442999177,0.24504362725057793,0.24504362725057793,gradient_boosting,0.2,optimized_offpeak_growth,0.35,-0.4285714285714285
ST-016,2024-04-15 05:00:00,0.5,0.3041504442095657,0.47964081944210535,0.4954016609647124,0.49198500372555776,0.49198500372555776,gradient_boosting,0.5681,optimized_balanced_pricing,0.35,0.6231428571428574
ST-011,2024-04-15 06:00:00,0.6105769004256945,0.2798366522620082,0.718573397243415,0.7407384433368902,0.7271277170543242,0.7271277170543242,gradient_boosting,0.6,optimized_balanced_pricing,0.35,0.7142857142857144
ST-010,2024-04-15 06:00:00,0.5,0.2798366522620082,0.46987761831271674,0.46878956648568726,0.46787179177292954,0.46787179177292954,gradient_boosting,0.5192,optimized_balanced_pricing,0.35,0.48342857142857154
ST-016,2024-04-15 06:00:00,0.25,0.2798366522620082,0.23621617027854627,0.25,0.2500423596128195,0.2500423596128195,gradient_boosting,0.2,optimized_offpeak_growth,0.35,-0.4285714285714285
ST-018,2024-04-15 06:00:00,0.25,0.2798366522620082,0.24175822934751998,0.25,0.2502559153653826,0.2502559153653826,gradient_boosting,0.2,optimized_offpeak_growth,0.35,-0.4285714285714285
ST-014,2024-04-15 06:00:00,0.16352073959722221,0.2798366522620082,0.23132382770255036,0.1831095446460382,0.19853577214074172,0.19853577214074172,gradient_boosting,0.2,optimized_offpeak_growth,0.35,-0.4285714285714285
ST-009,2024-04-15 06:00:00,0.25,0.2798366522620082,0.23432638031684358,0.25,0.25024496249494865,0.25024496249494865,gradient_boosting,0.2,optimized_offpeak_growth,0.35,-0.4285714285714285
ST-015,2024-04-15 06:00:00,0.25,0.2798366522620082,0.24071260910978043,0.25,0.2501628497401546,0.2501628497401546,gradient_boosting,0.2,optimized_offpeak_growth,0.35,-0.4285714285714285
ST-018,2024-04-15 07:00:00,0.25,0.2753623188405797,0.2419202647146088,0.25,0.25060264443775826,0.25060264443775826,gradient_boosting,0.2,optimized_offpeak_growth,0.35,-0.4285714285714285
ST-008,2024-04-15 07:00:00,0.25,0.2753623188405797,0.2605080092609896,0.25,0.2506876762361827,0.2506876762361827,gradient_boosting,0.2,optimized_offpeak_growth,0.35,-0.4285714285714285
ST-015,2024-04-15 07:00:00,0.25,0.2753623188405797,0.2501897053872988,0.25,0.25060264443775826,0.25060264443775826,gradient_boosting,0.2,optimized_offpeak_growth,0.35,-0.4285714285714285
ST-009,2024-04-15 07:00:00,0.25,0.2753623188405797,0.26066904211265757,0.25,0.25048557088368345,0.25048557088368345,gradient_boosting,0.2,optimized_offpeak_growth,0.35,-0.4285714285714285
ST-013,2024-04-15 07:00:00,0.25,0.2753623188405797,0.24985646598574948,0.25,0.25064193640375027,0.25064193640375027,gradient_boosting,0.2,optimized_offpeak_growth,0.35,-0.4285714285714285
ST-006,2024-04-15 08:00:00,0.5,0.296875,0.4861156657228716,0.4996337998308239,0.49848907333464976,0.49848907333464976,gradient_boosting,0.5805,optimized_balanced_pricing,0.35,0.6585714285714288
ST-010,2024-04-15 08:00:00,0.25,0.296875,0.2489455430806029,0.25,0.25082815638198613,0.25082815638198613,gradient_boosting,0.2,optimized_offpeak_growth,0.35,-0.4285714285714285
ST-008,2024-04-15 08:00:00,0.25,0.296875,0.24317699371664284,0.25,0.2506089618499744,0.2506089618499744,gradient_boosting,0.2,optimized_offpeak_growth,0.35,-0.4285714285714285
ST-017,2024-04-15 08:00:00,0.25,0.296875,0.249538152610054,0.25,0.2510031731893694,0.2510031731893694,gradient_boosting,0.2,optimized_offpeak_growth,0.35,-0.4285714285714285
ST-007,2024-04-15 08:00:00,0.25,0.296875,0.24304786246517351,0.25,0.25051589622474646,0.25051589622474646,gradient_boosting,0.2,optimized_offpeak_growth,0.35,-0.4285714285714285
ST-001,2024-04-15 09:00:00,0.25,0.3204225352112676,0.2478680591762636,0.25,0.2506089618499744,0.2506089618499744,gradient_boosting,0.2,optimized_offpeak_growth,0.35,-0.4285714285714285
ST-006,2024-04-15 09:00:00,0.25,0.3204225352112676,0.250266956751206,0.25,0.2506089618499744,0.2506089618499744,gradient_boosting,0.2,optimized_offpeak_growth,0.35,-0.4285714285714285
ST-010,2024-04-15 09:00:00,0.25,0.3204225352112676,0.2460325363661852,0.25,0.25060264443775826,0.25060264443775826,gradient_boosting,0.2,optimized_offpeak_growth,0.35,-0.4285714285714285
ST-013,2024-04-15 09:00:00,0.25,0.3204225352112676,0.24368504812568476,0.25,0.25060264443775826,0.25060264443775826,gradient_boosting,0.2,optimized_offpeak_growth,0.35,-0.4285714285714285
ST-003,2024-04-15 09:00:00,0.25,0.3204225352112676,0.25435177716056,0.25,0.2508421166271878,0.2508421166271878,gradient_boosting,0.2,optimized_offpeak_growth,0.35,-0.4285714285714285
ST-004,2024-04-15 09:00:00,0.25,0.3204225352112676,0.2448509843228675,0.25,0.2503890886851952,0.2503890886851952,gradient_boosting,0.2,optimized_offpeak_growth,0.35,-0.4285714285714285
ST-012,2024-04-15 09:00:00,0.25,0.3204225352112676,0.25617866320838173,0.25,0.25055518819073846,0.25055518819073846,gradient_boosting,0.2,optimized_offpeak_growth,0.35,-0.4285714285714285
ST-017,2024-04-15 09:00:00,0.25,0.3204225352112676,0.24271314672107272,0.25,0.25060264443775826,0.25060264443775826,gradient_boosting,0.2,optimized_offpeak_growth,0.35,-0.4285714285714285
ST-007,2024-04-15 09:00:00,0.25,0.3204225352112676,0.24708898630927142,0.25,0.25060264443775826,0.25060264443775826,gradient_boosting,0.2,optimized_offpeak_growth,0.35,-0.4285714285714285
ST-009,2024-04-15 10:00:00,0.25,0.28823529411764703,0.24062714678078523,0.25,0.25016916715237075,0.25016916715237075,gradient_boosting,0.2,optimized_offpeak_growth,0.35,-0.4285714285714285
ST-001,2024-04-15 10:00:00,0.25,0.28823529411764703,0.23877023419725746,0.25,0.2502495979531665,0.2502495979531665,gradient_boosting,0.2,optimized_offpeak_growth,0.35,-0.4285714285714285
ST-015,2024-04-15 10:00:00,0.25,0.28823529411764703,0.24899654483033445,0.25,0.2501628497401546,0.2501628497401546,gradient_boosting,0.2,optimized_offpeak_growth,0.35,-0.4285714285714285
ST-011,2024-04-15 10:00:00,0.25,0.28823529411764703,0.23577892856578878,0.25,0.2502559153653826,0.2502559153653826,gradient_boosting,0.2,optimized_offpeak_growth,0.35,-0.4285714285714285
ST-008,2024-04-15 10:00:00,0.25,0.28823529411764703,0.23765053101019445,0.25,0.2500360422006034,0.2500360422006034,gradient_boosting,0.2,optimized_offpeak_growth,0.35,-0.4285714285714285
ST-012,2024-04-15 11:00:00,0.25,0.27591868192041547,0.24896482429936476,0.25,0.25016916715237075,0.25016916715237075,gradient_boosting,0.2,optimized_offpeak_growth,0.35,-0.4285714285714285
ST-016,2024-04-15 11:00:00,0.25,0.27591868192041547,0.242347059021767,0.25,0.2500959863669768,0.2500959863669768,gradient_boosting,0.2,optimized_offpeak_growth,0.35,-0.4285714285714285
ST-002,2024-04-15 11:00:00,0.25,0.27591868192041547,0.23776253762897825,0.25,0.25095993680773476,0.25095993680773476,gradient_boosting,0.2,optimized_offpeak_growth,0.35,-0.4285714285714285
ST-011,2024-04-15 11:00:00,0.25,0.27591868192041547,0.23972568693202495,0.25,0.2502495979531665,0.2502495979531665,gradient_boosting,0.2,optimized_offpeak_growth,0.35,-0.4285714285714285
ST-003,2024-04-15 11:00:00,0.25,0.27591868192041547,0.2447211180528394,0.25,0.2502559153653826,0.2502559153653826,gradient_boosting,0.2,optimized_offpeak_growth,0.35,-0.4285714285714285
ST-013,2024-04-15 11:00:00,0.5,0.27591868192041547,0.4745385279136618,0.47946564361980515,0.4821495944898506,0.4821495944898506,gradient_boosting,0.5488,optimized_balanced_pricing,0.35,0.5680000000000001
ST-008,2024-04-15 11:00:00,0.25,0.27591868192041547,0.23365853170539214,0.24095742082669383,0.2444801618939978,0.2444801618939978,gradient_boosting,0.2,optimized_offpeak_growth,0.35,-0.4285714285714285
ST-009,2024-04-15 11:00:00,0.4999382664564583,0.27591868192041547,0.4765263508431613,0.49672916392919786,0.48872475160999734,0.48872475160999734,gradient_boosting,0.5618,optimized_balanced_pricing,0.35,0.6051428571428572
ST-014,2024-04-15 11:00:00,0.14775140508645832,0.27591868192041547,0.23128505306820357,0.1758479619232924,0.15593286361322176,0.15593286361322176,gradient_boosting,0.2,optimized_offpeak_growth,0.35,-0.4285714285714285
ST-017,2024-04-15 11:00:00,0.25,0.27591868192041547,0.24557544031169343,0.25,0.25018273457998863,0.25018273457998863,gradient_boosting,0.2,optimized_offpeak_growth,0.35,-0.4285714285714285
ST-004,2024-04-15 11:00:00,0.25,0.27591868192041547,0.23511225726811805,0.25,0.2502495979531665,0.2502495979531665,gradient_boosting,0.2,optimized_offpeak_growth,0.35,-0.4285714285714285
ST-010,2024-04-15 11:00:00,0.25,0.27591868192041547,0.23930689840289449,0.25,0.2500360422006034,0.2500360422006034,gradient_boosting,0.2,optimized_offpeak_growth,0.35,-0.4285714285714285
ST-018,2024-04-15 12:00:00,0.5,0.2884495075694147,0.4797787359877891,0.49740493904783645,0.49273126425450375,0.49273126425450375,gradient_boosting,0.5696,optimized_balanced_pricing,0.35,0.6274285714285714
ST-011,2024-04-15 12:00:00,0.25,0.2884495075694147,0.23296340937509788,0.23631222471959726,0.23864818313240208,0.23864818313240208,gradient_boosting,0.2,optimized_offpeak_growth,0.35,-0.4285714285714285
ST-016,2024-04-15 12:00:00,0.37736748794999997,0.2884495075694147,0.4783873971834164,0.4891333831333854,0.4889383073625604,0.4889383073625604,gradient_boosting,0.5622,optimized_balanced_pricing,0.35,0.6062857142857145
ST-015,2024-04-15 12:00:00,0.25,0.2884495075694147,0.25461137774821874,0.25,0.2505419928682147,0.2505419928682147,gradient_boosting,0.2,optimized_offpeak_growth,0.35,-0.4285714285714285
ST-008,2024-04-15 12:00:00,0.25,0.2884495075694147,0.25650082943160096,0.25,0.2509498360265003,0.2509498360265003,gradient_boosting,0.2,optimized_offpeak_growth,0.35,-0.4285714285714285
ST-010,2024-04-15 12:00:00,0.0625,0.2884495075694147,0.22919346137130803,0.0805785762389527,0.08480584362993461,0.08480584362993461,gradient_boosting,0.2,optimized_offpeak_growth,0.35,-0.4285714285714285
ST-009,2024-04-15 12:00:00,0.47390997038444443,0.2884495075694147,0.4739316396536574,0.48124184821565097,0.4821495944898506,0.4821495944898506,gradient_boosting,0.5488,optimized_balanced_pricing,0.35,0.5680000000000001
ST-010,2024-04-15 13:00:00,0.4220727329544445,0.3176116179937103,0.4703297284802417,0.46465271915351,0.46830516926589555,0.46830516926589555,gradient_boosting,0.5202,optimized_balanced_pricing,0.35,0.48628571428571443
ST-018,2024-04-15 13:00:00,0.25,0.3176116179937103,0.24156685674381528,0.25,0.25018273457998863,0.25018273457998863,gradient_boosting,0.2,optimized_offpeak_growth,0.35,-0.4285714285714285
ST-002,2024-04-15 13:00:00,0.25,0.3176116179937103,0.23940002066605617,0.25,0.25018273457998863,0.25018273457998863,gradient_boosting,0.2,optimized_offpeak_growth,0.35,-0.4285714285714285
ST-008,2024-04-15 13:00:00,0.25,0.3176116179937103,0.23210073724209374,0.2457966871408883,0.24441961593303607,0.24441961593303607,gradient_boosting,0.2,optimized_offpeak_growth,0.35,-0.4285714285714285
ST-017,2024-04-15 14:00:00,0.5,0.2655259127366482,0.4761864989173629,0.4957377485547073,0.48924631259389223,0.48924631259389223,gradient_boosting,0.5628,optimized_balanced_pricing,0.35,0.6080000000000001
ST-006,2024-04-15 14:00:00,0.25,0.2655259127366482,0.23784758801054784,0.25,0.25018273457998863,0.25018273457998863,gradient_boosting,0.2,optimized_offpeak_growth,0.35,-0.4285714285714285
ST-017,2024-04-15 15:00:00,0.25,0.2857168034926774,0.24168202896893598,0.25,0.25018273457998863,0.25018273457998863,gradient_boosting,0.2,optimized_offpeak_growth,0.35,-0.4285714285714285
ST-004,2024-04-15 15:00:00,0.41596753705625,0.2857168034926774,0.4821778777341307,0.49770639704413505,0.4935371702911365,0.4935371702911365,gradient_boosting,0.5711,optimized_balanced_pricing,0.35,0.6317142857142859
ST-015,2024-04-15 15:00:00,0.3125,0.2857168034926774,0.4793823002992157,0.49594630549221375,0.4958098249203639,0.4958098249203639,gradient_boosting,0.5754,optimized_balanced_pricing,0.35,0.6440000000000001
ST-001,2024-04-15 15:00:00,0.25,0.2857168034926774,0.2358177558526397,0.25,0.2500959863669768,0.2500959863669768,gradient_boosting,0.2,optimized_offpeak_growth,0.35,-0.4285714285714285
ST-015,2024-04-15 16:00:00,0.18630952709645834,0.27488229988827234,0.23201558779101863,0.20638200361074083,0.20943382750751285,0.20943382750751285,gradient_boosting,0.2,optimized_offpeak_growth,0.35,-0.4285714285714285
ST-011,2024-04-15 16:00:00,0.25,0.27488229988827234,0.23217332542844432,0.17366789644573197,0.176976824584783,0.176976824584783,gradient_boosting,0.2,optimized_offpeak_growth,0.35,-0.4285714285714285
ST-017,2024-04-15 16:00:00,0.25,0.27488229988827234,0.24773540884472847,0.25,0.2500959863669768,0.2500959863669768,gradient_boosting,0.2,optimized_offpeak_growth,0.35,-0.4285714285714285
ST-003,2024-04-15 16:00:00,0.25,0.27488229988827234,0.23439067533628213,0.25,0.2500959863669768,0.2500959863669768,gradient_boosting,0.2,optimized_offpeak_growth,0.35,-0.4285714285714285
ST-001,2024-04-15 16:00:00,0.25,0.27488229988827234,0.23561492323437483,0.25,0.2500959863669768,0.2500959863669768,gradient_boosting,0.2,optimized_offpeak_growth,0.35,-0.4285714285714285
ST-010,2024-04-15 16:00:00,0.6644734042819445,0.27488229988827234,0.7350092964676964,0.7154572954353541,0.7274123416873217,0.7274123416873217,gradient_boosting,0.6,optimized_balanced_pricing,0.35,0.7142857142857144
ST-012,2024-04-15 17:00:00,0.25,0.30303030303030304,0.24035928231426754,0.25,0.2506089618499744,0.2506089618499744,gradient_boosting,0.2,optimized_offpeak_growth,0.35,-0.4285714285714285
ST-015,2024-04-15 17:00:00,0.25,0.30303030303030304,0.26335781653256046,0.25,0.2509431238443616,0.2509431238443616,gradient_boosting,0.2,optimized_offpeak_growth,0.35,-0.4285714285714285
ST-009,2024-04-15 17:00:00,0.25,0.30303030303030304,0.24875422995447302,0.25,0.25060264443775826,0.25060264443775826,gradient_boosting,0.2,optimized_offpeak_growth,0.35,-0.4285714285714285
ST-016,2024-04-15 17:00:00,0.25,0.30303030303030304,0.2475052978805178,0.25,0.2504490328515686,0.2504490328515686,gradient_boosting,0.2,optimized_offpeak_growth,0.35,-0.4285714285714285
ST-017,2024-04-15 17:00:00,0.5,0.30303030303030304,0.5050239116455192,0.4999942653600801,0.5007887419967288,0.5007887419967288,gradient_boosting,0.5848,optimized_balanced_pricing,0.35,0.6708571428571428
ST-013,2024-04-15 17:00:00,0.25,0.30303030303030304,0.24535697797994357,0.25,0.25032222531201737,0.25032222531201737,gradient_boosting,0.2,optimized_offpeak_growth,0.35,-0.4285714285714285
ST-001,2024-04-15 18:00:00,0.75,0.31333333333333335,0.7465305594280485,0.7499925812105951,0.747312178229026,0.747312178229026,gradient_boosting,0.6,optimized_balanced_pricing,0.35,0.7142857142857144
ST-012,2024-04-15 18:00:00,0.25,0.31333333333333335,0.24683562018672706,0.25,0.25051589622474646,0.25051589622474646,gradient_boosting,0.2,optimized_offpeak_growth,0.35,-0.4285714285714285
ST-016,2024-04-15 18:00:00,0.25,0.31333333333333335,0.2714107264675644,0.25,0.2507681070369784,0.2507681070369784,gradient_boosting,0.2,optimized_offpeak_growth,0.35,-0.4285714285714285
ST-014,2024-04-15 18:00:00,0.5,0.31333333333333335,0.4972047501295078,0.4991350398941164,0.5029099510979279,0.5029099510979279,gradient_boosting,0.5887,optimized_balanced_pricing,0.35,0.6820000000000002
ST-005,2024-04-15 19:00:00,0.5,0.284375,0.5042651601062081,0.49998983603874275,0.5008190827680908,0.5008190827680908,gradient_boosting,0.5849,optimized_balanced_pricing,0.35,0.6711428571428573
ST-012,2024-04-15 19:00:00,0.25,0.284375,0.26711856916603854,0.25,0.2507681070369784,0.2507681070369784,gradient_boosting,0.2,optimized_offpeak_growth,0.35,-0.4285714285714285
ST-004,2024-04-15 19:00:00,0.25,0.284375,0.26511424919039434,0.25,0.2507744244491945,0.2507744244491945,gradient_boosting,0.2,optimized_offpeak_growth,0.35,-0.4285714285714285
ST-014,2024-04-15 19:00:00,0.25,0.284375,0.24964053351235177,0.25,0.2505222136369626,0.2505222136369626,gradient_boosting,0.2,optimized_offpeak_growth,0.35,-0.4285714285714285
ST-015,2024-04-15 19:00:00,0.25,0.284375,0.25567422998552114,0.25,0.2506089618499744,0.2506089618499744,gradient_boosting,0.2,optimized_offpeak_growth,0.35,-0.4285714285714285
ST-003,2024-04-15 19:00:00,0.25,0.284375,0.24402816589669563,0.25,0.25060264443775826,0.25060264443775826,gradient_boosting,0.2,optimized_offpeak_growth,0.35,-0.4285714285714285
ST-009,2024-04-15 19:00:00,0.25,0.284375,0.24344199879719763,0.25,0.25060264443775826,0.25060264443775826,gradient_boosting,0.2,optimized_offpeak_growth,0.35,-0.4285714285714285
ST-009,2024-04-15 20:00:00,0.25,0.3,0.2569824069272235,0.25,0.2505357810645804,0.2505357810645804,gradient_boosting,0.2,optimized_offpeak_growth,0.35,-0.4285714285714285
ST-004,2024-04-15 20:00:00,1.0,0.3,0.990352115362084,0.9535214798274811,0.9872994588966377,0.9872994588966377,gradient_boosting,0.6,optimized_peak_management,0.35,0.7142857142857144
ST-001,2024-04-15 20:00:00,0.25,0.3,0.26244285419725044,0.25,0.2510015540243986,0.2510015540243986,gradient_boosting,0.2,optimized_offpeak_growth,0.35,-0.4285714285714285
ST-011,2024-04-15 20:00:00,0.25,0.3,0.24692535575954527,0.25,0.2512426453787989,0.2512426453787989,gradient_boosting,0.2,optimized_offpeak_growth,0.35,-0.4285714285714285
ST-013,2024-04-15 20:00:00,0.25,0.3,0.24366554601476936,0.25,0.25060264443775826,0.25060264443775826,gradient_boosting,0.2,optimized_offpeak_growth,0.35,-0.4285714285714285
ST-014,2024-04-15 20:00:00,0.25,0.3,0.24782649626670902,0.25,0.25082815638198613,0.25082815638198613,gradient_boosting,0.2,optimized_offpeak_growth,0.35,-0.4285714285714285
ST-007,2024-04-15 20:00:00,0.25,0.3,0.2457897554195648,0.25,0.2505357810645804,0.2505357810645804,gradient_boosting,0.2,optimized_offpeak_growth,0.35,-0.4285714285714285
ST-018,2024-04-15 20:00:00,0.25,0.3,0.27421554937361,0.25,0.2506813588239666,0.2506813588239666,gradient_boosting,0.2,optimized_offpeak_growth,0.35,-0.4285714285714285
ST-012,2024-04-15 21:00:00,0.25,0.35507246376811596,0.24732042016785838,0.25,0.2507676104210244,0.2507676104210244,gradient_boosting,0.2,optimized_offpeak_growth,0.35,-0.4285714285714285
ST-001,2024-04-15 21:00:00,0.25,0.35507246376811596,0.25614878296669497,0.25,0.25054209847679654,0.25054209847679654,gradient_boosting,0.2,optimized_offpeak_growth,0.35,-0.4285714285714285
ST-003,2024-04-15 21:00:00,0.25,0.35507246376811596,0.2553000759536243,0.25,0.2505357810645804,0.2505357810645804,gradient_boosting,0.2,optimized_offpeak_growth,0.35,-0.4285714285714285
ST-009,2024-04-15 21:00:00,0.25,0.35507246376811596,0.24890580501141923,0.25,0.25054209847679654,0.25054209847679654,gradient_boosting,0.2,optimized_offpeak_growth,0.35,-0.4285714285714285
ST-010,2024-04-15 22:00:00,0.25,0.2819523552688546,0.23602933924705996,0.25,0.25041618156740886,0.25041618156740886,gradient_boosting,0.2,optimized_offpeak_growth,0.35,-0.4285714285714285
ST-015,2024-04-15 22:00:00,0.25,0.2819523552688546,0.2488018592636372,0.25,0.25018905199220476,0.25018905199220476,gradient_boosting,0.2,optimized_offpeak_growth,0.35,-0.4285714285714285
ST-008,2024-04-15 22:00:00,0.25,0.2819523552688546,0.24323692419502613,0.25,0.2500886526105939,0.2500886526105939,gradient_boosting,0.2,optimized_offpeak_growth,0.35,-0.4285714285714285
ST-001,2024-04-15 22:00:00,0.5,0.2819523552688546,0.4739263446167796,0.47580015946597903,0.4811691791416905,0.4811691791416905,gradient_boosting,0.5468,optimized_balanced_pricing,0.35,0.5622857142857143
ST-010,2024-04-15 23:00:00,0.25,0.29128945080969365,0.23703975634383395,0.25,0.25004936064460187,0.25004936064460187,gradient_boosting,0.2,optimized_offpeak_growth,0.35,-0.4285714285714285
ST-015,2024-04-15 23:00:00,0.25,0.29128945080969365,0.235121045659674,0.2499962445488408,0.2501023037791929,0.2501023037791929,gradient_boosting,0.2,optimized_offpeak_growth,0.35,-0.4285714285714285
ST-003,2024-04-15 23:00:00,0.25,0.29128945080969365,0.2374842907308309,0.25,0.24996261243159004,0.24996261243159004,gradient_boosting,0.2,optimized_offpeak_growth,0.35,-0.4285714285714285
ST-012,2024-04-15 23:00:00,0.25,0.29128945080969365,0.23443612442543652,0.22287137534762777,0.24228595806277212,0.24228595806277212,gradient_boosting,0.2,optimized_offpeak_growth,0.35,-0.4285714285714285
ST-013,2024-04-16 00:00:00,0.25,0.2653022111722725,0.24083504272568457,0.25,0.24982563166418972,0.24982563166418972,gradient_boosting,0.2,optimized_offpeak_growth,0.35,-0.4285714285714285
ST-015,2024-04-16 00:00:00,0.25,0.2653022111722725,0.2367454595845605,0.25,0.24991237987720147,0.24991237987720147,gradient_boosting,0.2,optimized_offpeak_growth,0.35,-0.4285714285714285
ST-018,2024-04-16 00:00:00,0.25,0.2653022111722725,0.24626868118315748,0.25,0.2500590786516099,0.2500590786516099,gradient_boosting,0.2,optimized_offpeak_growth,0.35,-0.4285714285714285
ST-004,2024-04-16 00:00:00,0.25,0.2653022111722725,0.239431143397627,0.25,0.24818991889580624,0.24818991889580624,gradient_boosting,0.2,optimized_offpeak_growth,0.35,-0.4285714285714285
ST-012,2024-04-16 00:00:00,0.25,0.2653022111722725,0.23611390068803068,0.25,0.2493128117276407,0.2493128117276407,gradient_boosting,0.2,optimized_offpeak_growth,0.35,-0.4285714285714285
ST-010,2024-04-16 00:00:00,0.5,0.2653022111722725,0.47565278125636723,0.4793502744255289,0.4845828766978189,0.4845828766978189,gradient_boosting,0.5536,optimized_balanced_pricing,0.35,0.5817142857142859
ST-003,2024-04-16 00:00:00,0.25,0.2653022111722725,0.23868242551810015,0.25,0.250196540999978,0.250196540999978,gradient_boosting,0.2,optimized_offpeak_growth,0.35,-0.4285714285714285
ST-011,2024-04-16 00:00:00,0.5,0.2653022111722725,0.49393763856995065,0.4971535217335502,0.49406940612428724,0.49406940612428724,gradient_boosting,0.5721,optimized_balanced_pricing,0.35,0.6345714285714288
ST-002,2024-04-16 01:00:00,0.25,0.26441837212194946,0.2345626796653531,0.25,0.2498835131493485,0.2498835131493485,gradient_boosting,0.2,optimized_offpeak_growth,0.35,-0.4285714285714285
ST-010,2024-04-16 01:00:00,0.25,0.26441837212194946,0.23441230782811123,0.2487157440453965,0.2490920145556964,0.2490920145556964,gradient_boosting,0.2,optimized_offpeak_growth,0.35,-0.4285714285714285
ST-005,2024-04-16 01:00:00,0.25,0.26441837212194946,0.23801683581602567,0.25,0.25011696013676865,0.25011696013676865,gradient_boosting,0.2,optimized_offpeak_growth,0.35,-0.4285714285714285
ST-014,2024-04-16 01:00:00,0.25,0.26441837212194946,0.23652914475900638,0.25,0.24997026136236025,0.24997026136236025,gradient_boosting,0.2,optimized_offpeak_growth,0.35,-0.4285714285714285
ST-011,2024-04-16 01:00:00,0.25,0.26441837212194946,0.23501859223815555,0.25,0.24988983056156464,0.24988983056156464,gradient_boosting,0.2,optimized_offpeak_growth,0.35,-0.4285714285714285
ST-013,2024-04-16 01:00:00,0.25,0.26441837212194946,0.24124505791688503,0.25,0.24997026136236025,0.24997026136236025,gradient_boosting,0.2,optimized_offpeak_growth,0.35,-0.4285714285714285
ST-012,2024-04-16 02:00:00,0.25,0.2943453229989109,0.2413344834553638,0.25,0.25018273457998863,0.25018273457998863,gradient_boosting,0.2,optimized_offpeak_growth,0.35,-0.4285714285714285
ST-010,2024-04-16 02:00:00,0.3584571120419444,0.2943453229989109,0.4851097716571918,0.49851312331416103,0.4936731537246811,0.4936731537246811,gradient_boosting,0.5714,optimized_balanced_pricing,0.35,0.6325714285714288
ST-005,2024-04-16 02:00:00,0.4600331819802083,0.2943453229989109,0.46923986446089455,0.4609489836526076,0.4424304770963776,0.4424304770963776,gradient_boosting,0.4619,optimized_balanced_pricing,0.35,0.31971428571428584
ST-018,2024-04-16 02:00:00,0.25,0.2943453229989109,0.2503780480759691,0.25,0.2501388418113078,0.2501388418113078,gradient_boosting,0.2,optimized_offpeak_growth,0.35,-0.4285714285714285
ST-015,2024-04-16 02:00:00,0.25,0.2943453229989109,0.24623505121594086,0.25,0.25018273457998863,0.25018273457998863,gradient_boosting,0.2,optimized_offpeak_growth,0.35,-0.4285714285714285
ST-016,2024-04-16 03:00:00,0.5,0.2708048672213488,0.48224236637779816,0.4907361359310477,0.49381985249908955,0.49381985249908955,gradient_boosting,0.5717,optimized_balanced_pricing,0.35,0.6334285714285715
ST-005,2024-04-16 03:00:00,0.25,0.2708048672213488,0.25090684136866137,0.25,0.25018273457998863,0.25018273457998863,gradient_boosting,0.2,optimized_offpeak_growth,0.35,-0.4285714285714285
ST-018,2024-04-16 03:00:00,0.25,0.2708048672213488,0.23418292494132073,0.25,0.25018905199220476,0.25018905199220476,gradient_boosting,0.2,optimized_offpeak_growth,0.35,-0.4285714285714285
ST-005,2024-04-16 04:00:00,0.25,0.2982207641526057,0.23356731339955286,0.25,0.25018905199220476,0.25018905199220476,gradient_boosting,0.2,optimized_offpeak_growth,0.35,-0.4285714285714285
ST-006,2024-04-16 04:00:00,0.5,0.2982207641526057,0.4848796510326038,0.49795891835549944,0.49482164045960875,0.49482164045960875,gradient_boosting,0.5736,optimized_balanced_pricing,0.35,0.638857142857143
ST-014,2024-04-16 04:00:00,0.25,0.2982207641526057,0.23530554713269783,0.25,0.25018273457998863,0.25018273457998863,gradient_boosting,0.2,optimized_offpeak_growth,0.35,-0.4285714285714285
ST-007,2024-04-16 04:00:00,0.25,0.2982207641526057,0.23521568857490976,0.25,0.25055760318449827,0.25055760318449827,gradient_boosting,0.2,optimized_offpeak_growth,0.35,-0.4285714285714285
ST-011,2024-04-16 04:00:00,0.25,0.2982207641526057,0.237484413056853,0.25,0.2500959863669768,0.2500959863669768,gradient_boosting,0.2,optimized_offpeak_growth,0.35,-0.4285714285714285
ST-009,2024-04-16 04:00:00,0.25,0.2982207641526057,0.2356322764147504,0.25,0.2500959863669768,0.2500959863669768,gradient_boosting,0.2,optimized_offpeak_growth,0.35,-0.4285714285714285
ST-012,2024-04-16 05:00:00,0.25,0.280799126569176,0.23243599122026848,0.24543399386128192,0.24432655030780814,0.24432655030780814,gradient_boosting,0.2,optimized_offpeak_growth,0.35,-0.4285714285714285
ST-002,2024-04-16 05:00:00,0.25,0.280799126569176,0.23420851608926846,0.25,0.2499691788274255,0.2499691788274255,gradient_boosting,0.2,optimized_offpeak_growth,0.35,-0.4285714285714285
ST-010,2024-04-16 05:00:00,0.25,0.280799126569176,0.25715282589691946,0.25,0.2509168614727244,0.2509168614727244,gradient_boosting,0.2,optimized_offpeak_growth,0.35,-0.4285714285714285
ST-016,2024-04-16 05:00:00,0.25,0.280799126569176,0.23447913955711747,0.25,0.2505639205967144,0.2505639205967144,gradient_boosting,0.2,optimized_offpeak_growth,0.35,-0.4285714285714285
ST-003,2024-04-16 05:00:00,0.25,0.280799126569176,0.24044068847217973,0.25,0.25018273457998863,0.25018273457998863,gradient_boosting,0.2,optimized_offpeak_growth,0.35,-0.4285714285714285
ST-002,2024-04-16 06:00:00,0.5,0.26001262425126426,0.4728047407459399,0.4801531229377689,0.46990593910618383,0.46990593910618383,gradient_boosting,0.5236,optimized_balanced_pricing,0.35,0.496
ST-009,2024-04-16 06:00:00,0.10213256413395834,0.26001262425126426,0.22915571725105247,0.10788172115707366,0.08949759921520223,0.08949759921520223,gradient_boosting,0.2,optimized_offpeak_growth,0.35,-0.4285714285714285
ST-007,2024-04-16 06:00:00,0.5,0.26001262425126426,0.48187025233614367,0.49739605171790746,0.4935371702911365,0.4935371702911365,gradient_boosting,0.5711,optimized_balanced_pricing,0.35,0.6317142857142859
ST-018,2024-04-16 06:00:00,0.25,0.26001262425126426,0.23415538331342783,0.25,0.2502495979531665,0.2502495979531665,gradient_boosting,0.2,optimized_offpeak_growth,0.35,-0.4285714285714285
ST-011,2024-04-16 06:00:00,0.25,0.26001262425126426,0.23707767769756982,0.25,0.25018273457998863,0.25018273457998863,gradient_boosting,0.2,optimized_offpeak_growth,0.35,-0.4285714285714285
ST-015,2024-04-16 07:00:00,0.25,0.2916666666666667,0.2424886569145113,0.25,0.2503890886851952,0.2503890886851952,gradient_boosting,0.2,optimized_offpeak_growth,0.35,-0.4285714285714285
ST-006,2024-04-16 07:00:00,0.25,0.2916666666666667,0.24465441551971734,0.25,0.2506089618499744,0.2506089618499744,gradient_boosting,0.2,optimized_offpeak_growth,0.35,-0.4285714285714285
ST-002,2024-04-16 07:00:00,0.25,0.2916666666666667,0.25671957297799064,0.25,0.25060264443775826,0.25060264443775826,gradient_boosting,0.2,optimized_offpeak_growth,0.35,-0.4285714285714285
ST-012,2024-04-16 08:00:00,0.25,0.29819277108433734,0.24531789101476206,0.25,0.25055518819073846,0.25055518819073846,gradient_boosting,0.2,optimized_offpeak_growth,0.35,-0.4285714285714285
ST-006,2024-04-16 08:00:00,0.25,0.29819277108433734,0.24715104301773938,0.25,0.2503890886851952,0.2503890886851952,gradient_boosting,0.2,optimized_offpeak_growth,0.35,-0.4285714285714285
ST-014,2024-04-16 08:00:00,0.25,0.29819277108433734,0.24154406971412246,0.25,0.2503890886851952,0.2503890886851952,gradient_boosting,0.2,optimized_offpeak_growth,0.35,-0.4285714285714285
ST-015,2024-04-16 08:00:00,0.25,0.29819277108433734,0.24400632242662423,0.25,0.25060264443775826,0.25060264443775826,gradient_boosting,0.2,optimized_offpeak_growth,0.35,-0.4285714285714285
ST-004,2024-04-16 08:00:00,0.25,0.29819277108433734,0.24461907475694242,0.25,0.25060264443775826,0.25060264443775826,gradient_boosting,0.2,optimized_offpeak_growth,0.35,-0.4285714285714285
ST-014,2024-04-16 09:00:00,0.25,0.30625,0.24900002335187754,0.25,0.25060264443775826,0.25060264443775826,gradient_boosting,0.2,optimized_offpeak_growth,0.35,-0.4285714285714285
ST-010,2024-04-16 09:00:00,0.25,0.30625,0.2587073117602604,0.25,0.2506876762361827,0.2506876762361827,gradient_boosting,0.2,optimized_offpeak_growth,0.35,-0.4285714285714285
ST-017,2024-04-16 09:00:00,0.25,0.30625,0.2547581461188061,0.25,0.2508360914251785,0.2508360914251785,gradient_boosting,0.2,optimized_offpeak_growth,0.35,-0.4285714285714285
ST-005,2024-04-16 09:00:00,0.25,0.30625,0.24322250582712282,0.25,0.25060264443775826,0.25060264443775826,gradient_boosting,0.2,optimized_offpeak_growth,0.35,-0.4285714285714285
ST-018,2024-04-16 09:00:00,0.25,0.30625,0.252309179570529,0.25,0.25060264443775826,0.25060264443775826,gradient_boosting,0.2,optimized_offpeak_growth,0.35,-0.4285714285714285
ST-016,2024-04-16 09:00:00,0.5,0.30625,0.4855620670439981,0.4938432304603833,0.49553535631283563,0.49553535631283563,gradient_boosting,0.5749,optimized_balanced_pricing,0.35,0.6425714285714286
ST-002,2024-04-16 09:00:00,0.25,0.30625,0.2582320295545582,0.25,0.2504918882958996,0.2504918882958996,gradient_boosting,0.2,optimized_offpeak_growth,0.35,-0.4285714285714285
ST-009,2024-04-16 10:00:00,0.25,0.3082191780821918,0.23975684032473762,0.25,0.2504246147605497,0.2504246147605497,gradient_boosting,0.2,optimized_offpeak_growth,0.35,-0.4285714285714285
ST-010,2024-04-16 10:00:00,0.25,0.3082191780821918,0.23409432979101963,0.25,0.2502559153653826,0.2502559153653826,gradient_boosting,0.2,optimized_offpeak_growth,0.35,-0.4285714285714285
ST-001,2024-04-16 10:00:00,0.25,0.3082191780821918,0.24420812501472478,0.25,0.2501628497401546,0.2501628497401546,gradient_boosting,0.2,optimized_offpeak_growth,0.35,-0.4285714285714285
ST-007,2024-04-16 10:00:00,0.25,0.3082191780821918,0.24331687821968478,0.25,0.2502559153653826,0.2502559153653826,gradient_boosting,0.2,optimized_offpeak_growth,0.35,-0.4285714285714285
ST-003,2024-04-16 10:00:00,0.25,0.3082191780821918,0.24888199462541116,0.25,0.2505457762372331,0.2505457762372331,gradient_boosting,0.2,optimized_offpeak_growth,0.35,-0.4285714285714285
ST-008,2024-04-16 10:00:00,0.25,0.3082191780821918,0.2350818958944104,0.25,0.25092064484174276,0.25092064484174276,gradient_boosting,0.2,optimized_offpeak_growth,0.35,-0.4285714285714285
ST-015,2024-04-16 11:00:00,0.5,0.29332170139356833,0.48117322632445914,0.4985624639412309,0.4925177085019407,0.4925177085019407,gradient_boosting,0.5692,optimized_balanced_pricing,0.35,0.6262857142857146
ST-007,2024-04-16 11:00:00,0.25,0.29332170139356833,0.24144528183293795,0.25,0.2502495979531665,0.2502495979531665,gradient_boosting,0.2,optimized_offpeak_growth,0.35,-0.4285714285714285
ST-014,2024-04-16 11:00:00,0.25,0.29332170139356833,0.23763860398848444,0.25,0.2502495979531665,0.2502495979531665,gradient_boosting,0.2,optimized_offpeak_growth,0.35,-0.4285714285714285
ST-010,2024-04-16 11:00:00,0.24450935076597224,0.29332170139356833,0.23200266081983947,0.2189355845234868,0.20861127598743376,0.20861127598743376,gradient_boosting,0.2,optimized_offpeak_growth,0.35,-0.4285714285714285
ST-013,2024-04-16 11:00:00,0.25,0.29332170139356833,0.2329651971518188,0.2460820210465077,0.244393413680986,0.244393413680986,gradient_boosting,0.2,optimized_offpeak_growth,0.35,-0.4285714285714285
ST-002,2024-04-16 12:00:00,0.25,0.2834792068456448,0.24122766470978244,0.25,0.25018905199220476,0.25018905199220476,gradient_boosting,0.2,optimized_offpeak_growth,0.35,-0.4285714285714285
ST-008,2024-04-16 12:00:00,0.25,0.2834792068456448,0.23699912493569253,0.25,0.2500959863669768,0.2500959863669768,gradient_boosting,0.2,optimized_offpeak_growth,0.35,-0.4285714285714285
ST-007,2024-04-16 12:00:00,0.25,0.2834792068456448,0.23812855778107067,0.25,0.2499691788274255,0.2499691788274255,gradient_boosting,0.2,optimized_offpeak_growth,0.35,-0.4285714285714285
ST-003,2024-04-16 12:00:00,0.25,0.2834792068456448,0.24835777530105893,0.25,0.2501023037791929,0.2501023037791929,gradient_boosting,0.2,optimized_offpeak_growth,0.35,-0.4285714285714285
ST-016,2024-04-16 12:00:00,0.25,0.2834792068456448,0.2393825872218295,0.25,0.25018273457998863,0.25018273457998863,gradient_boosting,0.2,optimized_offpeak_growth,0.35,-0.4285714285714285
ST-001,2024-04-16 12:00:00,0.25,0.2834792068456448,0.24250559910757655,0.25,0.25018273457998863,0.25018273457998863,gradient_boosting,0.2,optimized_offpeak_growth,0.35,-0.4285714285714285
ST-005,2024-04-16 12:00:00,0.25,0.2834792068456448,0.2386940199401465,0.25,0.2500959863669768,0.2500959863669768,gradient_boosting,0.2,optimized_offpeak_growth,0.35,-0.4285714285714285
ST-002,2024-04-16 13:00:00,0.15675317925819446,0.27985888636676504,0.23179117852306025,0.195198245065689,0.19735606382374796,0.19735606382374796,gradient_boosting,0.2,optimized_offpeak_growth,0.35,-0.4285714285714285
ST-018,2024-04-16 13:00:00,0.25,0.27985888636676504,0.25292775618692553,0.25,0.25059414121661316,0.25059414121661316,gradient_boosting,0.2,optimized_offpeak_growth,0.35,-0.4285714285714285
ST-009,2024-04-16 13:00:00,0.25,0.27985888636676504,0.24040083364856418,0.25,0.25055760318449827,0.25055760318449827,gradient_boosting,0.2,optimized_offpeak_growth,0.35,-0.4285714285714285
ST-007,2024-04-16 13:00:00,0.25,0.27985888636676504,0.23798992405831096,0.25,0.2500959863669768,0.2500959863669768,gradient_boosting,0.2,optimized_offpeak_growth,0.35,-0.4285714285714285
ST-016,2024-04-16 13:00:00,0.25,0.27985888636676504,0.2385053022492885,0.25,0.2500959863669768,0.2500959863669768,gradient_boosting,0.2,optimized_offpeak_growth,0.35,-0.4285714285714285
ST-013,2024-04-16 13:00:00,0.25,0.27985888636676504,0.2531058650489716,0.25,0.2501718163650837,0.2501718163650837,gradient_boosting,0.2,optimized_offpeak_growth,0.35,-0.4285714285714285
ST-004,2024-04-16 14:00:00,0.22987335294319447,0.31079798871116765,0.23190021784764114,0.17737943939381873,0.19063997168352048,0.19063997168352048,gradient_boosting,0.2,optimized_offpeak_growth,0.35,-0.4285714285714285
ST-001,2024-04-16 14:00:00,0.25,0.31079798871116765,0.23623914239454774,0.25,0.25018273457998863,0.25018273457998863,gradient_boosting,0.2,optimized_offpeak_growth,0.35,-0.4285714285714285
ST-005,2024-04-16 14:00:00,0.25,0.31079798871116765,0.2491248831388371,0.25,0.25018273457998863,0.25018273457998863,gradient_boosting,0.2,optimized_offpeak_growth,0.35,-0.4285714285714285
ST-015,2024-04-16 14:00:00,0.25,0.31079798871116765,0.237111252659008,0.25,0.2501023037791929,0.2501023037791929,gradient_boosting,0.2,optimized_offpeak_growth,0.35,-0.4285714285714285
ST-002,2024-04-16 14:00:00,0.25,0.31079798871116765,0.24111187969433406,0.25,0.2503577513873719,0.2503577513873719,gradient_boosting,0.2,optimized_offpeak_growth,0.35,-0.4285714285714285
ST-012,2024-04-16 15:00:00,0.48598306549173614,0.28059413250373755,0.4724110370997975,0.48678467288789873,0.4822962868692358,0.4822962868692358,gradient_boosting,0.5491,optimized_balanced_pricing,0.35,0.568857142857143
ST-010,2024-04-16 15:00:00,0.5,0.28059413250373755,0.5088449083960319,0.49218804506268937,0.4990524405269587,0.4990524405269587,gradient_boosting,0.5816,optimized_balanced_pricing,0.35,0.6617142857142859
ST-006,2024-04-16 15:00:00,0.25,0.28059413250373755,0.24219980245546774,0.25,0.2500959863669768,0.2500959863669768,gradient_boosting,0.2,optimized_offpeak_growth,0.35,-0.4285714285714285
ST-014,2024-04-16 15:00:00,0.25,0.28059413250373755,0.2549707023721212,0.25,0.2504489272429868,0.2504489272429868,gradient_boosting,0.2,optimized_offpeak_growth,0.35,-0.4285714285714285
ST-015,2024-04-16 15:00:00,0.25,0.28059413250373755,0.23637902920998607,0.25,0.25018273457998863,0.25018273457998863,gradient_boosting,0.2,optimized_offpeak_growth,0.35,-0.4285714285714285
ST-008,2024-04-16 15:00:00,0.25,0.28059413250373755,0.24450925478496377,0.25,0.2500959863669768,0.2500959863669768,gradient_boosting,0.2,optimized_offpeak_growth,0.35,-0.4285714285714285
ST-002,2024-04-16 15:00:00,0.5,0.28059413250373755,0.4913125226714351,0.4961887504685665,0.4950351962121718,0.4950351962121718,gradient_boosting,0.574,optimized_balanced_pricing,0.35,0.6399999999999999
ST-003,2024-04-16 16:00:00,0.22101344915520832,0.2679363047014644,0.23081536524590468,0.1890424436215643,0.1897147360125927,0.1897147360125927,gradient_boosting,0.2,optimized_offpeak_growth,0.35,-0.4285714285714285
ST-009,2024-04-16 16:00:00,0.43502434760173614,0.2679363047014644,0.4703200700912395,0.45996612543007276,0.4678916766127635,0.4678916766127635,gradient_boosting,0.5193,optimized_balanced_pricing,0.35,0.48371428571428576
ST-002,2024-04-16 16:00:00,0.25,0.2679363047014644,0.23570615792859417,0.25,0.2505639205967144,0.2505639205967144,gradient_boosting,0.2,optimized_offpeak_growth,0.35,-0.4285714285714285
ST-004,2024-04-16 16:00:00,0.25,0.2679363047014644,0.23667772376046142,0.25,0.25027100317436,0.25027100317436,gradient_boosting,0.2,optimized_offpeak_growth,0.35,-0.4285714285714285
ST-016,2024-04-16 17:00:00,0.25,0.2864583333333333,0.2438314970007448,0.25,0.2503890886851952,0.2503890886851952,gradient_boosting,0.2,optimized_offpeak_growth,0.35,-0.4285714285714285
ST-001,2024-04-16 17:00:00,0.25,0.2864583333333333,0.25311558685170427,0.25,0.25060264443775826,0.25060264443775826,gradient_boosting,0.2,optimized_offpeak_growth,0.35,-0.4285714285714285
ST-012,2024-04-16 17:00:00,0.25,0.2864583333333333,0.2433857197329726,0.25,0.25060264443775826,0.25060264443775826,gradient_boosting,0.2,optimized_offpeak_growth,0.35,-0.4285714285714285
ST-006,2024-04-16 17:00:00,0.5,0.2864583333333333,0.4864614479870023,0.49989237927338237,0.4987026290872128,0.4987026290872128,gradient_boosting,0.5809,optimized_balanced_pricing,0.35,0.6597142857142857
ST-014,2024-04-16 18:00:00,0.25,0.2808219178082192,0.25334209173812,0.25,0.2506089618499744,0.2506089618499744,gradient_boosting,0.2,optimized_offpeak_growth,0.35,-0.4285714285714285
ST-015,2024-04-16 18:00:00,0.25,0.2808219178082192,0.24585244599240955,0.25,0.25051589622474646,0.25051589622474646,gradient_boosting,0.2,optimized_offpeak_growth,0.35,-0.4285714285714285
ST-010,2024-04-16 18:00:00,0.25,0.2808219178082192,0.23993992854671503,0.25,0.2508360914251785,0.2508360914251785,gradient_boosting,0.2,optimized_offpeak_growth,0.35,-0.4285714285714285
ST-002,2024-04-16 19:00:00,0.25,0.2711267605633803,0.24670793120611179,0.25,0.25082815638198613,0.25082815638198613,gradient_boosting,0.2,optimized_offpeak_growth,0.35,-0.4285714285714285
ST-013,2024-04-16 19:00:00,0.5,0.2711267605633803,0.493579576737911,0.4979581971635407,0.5006118444277441,0.5006118444277441,gradient_boosting,0.5845,optimized_balanced_pricing,0.35,0.6700000000000002
ST-014,2024-04-16 19:00:00,0.5,0.2711267605633803,0.5227650759178621,0.49804539338079284,0.5022771137583374,0.5022771137583374,gradient_boosting,0.5876,optimized_balanced_pricing,0.35,0.678857142857143
ST-004,2024-04-16 19:00:00,0.25,0.2711267605633803,0.24645273391935119,0.25,0.25060264443775826,0.25060264443775826,gradient_boosting,0.2,optimized_offpeak_growth,0.35,-0.4285714285714285
ST-001,2024-04-16 19:00:00,0.25,0.2711267605633803,0.2544155856744133,0.25,0.25060264443775826,0.25060264443775826,gradient_boosting,0.2,optimized_offpeak_growth,0.35,-0.4285714285714285
ST-011,2024-04-16 19:00:00,0.25,0.2711267605633803,0.25928227458263714,0.25,0.25048557088368345,0.25048557088368345,gradient_boosting,0.2,optimized_offpeak_growth,0.35,-0.4285714285714285
ST-003,2024-04-16 20:00:00,0.25,0.3029411764705882,0.253128662988946,0.25,0.2506909130321297,0.2506909130321297,gradient_boosting,0.2,optimized_offpeak_growth,0.35,-0.4285714285714285
ST-009,2024-04-16 20:00:00,0.25,0.3029411764705882,0.24558738987844903,0.25,0.25060264443775826,0.25060264443775826,gradient_boosting,0.2,optimized_offpeak_growth,0.35,-0.4285714285714285
ST-018,2024-04-16 20:00:00,0.25,0.3029411764705882,0.26139438662633685,0.25,0.2507744244491945,0.2507744244491945,gradient_boosting,0.2,optimized_offpeak_growth,0.35,-0.4285714285714285
ST-005,2024-04-16 20:00:00,0.25,0.3029411764705882,0.26358906811904037,0.25,0.2507744244491945,0.2507744244491945,gradient_boosting,0.2,optimized_offpeak_growth,0.35,-0.4285714285714285
ST-011,2024-04-16 20:00:00,0.25,0.3029411764705882,0.24587690020591807,0.25,0.2506089618499744,0.2506089618499744,gradient_boosting,0.2,optimized_offpeak_growth,0.35,-0.4285714285714285
ST-014,2024-04-16 20:00:00,0.25,0.3029411764705882,0.24722425914053608,0.25,0.25051126076652863,0.25051126076652863,gradient_boosting,0.2,optimized_offpeak_growth,0.35,-0.4285714285714285
ST-018,2024-04-16 21:00:00,0.25,0.2846153846153846,0.24276172270506413,0.25,0.2505222136369626,0.2505222136369626,gradient_boosting,0.2,optimized_offpeak_growth,0.35,-0.4285714285714285
ST-008,2024-04-16 21:00:00,0.5,0.2846153846153846,0.4897840825190788,0.4998605906096356,0.5000883611630874,0.5000883611630874,gradient_boosting,0.5835,optimized_balanced_pricing,0.35,0.6671428571428573
ST-017,2024-04-16 21:00:00,0.25,0.2846153846153846,0.24452293905783298,0.25,0.25039540609741134,0.25039540609741134,gradient_boosting,0.2,optimized_offpeak_growth,0.35,-0.4285714285714285
ST-007,2024-04-16 21:00:00,0.25,0.2846153846153846,0.24608819324261602,0.25,0.25060264443775826,0.25060264443775826,gradient_boosting,0.2,optimized_offpeak_growth,0.35,-0.4285714285714285
ST-017,2024-04-16 22:00:00,0.09057941467423611,0.29512511025143323,0.23089039528490618,0.13013259313711284,0.1355500895149834,0.1355500895149834,gradient_boosting,0.2,optimized_offpeak_growth,0.35,-0.4285714285714285
ST-010,2024-04-16 22:00:00,0.25,0.29512511025143323,0.25346381162426107,0.25,0.2499303189220797,0.2499303189220797,gradient_boosting,0.2,optimized_offpeak_growth,0.35,-0.4285714285714285
ST-006,2024-04-16 22:00:00,0.18048468940270831,0.29512511025143323,0.2329675062815933,0.2205992311493557,0.2231402418464139,0.2231402418464139,gradient_boosting,0.2,optimized_offpeak_growth,0.35,-0.4285714285714285
ST-013,2024-04-16 22:00:00,0.25,0.29512511025143323,0.24714311992425134,0.25,0.25063078396989225,0.25063078396989225,gradient_boosting,0.2,optimized_offpeak_growth,0.35,-0.4285714285714285
ST-004,2024-04-16 22:00:00,0.24267542213875,0.29512511025143323,0.23344055097199082,0.2412082985206206,0.2442600397455993,0.2442600397455993,gradient_boosting,0.2,optimized_offpeak_growth,0.35,-0.4285714285714285
ST-003,2024-04-16 23:00:00,0.25,0.26021282049464345,0.24152261241278294,0.25,0.2501162240177797,0.2501162240177797,gradient_boosting,0.2,optimized_offpeak_growth,0.35,-0.4285714285714285
ST-010,2024-04-16 23:00:00,0.25,0.26021282049464345,0.2528244593090683,0.25,0.2501567584826944,0.2501567584826944,gradient_boosting,0.2,optimized_offpeak_growth,0.35,-0.4285714285714285
ST-014,2024-04-17 00:00:00,0.2256272597659722,0.27167488288439784,0.23249104136651022,0.24493462292094906,0.24414294381803284,0.24414294381803284,gradient_boosting,0.2,optimized_offpeak_growth,0.35,-0.4285714285714285
ST-008,2024-04-17 00:00:00,0.25,0.27167488288439784,0.255028899877756,0.25,0.2501848899524159,0.2501848899524159,gradient_boosting,0.2,optimized_offpeak_growth,0.35,-0.4285714285714285
ST-015,2024-04-17 00:00:00,0.25,0.27167488288439784,0.23191333919662518,0.24397420221702357,0.2441230589781989,0.2441230589781989,gradient_boosting,0.2,optimized_offpeak_growth,0.35,-0.4285714285714285
ST-009,2024-04-17 00:00:00,0.25,0.27167488288439784,0.23649294231343773,0.25,0.24989249503736757,0.24989249503736757,gradient_boosting,0.2,optimized_offpeak_growth,0.35,-0.4285714285714285
ST-004,2024-04-17 00:00:00,0.25,0.27167488288439784,0.23823990931546477,0.25,0.24929292688780674,0.24929292688780674,gradient_boosting,0.2,optimized_offpeak_growth,0.35,-0.4285714285714285
ST-001,2024-04-17 00:00:00,0.25,0.27167488288439784,0.24173771370356742,0.25,0.24998556066259547,0.24998556066259547,gradient_boosting,0.2,optimized_offpeak_growth,0.35,-0.4285714285714285
ST-006,2024-04-17 00:00:00,0.25,0.27167488288439784,0.23666878147756482,0.25,0.24994070430519943,0.24994070430519943,gradient_boosting,0.2,optimized_offpeak_growth,0.35,-0.4285714285714285
ST-013,2024-04-17 00:00:00,0.25,0.27167488288439784,0.2346079850619121,0.25,0.24982563166418972,0.24982563166418972,gradient_boosting,0.2,optimized_offpeak_growth,0.35,-0.4285714285714285
ST-013,2024-04-17 01:00:00,0.25,0.2810971330324249,0.23874163671940718,0.25,0.2497567056097972,0.2497567056097972,gradient_boosting,0.2,optimized_offpeak_growth,0.35,-0.4285714285714285
ST-016,2024-04-17 01:00:00,0.25,0.2810971330324249,0.23752095377352672,0.25,0.2497567056097972,0.2497567056097972,gradient_boosting,0.2,optimized_offpeak_growth,0.35,-0.4285714285714285
ST-007,2024-04-17 01:00:00,0.25,0.2810971330324249,0.2444522225496493,0.25,0.24997026136236025,0.24997026136236025,gradient_boosting,0.2,optimized_offpeak_growth,0.35,-0.4285714285714285
ST-005,2024-04-17 01:00:00,0.5,0.2810971330324249,0.4673095162023242,0.45813775182244537,0.46577432656307005,0.46577432656307005,gradient_boosting,0.5147,optimized_balanced_pricing,0.35,0.47057142857142886
ST-008,2024-04-17 02:00:00,0.25,0.27563401498196693,0.2369627043889051,0.25,0.25018905199220476,0.25018905199220476,gradient_boosting,0.2,optimized_offpeak_growth,0.35,-0.4285714285714285
ST-011,2024-04-17 02:00:00,0.25,0.27563401498196693,0.23538171500618368,0.25,0.2500959863669768,0.2500959863669768,gradient_boosting,0.2,optimized_offpeak_growth,0.35,-0.4285714285714285
ST-010,2024-04-17 02:00:00,0.25,0.27563401498196693,0.23758833795949436,0.25,0.2501023037791929,0.2501023037791929,gradient_boosting,0.2,optimized_offpeak_growth,0.35,-0.4285714285714285
ST-017,2024-04-17 02:00:00,0.25,0.27563401498196693,0.23189034671732267,0.23758882136138354,0.23946877828968105,0.23946877828968105,gradient_boosting,0.2,optimized_offpeak_growth,0.35,-0.4285714285714285
ST-004,2024-04-17 02:00:00,0.5,0.27563401498196693,0.492407490729148,0.49863097237829634,0.49443774202028473,0.49443774202028473,gradient_boosting,0.5728,optimized_balanced_pricing,0.35,0.6365714285714286
ST-015,2024-04-17 02:00:00,0.25,0.27563401498196693,0.24086708568999798,0.25,0.25022202654598064,0.25022202654598064,gradient_boosting,0.2,optimized_offpeak_growth,0.35,-0.4285714285714285
ST-004,2024-04-17 03:00:00,0.25,0.27588028509039003,0.2406823904022972,0.25,0.2501023037791929,0.2501023037791929,gradient_boosting,0.2,optimized_offpeak_growth,0.35,-0.4285714285714285
ST-007,2024-04-17 03:00:00,0.17769108438347223,0.27588028509039003,0.22967677106836926,0.20817436769992473,0.20915000430966565,0.20915000430966565,gradient_boosting,0.2,optimized_offpeak_growth,0.35,-0.4285714285714285
ST-013,2024-04-17 03:00:00,0.25,0.27588028509039003,0.24604567375724404,0.25,0.2502495979531665,0.2502495979531665,gradient_boosting,0.2,optimized_offpeak_growth,0.35,-0.4285714285714285
ST-017,2024-04-17 03:00:00,0.25,0.27588028509039003,0.23972159330809573,0.25,0.24943647405104252,0.24943647405104252,gradient_boosting,0.2,optimized_offpeak_growth,0.35,-0.4285714285714285
ST-009,2024-04-17 04:00:00,0.25,0.2849889985175625,0.23351541072990833,0.25,0.2501628497401546,0.2501628497401546,gradient_boosting,0.2,optimized_offpeak_growth,0.35,-0.4285714285714285
ST-017,2024-04-17 04:00:00,0.5,0.2849889985175625,0.48320861270230375,0.4992323702757148,0.4940971114905446,0.4940971114905446,gradient_boosting,0.5722,optimized_balanced_pricing,0.35,0.634857142857143
ST-007,2024-04-17 04:00:00,0.25,0.2849889985175625,0.2322363011169743,0.2404158158113438,0.24400566038346022,0.24400566038346022,gradient_boosting,0.2,optimized_offpeak_growth,0.35,-0.4285714285714285
ST-001,2024-04-17 04:00:00,0.25,0.2849889985175625,0.24568922212368818,0.25,0.2501628497401546,0.2501628497401546,gradient_boosting,0.2,optimized_offpeak_growth,0.35,-0.4285714285714285
ST-005,2024-04-17 04:00:00,0.25,0.2849889985175625,0.24888503396690964,0.25,0.2501628497401546,0.2501628497401546,gradient_boosting,0.2,optimized_offpeak_growth,0.35,-0.4285714285714285
ST-010,2024-04-17 05:00:00,0.0896547404929861,0.27224224844295697,0.22920671673852125,0.07506243092556612,0.09624804472030533,0.09624804472030533,gradient_boosting,0.2,optimized_offpeak_growth,0.35,-0.4285714285714285
ST-004,2024-04-17 05:00:00,0.25,0.27224224844295697,0.2336170336616325,0.24778951155677065,0.2485486740102447,0.2485486740102447,gradient_boosting,0.2,optimized_offpeak_growth,0.35,-0.4285714285714285
ST-001,2024-04-17 05:00:00,0.25,0.27224224844295697,0.24865462826017504,0.25,0.2502495979531665,0.2502495979531665,gradient_boosting,0.2,optimized_offpeak_growth,0.35,-0.4285714285714285
ST-002,2024-04-17 05:00:00,0.20878824640444443,0.27224224844295697,0.23037600434276395,0.16686837974138527,0.16036090182953766,0.16036090182953766,gradient_boosting,0.2,optimized_offpeak_growth,0.35,-0.4285714285714285
ST-012,2024-04-17 07:00:00,0.25,0.2873134328358209,0.27287139027155183,0.25,0.2507681070369784,0.2507681070369784,gradient_boosting,0.2,optimized_offpeak_growth,0.35,-0.4285714285714285
ST-010,2024-04-17 07:00:00,0.25,0.2873134328358209,0.2510325235061945,0.25,0.2510031731893694,0.2510031731893694,gradient_boosting,0.2,optimized_offpeak_growth,0.35,-0.4285714285714285
ST-004,2024-04-17 08:00:00,0.25,0.29577464788732394,0.2414557799598407,0.25,0.25082815638198613,0.25082815638198613,gradient_boosting,0.2,optimized_offpeak_growth,0.35,-0.4285714285714285
ST-012,2024-04-17 08:00:00,0.25,0.29577464788732394,0.24088382483942838,0.25,0.2508360914251785,0.2508360914251785,gradient_boosting,0.2,optimized_offpeak_growth,0.35,-0.4285714285714285
ST-013,2024-04-17 08:00:00,0.75,0.29577464788732394,0.7379845143644154,0.7499925812105951,0.7440740176836057,0.7440740176836057,gradient_boosting,0.6,optimized_balanced_pricing,0.35,0.7142857142857144
ST-010,2024-04-17 08:00:00,0.25,0.29577464788732394,0.25370220075826677,0.25,0.25060264443775826,0.25060264443775826,gradient_boosting,0.2,optimized_offpeak_growth,0.35,-0.4285714285714285
ST-017,2024-04-17 08:00:00,0.25,0.29577464788732394,0.24295202582719547,0.25,0.2505222136369626,0.2505222136369626,gradient_boosting,0.2,optimized_offpeak_growth,0.35,-0.4285714285714285
ST-016,2024-04-17 09:00:00,0.25,0.3181818181818182,0.24834327965167363,0.25,0.25060264443775826,0.25060264443775826,gradient_boosting,0.2,optimized_offpeak_growth,0.35,-0.4285714285714285
ST-003,2024-04-17 09:00:00,0.25,0.3181818181818182,0.24124001041827342,0.25,0.25051589622474646,0.25051589622474646,gradient_boosting,0.2,optimized_offpeak_growth,0.35,-0.4285714285714285
ST-006,2024-04-17 09:00:00,0.25,0.3181818181818182,0.25591866466647245,0.25,0.25060264443775826,0.25060264443775826,gradient_boosting,0.2,optimized_offpeak_growth,0.35,-0.4285714285714285
ST-009,2024-04-17 09:00:00,0.25,0.3181818181818182,0.261983524161065,0.25,0.2506813588239666,0.2506813588239666,gradient_boosting,0.2,optimized_offpeak_growth,0.35,-0.4285714285714285
ST-014,2024-04-17 09:00:00,0.25,0.3181818181818182,0.2603585333324639,0.25,0.2507206507899586,0.2507206507899586,gradient_boosting,0.2,optimized_offpeak_growth,0.35,-0.4285714285714285
ST-013,2024-04-17 10:00:00,0.25,0.3116883116883117,0.23961282975051068,0.25,0.25039629672757485,0.25039629672757485,gradient_boosting,0.2,optimized_offpeak_growth,0.35,-0.4285714285714285
ST-007,2024-04-17 10:00:00,0.25,0.3116883116883117,0.24472412162626533,0.25,0.24965002980360565,0.24965002980360565,gradient_boosting,0.2,optimized_offpeak_growth,0.35,-0.4285714285714285
ST-013,2024-04-17 11:00:00,0.25,0.3019449863523916,0.25222528582522785,0.25,0.25013252439909167,0.25013252439909167,gradient_boosting,0.2,optimized_offpeak_growth,0.35,-0.4285714285714285
ST-014,2024-04-17 11:00:00,0.5,0.3019449863523916,0.4705730613126452,0.4659805018480812,0.46982550830538816,0.46982550830538816,gradient_boosting,0.5234,optimized_balanced_pricing,0.35,0.49542857142857155
ST-017,2024-04-17 11:00:00,0.25,0.3019449863523916,0.24274003554474305,0.25,0.2502495979531665,0.2502495979531665,gradient_boosting,0.2,optimized_offpeak_growth,0.35,-0.4285714285714285
ST-016,2024-04-17 11:00:00,0.25,0.3019449863523916,0.24246247521446795,0.25,0.2501628497401546,0.2501628497401546,gradient_boosting,0.2,optimized_offpeak_growth,0.35,-0.4285714285714285
ST-006,2024-04-17 11:00:00,0.25,0.3019449863523916,0.2337704891845527,0.25,0.25063078396989225,0.25063078396989225,gradient_boosting,0.2,optimized_offpeak_growth,0.35,-0.4285714285714285
ST-012,2024-04-17 11:00:00,0.25,0.3019449863523916,0.23875650424660716,0.25,0.2499691788274255,0.2499691788274255,gradient_boosting,0.2,optimized_offpeak_growth,0.35,-0.4285714285714285
ST-002,2024-04-17 11:00:00,0.25,0.3019449863523916,0.2347750405838971,0.25,0.2504246147605497,0.2504246147605497,gradient_boosting,0.2,optimized_offpeak_growth,0.35,-0.4285714285714285
ST-015,2024-04-17 11:00:00,0.25,0.3019449863523916,0.24053509915466,0.25,0.25018273457998863,0.25018273457998863,gradient_boosting,0.2,optimized_offpeak_growth,0.35,-0.4285714285714285
ST-007,2024-04-17 12:00:00,0.419472292875,0.26305485190130184,0.4679658860505681,0.45834508439981597,0.4430947946614425,0.4430947946614425,gradient_boosting,0.4635,optimized_balanced_pricing,0.35,0.3242857142857145
ST-014,2024-04-17 12:00:00,0.25,0.26305485190130184,0.24077726520470671,0.25,0.2502495979531665,0.2502495979531665,gradient_boosting,0.2,optimized_offpeak_growth,0.35,-0.4285714285714285
ST-013,2024-04-17 12:00:00,0.25,0.26305485190130184,0.2460675569038035,0.25,0.2502559153653826,0.2502559153653826,gradient_boosting,0.2,optimized_offpeak_growth,0.35,-0.4285714285714285
ST-004,2024-04-17 13:00:00,0.25,0.24084683569331242,0.24080256762140417,0.25,0.2502495979531665,0.2502495979531665,gradient_boosting,0.2,optimized_offpeak_growth,0.35,-0.4285714285714285
ST-015,2024-04-17 13:00:00,0.25,0.24084683569331242,0.23371806662219352,0.25,0.2501628497401546,0.2501628497401546,gradient_boosting,0.2,optimized_offpeak_growth,0.35,-0.4285714285714285
ST-008,2024-04-17 13:00:00,0.25,0.24084683569331242,0.2344660913270273,0.25,0.2502495979531665,0.2502495979531665,gradient_boosting,0.2,optimized_offpeak_growth,0.35,-0.4285714285714285
ST-007,2024-04-17 13:00:00,0.25,0.24084683569331242,0.23491094654454775,0.25,0.2502495979531665,0.2502495979531665,gradient_boosting,0.2,optimized_offpeak_growth,0.35,-0.4285714285714285
ST-001,2024-04-17 14:00:00,0.40646165064069445,0.29282661727983333,0.46865544749483357,0.43874458190813226,0.45638067782712716,0.45638067782712716,gradient_boosting,0.4941,optimized_balanced_pricing,0.35,0.4117142857142857
ST-008,2024-04-17 14:00:00,0.25,0.29282661727983333,0.23555845535592893,0.25,0.2501628497401546,0.2501628497401546,gradient_boosting,0.2,optimized_offpeak_growth,0.35,-0.4285714285714285
ST-016,2024-04-17 14:00:00,0.1213574982,0.29282661727983333,0.22966746092304932,0.10387836157983392,0.1081179410657435,0.1081179410657435,gradient_boosting,0.2,optimized_offpeak_growth,0.35,-0.4285714285714285
ST-018,2024-04-17 14:00:00,0.5,0.29282661727983333,0.48453381922967476,0.49909427469836337,0.494810804696705,0.494810804696705,gradient_boosting,0.5735,optimized_balanced_pricing,0.35,0.6385714285714288
ST-015,2024-04-17 14:00:00,0.25,0.29282661727983333,0.2421510452221114,0.25,0.2500360422006034,0.2500360422006034,gradient_boosting,0.2,optimized_offpeak_growth,0.35,-0.4285714285714285
ST-012,2024-04-17 14:00:00,0.25,0.29282661727983333,0.23349343511604864,0.24994863648475674,0.24924454360695128,0.24924454360695128,gradient_boosting,0.2,optimized_offpeak_growth,0.35,-0.4285714285714285
ST-013,2024-04-17 14:00:00,0.25,0.29282661727983333,0.2589637735340865,0.25,0.2505356754559986,0.2505356754559986,gradient_boosting,0.2,optimized_offpeak_growth,0.35,-0.4285714285714285
ST-018,2024-04-17 15:00:00,0.25,0.30996476280593077,0.23968963130959095,0.25,0.25063078396989225,0.25063078396989225,gradient_boosting,0.2,optimized_offpeak_growth,0.35,-0.4285714285714285
ST-016,2024-04-17 15:00:00,0.25,0.30996476280593077,0.23276504483619553,0.23710335456575155,0.2395356416628589,0.2395356416628589,gradient_boosting,0.2,optimized_offpeak_growth,0.35,-0.4285714285714285
ST-004,2024-04-17 15:00:00,0.25,0.30996476280593077,0.2386131470739032,0.25,0.2502495979531665,0.2502495979531665,gradient_boosting,0.2,optimized_offpeak_growth,0.35,-0.4285714285714285
ST-009,2024-04-17 15:00:00,0.25,0.30996476280593077,0.23097922986527455,0.23853498621004238,0.2386545005446182,0.2386545005446182,gradient_boosting,0.2,optimized_offpeak_growth,0.35,-0.4285714285714285
ST-010,2024-04-17 15:00:00,0.5,0.30996476280593077,0.4839378809555228,0.49837510885687797,0.4950415136243879,0.4950415136243879,gradient_boosting,0.574,optimized_balanced_pricing,0.35,0.6399999999999999
ST-014,2024-04-17 15:00:00,0.25,0.30996476280593077,0.24107477565917182,0.25,0.2502495979531665,0.2502495979531665,gradient_boosting,0.2,optimized_offpeak_growth,0.35,-0.4285714285714285
ST-012,2024-04-17 15:00:00,0.2336811289584722,0.30996476280593077,0.2327125951745031,0.24011714110097912,0.23936062485547568,0.23936062485547568,gradient_boosting,0.2,optimized_offpeak_growth,0.35,-0.4285714285714285
ST-008,2024-04-17 16:00:00,0.25,0.2833160472941772,0.23959602910102096,0.25,0.2502495979531665,0.2502495979531665,gradient_boosting,0.2,optimized_offpeak_growth,0.35,-0.4285714285714285
ST-011,2024-04-17 16:00:00,0.0643976119025,0.2833160472941772,0.2294485704850351,0.09213226758838017,0.09554865563093509,0.09554865563093509,gradient_boosting,0.2,optimized_offpeak_growth,0.35,-0.4285714285714285
ST-004,2024-04-17 16:00:00,0.25,0.2833160472941772,0.24810993333706208,0.25,0.2502495979531665,0.2502495979531665,gradient_boosting,0.2,optimized_offpeak_growth,0.35,-0.4285714285714285
ST-013,2024-04-17 16:00:00,0.25,0.2833160472941772,0.2346650380443883,0.25,0.25063078396989225,0.25063078396989225,gradient_boosting,0.2,optimized_offpeak_growth,0.35,-0.4285714285714285
ST-003,2024-04-17 16:00:00,0.25,0.2833160472941772,0.23336679627827464,0.242398280669592,0.2444801618939978,0.2444801618939978,gradient_boosting,0.2,optimized_offpeak_growth,0.35,-0.4285714285714285
ST-015,2024-04-17 16:00:00,0.25,0.2833160472941772,0.24380119144185688,0.25,0.2502495979531665,0.2502495979531665,gradient_boosting,0.2,optimized_offpeak_growth,0.35,-0.4285714285714285
ST-012,2024-04-17 16:00:00,0.25,0.2833160472941772,0.23985402881924606,0.25,0.24965002980360565,0.24965002980360565,gradient_boosting,0.2,optimized_offpeak_growth,0.35,-0.4285714285714285
ST-003,2024-04-17 17:00:00,0.25,0.28125,0.24529955443516405,0.25,0.25064193640375027,0.25064193640375027,gradient_boosting,0.2,optimized_offpeak_growth,0.35,-0.4285714285714285
ST-009,2024-04-17 17:00:00,0.25,0.28125,0.24714427737237743,0.25,0.2511998589047201,0.2511998589047201,gradient_boosting,0.2,optimized_offpeak_growth,0.35,-0.4285714285714285
ST-001,2024-04-17 17:00:00,0.25,0.28125,0.2504340590348874,0.25,0.25060264443775826,0.25060264443775826,gradient_boosting,0.2,optimized_offpeak_growth,0.35,-0.4285714285714285
ST-012,2024-04-17 17:00:00,0.25,0.28125,0.24195433759221335,0.25,0.2503890886851952,0.2503890886851952,gradient_boosting,0.2,optimized_offpeak_growth,0.35,-0.4285714285714285
ST-007,2024-04-17 17:00:00,0.25,0.28125,0.24215501078817453,0.25,0.25060264443775826,0.25060264443775826,gradient_boosting,0.2,optimized_offpeak_growth,0.35,-0.4285714285714285
ST-006,2024-04-17 17:00:00,0.25,0.28125,0.261570975056827,0.25,0.25099361898120626,0.25099361898120626,gradient_boosting,0.2,optimized_offpeak_growth,0.35,-0.4285714285714285
ST-015,2024-04-17 17:00:00,0.5,0.28125,0.4833218180915265,0.49969199480267373,0.4954684929396578,0.4954684929396578,gradient_boosting,0.5748,optimized_balanced_pricing,0.35,0.6422857142857143
ST-005,2024-04-17 18:00:00,0.75,0.30833333333333335,0.736694052683881,0.7496081411869637,0.743866779343259,0.743866779343259,gradient_boosting,0.6,optimized_balanced_pricing,0.35,0.7142857142857144
ST-002,2024-04-17 18:00:00,0.25,0.30833333333333335,0.24090323815706446,0.2498220940675743,0.2502213057031616,0.2502213057031616,gradient_boosting,0.2,optimized_offpeak_growth,0.35,-0.4285714285714285
ST-007,2024-04-17 18:00:00,0.25,0.30833333333333335,0.2553475220848232,0.25,0.2505357810645804,0.2505357810645804,gradient_boosting,0.2,optimized_offpeak_growth,0.35,-0.4285714285714285
ST-013,2024-04-17 18:00:00,0.25,0.30833333333333335,0.25735466952877206,0.25,0.2505357810645804,0.2505357810645804,gradient_boosting,0.2,optimized_offpeak_growth,0.35,-0.4285714285714285
ST-002,2024-04-17 19:00:00,0.25,0.29605263157894735,0.24966615675282558,0.25,0.2505357810645804,0.2505357810645804,gradient_boosting,0.2,optimized_offpeak_growth,0.35,-0.4285714285714285
ST-014,2024-04-17 19:00:00,0.25,0.29605263157894735,0.24618699414863032,0.25,0.2505357810645804,0.2505357810645804,gradient_boosting,0.2,optimized_offpeak_growth,0.35,-0.4285714285714285
ST-001,2024-04-17 19:00:00,0.25,0.29605263157894735,0.25035541920461557,0.25,0.2504490328515686,0.2504490328515686,gradient_boosting,0.2,optimized_offpeak_growth,0.35,-0.4285714285714285
ST-017,2024-04-17 19:00:00,0.25,0.29605263157894735,0.24283917015103956,0.25,0.25060264443775826,0.25060264443775826,gradient_boosting,0.2,optimized_offpeak_growth,0.35,-0.4285714285714285
ST-002,2024-04-17 20:00:00,0.25,0.29225352112676056,0.24496252755686315,0.25,0.25060264443775826,0.25060264443775826,gradient_boosting,0.2,optimized_offpeak_growth,0.35,-0.4285714285714285
ST-007,2024-04-17 20:00:00,0.25,0.29225352112676056,0.24124602340333384,0.25,0.2505222136369626,0.2505222136369626,gradient_boosting,0.2,optimized_offpeak_growth,0.35,-0.4285714285714285
ST-016,2024-04-17 20:00:00,0.25,0.29225352112676056,0.27310746974716377,0.25,0.2501685388874176,0.2501685388874176,gradient_boosting,0.2,optimized_offpeak_growth,0.35,-0.4285714285714285
ST-001,2024-04-17 20:00:00,0.25,0.29225352112676056,0.2501878851464803,0.25,0.25060264443775826,0.25060264443775826,gradient_boosting,0.2,optimized_offpeak_growth,0.35,-0.4285714285714285
ST-018,2024-04-17 20:00:00,0.25,0.29225352112676056,0.24552240244837453,0.25,0.25082815638198613,0.25082815638198613,gradient_boosting,0.2,optimized_offpeak_growth,0.35,-0.4285714285714285
ST-009,2024-04-17 20:00:00,0.25,0.29225352112676056,0.24525009526080238,0.25,0.25060264443775826,0.25060264443775826,gradient_boosting,0.2,optimized_offpeak_growth,0.35,-0.4285714285714285
ST-009,2024-04-17 21:00:00,0.25,0.2979452054794521,0.24815861507454037,0.25,0.25060264443775826,0.25060264443775826,gradient_boosting,0.2,optimized_offpeak_growth,0.35,-0.4285714285714285
ST-005,2024-04-17 21:00:00,0.25,0.2979452054794521,0.24898613628251667,0.25,0.2508360914251785,0.2508360914251785,gradient_boosting,0.2,optimized_offpeak_growth,0.35,-0.4285714285714285
ST-018,2024-04-17 21:00:00,0.25,0.2979452054794521,0.2408025880098345,0.24868722147455366,0.2493986285669037,0.2493986285669037,gradient_boosting,0.2,optimized_offpeak_growth,0.35,-0.4285714285714285
ST-008,2024-04-17 21:00:00,0.25,0.2979452054794521,0.2533464821190665,0.25,0.25082815638198613,0.25082815638198613,gradient_boosting,0.2,optimized_offpeak_growth,0.35,-0.4285714285714285
ST-002,2024-04-17 22:00:00,0.25,0.28665767951940385,0.23564283092058547,0.25,0.2498358048920388,0.2498358048920388,gradient_boosting,0.2,optimized_offpeak_growth,0.35,-0.4285714285714285
ST-018,2024-04-17 22:00:00,0.25,0.28665767951940385,0.23284865297887508,0.20909319422273562,0.22518092740749707,0.22518092740749707,gradient_boosting,0.2,optimized_offpeak_growth,0.35,-0.4285714285714285
ST-003,2024-04-17 22:00:00,0.25,0.28665767951940385,0.2386777980782248,0.25,0.24996261243159004,0.24996261243159004,gradient_boosting,0.2,optimized_offpeak_growth,0.35,-0.4285714285714285
ST-005,2024-04-17 22:00:00,0.25,0.28665767951940385,0.23485115130034567,0.24563752887717827,0.24792713142752554,0.24792713142752554,gradient_boosting,0.2,optimized_offpeak_growth,0.35,-0.4285714285714285
ST-016,2024-04-17 22:00:00,0.25,0.28665767951940385,0.2322067754394496,0.25,0.25041618156740886,0.25041618156740886,gradient_boosting,0.2,optimized_offpeak_growth,0.35,-0.4285714285714285
ST-009,2024-04-17 23:00:00,0.25,0.25954079088773996,0.2428955696022186,0.25,0.25004936064460187,0.25004936064460187,gradient_boosting,0.2,optimized_offpeak_growth,0.35,-0.4285714285714285
ST-002,2024-04-17 23:00:00,0.25,0.25954079088773996,0.24362272829640652,0.25,0.25004936064460187,0.25004936064460187,gradient_boosting,0.2,optimized_offpeak_growth,0.35,-0.4285714285714285
ST-002,2024-04-18 00:00:00,0.75,0.2950742118549403,0.7259877617137807,0.7399188567036349,0.7263754827190028,0.7263754827190028,gradient_boosting,0.6,optimized_balanced_pricing,0.35,0.7142857142857144
ST-001,2024-04-18 00:00:00,0.25,0.2950742118549403,0.24208407773336732,0.25,0.24982563166418972,0.24982563166418972,gradient_boosting,0.2,optimized_offpeak_growth,0.35,-0.4285714285714285
ST-011,2024-04-18 00:00:00,0.25,0.2950742118549403,0.232281848572315,0.24747155642483487,0.24929589809093264,0.24929589809093264,gradient_boosting,0.2,optimized_offpeak_growth,0.35,-0.4285714285714285
ST-001,2024-04-18 01:00:00,0.25,0.27356137139296355,0.24189402526755244,0.25,0.25034512996687,0.25034512996687,gradient_boosting,0.2,optimized_offpeak_growth,0.35,-0.4285714285714285
ST-014,2024-04-18 01:00:00,0.3125,0.27356137139296355,0.4759984737709631,0.4695387556793462,0.4880502835996685,0.4880502835996685,gradient_boosting,0.5605,optimized_balanced_pricing,0.35,0.6014285714285714
ST-017,2024-04-18 01:00:00,0.25,0.27356137139296355,0.2319340875832897,0.24585292385894222,0.24420082530319162,0.24420082530319162,gradient_boosting,0.2,optimized_offpeak_growth,0.35,-0.4285714285714285
ST-015,2024-04-18 01:00:00,0.25,0.27356137139296355,0.23887699236541615,0.25,0.24997026136236025,0.24997026136236025,gradient_boosting,0.2,optimized_offpeak_growth,0.35,-0.4285714285714285
ST-003,2024-04-18 02:00:00,0.22180358552048612,0.28426901080369815,0.23078042420951525,0.20741610590798024,0.2220851805591064,0.2220851805591064,gradient_boosting,0.2,optimized_offpeak_growth,0.35,-0.4285714285714285
ST-001,2024-04-18 02:00:00,0.5,0.28426901080369815,0.47184597346072654,0.4714640902244085,0.48169883267734875,0.48169883267734875,gradient_boosting,0.5479,optimized_balanced_pricing,0.35,0.5654285714285716
ST-002,2024-04-18 03:00:00,0.20730979429194443,0.26309503380201765,0.23097581769395997,0.23309149170559046,0.22536350969067212,0.22536350969067212,gradient_boosting,0.2,optimized_offpeak_growth,0.35,-0.4285714285714285
ST-004,2024-04-18 03:00:00,0.08439952016722223,0.26309503380201765,0.2279091429027647,0.08244121311564351,0.08572268201093025,0.08572268201093025,gradient_boosting,0.2,optimized_offpeak_growth,0.35,-0.4285714285714285
ST-007,2024-04-18 03:00:00,0.21842227163895833,0.26309503380201765,0.23064910820846385,0.20508692005693221,0.19726931561073616,0.19726931561073616,gradient_boosting,0.2,optimized_offpeak_growth,0.35,-0.4285714285714285
ST-001,2024-04-18 03:00:00,0.25,0.26309503380201765,0.2380077046864438,0.25,0.25018273457998863,0.25018273457998863,gradient_boosting,0.2,optimized_offpeak_growth,0.35,-0.4285714285714285
ST-017,2024-04-18 03:00:00,0.48806506145694445,0.26309503380201765,0.48254227841551256,0.4974447317572384,0.49371244569067313,0.49371244569067313,gradient_boosting,0.5714,optimized_balanced_pricing,0.35,0.6325714285714288
ST-017,2024-04-18 04:00:00,0.25,0.29941486754010016,0.23534074376221192,0.25,0.25018905199220476,0.25018905199220476,gradient_boosting,0.2,optimized_offpeak_growth,0.35,-0.4285714285714285
ST-002,2024-04-18 04:00:00,0.25,0.29941486754010016,0.24329935928319216,0.25,0.2503577513873719,0.2503577513873719,gradient_boosting,0.2,optimized_offpeak_growth,0.35,-0.4285714285714285
ST-009,2024-04-18 04:00:00,0.25,0.29941486754010016,0.2363368213154803,0.25,0.2508537814685649,0.2508537814685649,gradient_boosting,0.2,optimized_offpeak_growth,0.35,-0.4285714285714285
ST-006,2024-04-18 04:00:00,0.25,0.29941486754010016,0.23826736819524552,0.25,0.25018905199220476,0.25018905199220476,gradient_boosting,0.2,optimized_offpeak_growth,0.35,-0.4285714285714285
ST-007,2024-04-18 04:00:00,0.25,0.29941486754010016,0.23581157250889617,0.25,0.2503577513873719,0.2503577513873719,gradient_boosting,0.2,optimized_offpeak_growth,0.35,-0.4285714285714285
ST-004,2024-04-18 05:00:00,0.25,0.30916629595744033,0.23234819330754186,0.24662886029679823,0.24865682744445006,0.24865682744445006,gradient_boosting,0.2,optimized_offpeak_growth,0.35,-0.4285714285714285
ST-010,2024-04-18 05:00:00,0.25,0.30916629595744033,0.24144802559782153,0.25,0.25018905199220476,0.25018905199220476,gradient_boosting,0.2,optimized_offpeak_growth,0.35,-0.4285714285714285
ST-012,2024-04-18 05:00:00,0.5,0.30916629595744033,0.4830972580557956,0.4993528722748015,0.4945587283080661,0.4945587283080661,gradient_boosting,0.5731,optimized_balanced_pricing,0.35,0.6374285714285717
ST-005,2024-04-18 05:00:00,0.25,0.30916629595744033,0.23191344092130667,0.2394223788186768,0.23693473765297948,0.23693473765297948,gradient_boosting,0.2,optimized_offpeak_growth,0.35,-0.4285714285714285
ST-008,2024-04-18 05:00:00,0.25,0.30916629595744033,0.23834850152959147,0.25,0.2500959863669768,0.2500959863669768,gradient_boosting,0.2,optimized_offpeak_growth,0.35,-0.4285714285714285
ST-002,2024-04-18 05:00:00,0.11562057906374999,0.30916629595744033,0.2292436093959854,0.15372427329308166,0.14776662053885423,0.14776662053885423,gradient_boosting,0.2,optimized_offpeak_growth,0.35,-0.4285714285714285
ST-005,2024-04-18 06:00:00,0.25,0.2631971711331652,0.23801772569485233,0.25,0.2506932008339386,0.2506932008339386,gradient_boosting,0.2,optimized_offpeak_growth,0.35,-0.4285714285714285
ST-017,2024-04-18 06:00:00,0.25,0.2631971711331652,0.24380878305467246,0.25,0.2500959863669768,0.2500959863669768,gradient_boosting,0.2,optimized_offpeak_growth,0.35,-0.4285714285714285
ST-003,2024-04-18 06:00:00,0.25,0.2631971711331652,0.24102942903021646,0.25,0.25027100317436,0.25027100317436,gradient_boosting,0.2,optimized_offpeak_growth,0.35,-0.4285714285714285
ST-008,2024-04-18 06:00:00,0.25,0.2631971711331652,0.2510383138287957,0.25,0.2502192726121035,0.2502192726121035,gradient_boosting,0.2,optimized_offpeak_growth,0.35,-0.4285714285714285
ST-014,2024-04-18 06:00:00,0.25,0.2631971711331652,0.2410808543231653,0.25,0.2500959863669768,0.2500959863669768,gradient_boosting,0.2,optimized_offpeak_growth,0.35,-0.4285714285714285
ST-015,2024-04-18 07:00:00,0.25,0.2881944444444444,0.2453731996273767,0.25,0.2505357810645804,0.2505357810645804,gradient_boosting,0.2,optimized_offpeak_growth,0.35,-0.4285714285714285
ST-008,2024-04-18 07:00:00,0.25,0.2881944444444444,0.2508661255075344,0.25,0.25054209847679654,0.25054209847679654,gradient_boosting,0.2,optimized_offpeak_growth,0.35,-0.4285714285714285
ST-001,2024-04-18 07:00:00,0.25,0.2881944444444444,0.24931829766230684,0.25,0.2505357810645804,0.2505357810645804,gradient_boosting,0.2,optimized_offpeak_growth,0.35,-0.4285714285714285
ST-002,2024-04-18 07:00:00,0.25,0.2881944444444444,0.2424248156863256,0.25,0.2504972421194006,0.2504972421194006,gradient_boosting,0.2,optimized_offpeak_growth,0.35,-0.4285714285714285
ST-013,2024-04-18 07:00:00,0.25,0.2881944444444444,0.25162704855791623,0.25,0.2507676104210244,0.2507676104210244,gradient_boosting,0.2,optimized_offpeak_growth,0.35,-0.4285714285714285
ST-016,2024-04-18 07:00:00,0.25,0.2881944444444444,0.2404978471075308,0.25,0.2505357810645804,0.2505357810645804,gradient_boosting,0.2,optimized_offpeak_growth,0.35,-0.4285714285714285
ST-014,2024-04-18 07:00:00,0.25,0.2881944444444444,0.2538690800527187,0.25,0.2505357810645804,0.2505357810645804,gradient_boosting,0.2,optimized_offpeak_growth,0.35,-0.4285714285714285
ST-009,2024-04-18 07:00:00,0.25,0.2881944444444444,0.25480879098660075,0.25,0.2504490328515686,0.2504490328515686,gradient_boosting,0.2,optimized_offpeak_growth,0.35,-0.4285714285714285
ST-007,2024-04-18 07:00:00,0.25,0.2881944444444444,0.25402117156981163,0.25,0.2505357810645804,0.2505357810645804,gradient_boosting,0.2,optimized_offpeak_growth,0.35,-0.4285714285714285
ST-007,2024-04-18 08:00:00,0.25,0.290625,0.25152623971920124,0.25,0.2507676104210244,0.2507676104210244,gradient_boosting,0.2,optimized_offpeak_growth,0.35,-0.4285714285714285
ST-001,2024-04-18 08:00:00,0.25,0.290625,0.2441454057840046,0.25,0.2505357810645804,0.2505357810645804,gradient_boosting,0.2,optimized_offpeak_growth,0.35,-0.4285714285714285
ST-006,2024-04-18 08:00:00,0.5,0.290625,0.48248248446303055,0.49963757668026165,0.4954684929396578,0.4954684929396578,gradient_boosting,0.5748,optimized_balanced_pricing,0.35,0.6422857142857143
ST-017,2024-04-18 08:00:00,0.5,0.290625,0.5242645530871151,0.4994253033195683,0.5043668948083755,0.5043668948083755,gradient_boosting,0.5914,optimized_balanced_pricing,0.35,0.689714285714286
ST-003,2024-04-18 08:00:00,0.5,0.290625,0.4891195854370225,0.49998320814946523,0.5000883611630874,0.5000883611630874,gradient_boosting,0.5835,optimized_balanced_pricing,0.35,0.6671428571428573
ST-002,2024-04-18 09:00:00,0.25,0.27702702702702703,0.25418084264068436,0.25,0.2505357810645804,0.2505357810645804,gradient_boosting,0.2,optimized_offpeak_growth,0.35,-0.4285714285714285
ST-013,2024-04-18 09:00:00,0.25,0.27702702702702703,0.25735163556250795,0.25,0.25048557088368345,0.25048557088368345,gradient_boosting,0.2,optimized_offpeak_growth,0.35,-0.4285714285714285
ST-015,2024-04-18 09:00:00,0.25,0.27702702702702703,0.249818171108892,0.25,0.2505357810645804,0.2505357810645804,gradient_boosting,0.2,optimized_offpeak_growth,0.35,-0.4285714285714285
ST-003,2024-04-18 10:00:00,0.25,0.27816901408450706,0.25093333788469707,0.25,0.25022559002431966,0.25022559002431966,gradient_boosting,0.2,optimized_offpeak_growth,0.35,-0.4285714285714285
ST-015,2024-04-18 10:00:00,0.25,0.27816901408450706,0.23640847011702815,0.25,0.25018273457998863,0.25018273457998863,gradient_boosting,0.2,optimized_offpeak_growth,0.35,-0.4285714285714285
ST-002,2024-04-18 10:00:00,0.25,0.27816901408450706,0.2405622410181686,0.25,0.2501023037791929,0.2501023037791929,gradient_boosting,0.2,optimized_offpeak_growth,0.35,-0.4285714285714285
ST-001,2024-04-18 11:00:00,0.25,0.2889100966052505,0.23557656755243675,0.25,0.2500959863669768,0.2500959863669768,gradient_boosting,0.2,optimized_offpeak_growth,0.35,-0.4285714285714285
ST-006,2024-04-18 11:00:00,0.25,0.2889100966052505,0.23797509997474459,0.25,0.2502495979531665,0.2502495979531665,gradient_boosting,0.2,optimized_offpeak_growth,0.35,-0.4285714285714285
ST-004,2024-04-18 11:00:00,0.25,0.2889100966052505,0.2385929614704434,0.25,0.2502495979531665,0.2502495979531665,gradient_boosting,0.2,optimized_offpeak_growth,0.35,-0.4285714285714285
ST-014,2024-04-18 11:00:00,0.25,0.2889100966052505,0.23609583692500752,0.25,0.2502559153653826,0.2502559153653826,gradient_boosting,0.2,optimized_offpeak_growth,0.35,-0.4285714285714285
ST-012,2024-04-18 11:00:00,0.25,0.2889100966052505,0.23108746145361198,0.23056848764308505,0.2235685308362292,0.2235685308362292,gradient_boosting,0.2,optimized_offpeak_growth,0.35,-0.4285714285714285
ST-009,2024-04-18 11:00:00,0.25,0.2889100966052505,0.2351458323688977,0.25,0.2502559153653826,0.2502559153653826,gradient_boosting,0.2,optimized_offpeak_growth,0.35,-0.4285714285714285
ST-008,2024-04-18 11:00:00,0.25,0.2889100966052505,0.23948918038991118,0.25,0.2502495979531665,0.2502495979531665,gradient_boosting,0.2,optimized_offpeak_growth,0.35,-0.4285714285714285
ST-005,2024-04-18 11:00:00,0.25,0.2889100966052505,0.24203664605813155,0.25,0.2500360422006034,0.2500360422006034,gradient_boosting,0.2,optimized_offpeak_growth,0.35,-0.4285714285714285
ST-003,2024-04-18 11:00:00,0.25,0.2889100966052505,0.2533729629223615,0.25,0.2505419928682147,0.2505419928682147,gradient_boosting,0.2,optimized_offpeak_growth,0.35,-0.4285714285714285
ST-014,2024-04-18 12:00:00,0.25,0.27836231580437587,0.23200986285330966,0.23646660776951287,0.23856143491939028,0.23856143491939028,gradient_boosting,0.2,optimized_offpeak_growth,0.35,-0.4285714285714285
ST-004,2024-04-18 12:00:00,0.0625,0.27836231580437587,0.22929805681247425,0.07699024627159919,0.08598029810746428,0.08598029810746428,gradient_boosting,0.2,optimized_offpeak_growth,0.35,-0.4285714285714285
ST-017,2024-04-18 12:00:00,0.25,0.27836231580437587,0.24648438691951993,0.25,0.24984826418818554,0.24984826418818554,gradient_boosting,0.2,optimized_offpeak_growth,0.35,-0.4285714285714285
ST-001,2024-04-18 13:00:00,0.25,0.27813733844522476,0.2435383936311227,0.25,0.2501628497401546,0.2501628497401546,gradient_boosting,0.2,optimized_offpeak_growth,0.35,-0.4285714285714285
ST-005,2024-04-18 13:00:00,0.25,0.27813733844522476,0.2321963401028587,0.24479317226518904,0.2442666061414347,0.2442666061414347,gradient_boosting,0.2,optimized_offpeak_growth,0.35,-0.4285714285714285
ST-004,2024-04-18 13:00:00,0.25,0.27813733844522476,0.23921928838391643,0.25,0.2504246147605497,0.2504246147605497,gradient_boosting,0.2,optimized_offpeak_growth,0.35,-0.4285714285714285
ST-003,2024-04-18 14:00:00,0.25,0.2867333486815413,0.24456651407459518,0.25,0.25016916715237075,0.25016916715237075,gradient_boosting,0.2,optimized_offpeak_growth,0.35,-0.4285714285714285
ST-007,2024-04-18 14:00:00,0.42788661496597225,0.2867333486815413,0.4670538962406669,0.4541404769844617,0.4430080464484307,0.4430080464484307,gradient_boosting,0.4633,optimized_balanced_pricing,0.35,0.32371428571428584
ST-002,2024-04-18 15:00:00,0.25,0.3039174835162113,0.24063416950486094,0.25,0.2501628497401546,0.2501628497401546,gradient_boosting,0.2,optimized_offpeak_growth,0.35,-0.4285714285714285
ST-008,2024-04-18 15:00:00,0.25,0.3039174835162113,0.23660261311567787,0.25,0.2501628497401546,0.2501628497401546,gradient_boosting,0.2,optimized_offpeak_growth,0.35,-0.4285714285714285
ST-017,2024-04-18 15:00:00,0.25,0.3039174835162113,0.23081008018544968,0.19925566290021113,0.19837779728334928,0.19837779728334928,gradient_boosting,0.2,optimized_offpeak_growth,0.35,-0.4285714285714285
ST-001,2024-04-18 15:00:00,0.25,0.3039174835162113,0.2315728010548057,0.2426097978076028,0.24515120878257407,0.24515120878257407,gradient_boosting,0.2,optimized_offpeak_growth,0.35,-0.4285714285714285
ST-016,2024-04-18 16:00:00,0.5,0.2966428871990171,0.4892895841695091,0.49668602581477916,0.4950351962121718,0.4950351962121718,gradient_boosting,0.574,optimized_balanced_pricing,0.35,0.6399999999999999
ST-003,2024-04-18 16:00:00,0.25,0.2966428871990171,0.23337597975356597,0.25,0.2500360422006034,0.2500360422006034,gradient_boosting,0.2,optimized_offpeak_growth,0.35,-0.4285714285714285
ST-013,2024-04-18 16:00:00,0.25,0.2966428871990171,0.23967067361611577,0.25,0.25016916715237075,0.25016916715237075,gradient_boosting,0.2,optimized_offpeak_growth,0.35,-0.4285714285714285
ST-017,2024-04-18 16:00:00,0.5,0.2966428871990171,0.4945833529776062,0.49167847973932055,0.4970393163289973,0.4970393163289973,gradient_boosting,0.5778,optimized_balanced_pricing,0.35,0.6508571428571428
ST-018,2024-04-18 16:00:00,0.1426319463331944,0.2966428871990171,0.2317087295269487,0.18455583276430182,0.18980877605817822,0.18980877605817822,gradient_boosting,0.2,optimized_offpeak_growth,0.35,-0.4285714285714285
ST-012,2024-04-18 16:00:00,0.25,0.2966428871990171,0.24207418958496074,0.25,0.2502110590079866,0.2502110590079866,gradient_boosting,0.2,optimized_offpeak_growth,0.35,-0.4285714285714285
ST-008,2024-04-18 16:00:00,0.25,0.2966428871990171,0.2405185999127034,0.25,0.2502495979531665,0.2502495979531665,gradient_boosting,0.2,optimized_offpeak_growth,0.35,-0.4285714285714285
ST-010,2024-04-18 17:00:00,0.25,0.28289473684210525,0.25313376802717624,0.25,0.2505357810645804,0.2505357810645804,gradient_boosting,0.2,optimized_offpeak_growth,0.35,-0.4285714285714285
ST-002,2024-04-18 17:00:00,0.25,0.28289473684210525,0.24148268818243449,0.25,0.2505357810645804,0.2505357810645804,gradient_boosting,0.2,optimized_offpeak_growth,0.35,-0.4285714285714285
ST-007,2024-04-18 17:00:00,0.25,0.28289473684210525,0.24803234509902855,0.25,0.2504490328515686,0.2504490328515686,gradient_boosting,0.2,optimized_offpeak_growth,0.35,-0.4285714285714285
ST-017,2024-04-18 17:00:00,0.25,0.28289473684210525,0.25080127293211973,0.25,0.25054209847679654,0.25054209847679654,gradient_boosting,0.2,optimized_offpeak_growth,0.35,-0.4285714285714285
ST-016,2024-04-18 17:00:00,0.5,0.28289473684210525,0.49351479524746744,0.4999106969067085,0.5007386519672954,0.5007386519672954,gradient_boosting,0.5847,optimized_balanced_pricing,0.35,0.6705714285714286
ST-018,2024-04-18 17:00:00,0.25,0.28289473684210525,0.2484818329729071,0.25,0.25071079787196365,0.25071079787196365,gradient_boosting,0.2,optimized_offpeak_growth,0.35,-0.4285714285714285
ST-018,2024-04-18 18:00:00,0.25,0.3024193548387097,0.2700828864565488,0.25,0.2506813588239666,0.2506813588239666,gradient_boosting,0.2,optimized_offpeak_growth,0.35,-0.4285714285714285
ST-004,2024-04-18 18:00:00,0.25,0.3024193548387097,0.26318670473075456,0.25,0.25055455128441534,0.25055455128441534,gradient_boosting,0.2,optimized_offpeak_growth,0.35,-0.4285714285714285
ST-017,2024-04-18 18:00:00,0.25,0.3024193548387097,0.24976196023534308,0.25,0.2504490328515686,0.2504490328515686,gradient_boosting,0.2,optimized_offpeak_growth,0.35,-0.4285714285714285
ST-006,2024-04-18 18:00:00,0.5,0.3024193548387097,0.49501091681711284,0.49999789312396065,0.5006055270155279,0.5006055270155279,gradient_boosting,0.5845,optimized_balanced_pricing,0.35,0.6700000000000002
ST-008,2024-04-18 19:00:00,0.25,0.3005952380952381,0.27845856066426794,0.25,0.25095132201817955,0.25095132201817955,gradient_boosting,0.2,optimized_offpeak_growth,0.35,-0.4285714285714285
ST-002,2024-04-18 19:00:00,0.25,0.3005952380952381,0.24652339320636896,0.25,0.2505357810645804,0.2505357810645804,gradient_boosting,0.2,optimized_offpeak_growth,0.35,-0.4285714285714285
ST-018,2024-04-18 19:00:00,0.25,0.3005952380952381,0.24372446383101895,0.25,0.2512293380284321,0.2512293380284321,gradient_boosting,0.2,optimized_offpeak_growth,0.35,-0.4285714285714285
ST-003,2024-04-18 20:00:00,0.25,0.2916666666666667,0.2474874929299254,0.25,0.2505357810645804,0.2505357810645804,gradient_boosting,0.2,optimized_offpeak_growth,0.35,-0.4285714285714285
ST-008,2024-04-18 20:00:00,0.25,0.2916666666666667,0.2689907737735217,0.25,0.2510015540243986,0.2510015540243986,gradient_boosting,0.2,optimized_offpeak_growth,0.35,-0.4285714285714285
ST-002,2024-04-18 20:00:00,0.75,0.2916666666666667,0.7513265667419531,0.7499571593377196,0.747312178229026,0.747312178229026,gradient_boosting,0.6,optimized_balanced_pricing,0.35,0.7142857142857144
ST-005,2024-04-18 21:00:00,0.25,0.27364864864864863,0.24876566880716022,0.25,0.2505750730305724,0.2505750730305724,gradient_boosting,0.2,optimized_offpeak_growth,0.35,-0.4285714285714285
ST-012,2024-04-18 21:00:00,0.25,0.27364864864864863,0.2456394895984177,0.25,0.2504490328515686,0.2504490328515686,gradient_boosting,0.2,optimized_offpeak_growth,0.35,-0.4285714285714285
ST-007,2024-04-18 21:00:00,0.25,0.27364864864864863,0.24595032398939992,0.25,0.2505357810645804,0.2505357810645804,gradient_boosting,0.2,optimized_offpeak_growth,0.35,-0.4285714285714285
ST-005,2024-04-18 22:00:00,0.5,0.2757629628529657,0.47830065528980115,0.49479925522894025,0.4873910891616713,0.4873910891616713,gradient_boosting,0.5592,optimized_balanced_pricing,0.35,0.5977142857142859
ST-014,2024-04-18 22:00:00,0.25,0.2757629628529657,0.24803856105736594,0.25,0.2506266902717297,0.2506266902717297,gradient_boosting,0.2,optimized_offpeak_growth,0.35,-0.4285714285714285
ST-007,2024-04-18 22:00:00,0.25,0.2757629628529657,0.2334500825853391,0.24577164106518876,0.24350359872796115,0.24350359872796115,gradient_boosting,0.2,optimized_offpeak_growth,0.35,-0.4285714285714285
ST-012,2024-04-18 22:00:00,0.25,0.2757629628529657,0.2429507524350065,0.25,0.2501162240177797,0.2501162240177797,gradient_boosting,0.2,optimized_offpeak_growth,0.35,-0.4285714285714285
ST-018,2024-04-18 22:00:00,0.25,0.2757629628529657,0.23499771003135148,0.25,0.2501162240177797,0.2501162240177797,gradient_boosting,0.2,optimized_offpeak_growth,0.35,-0.4285714285714285
ST-008,2024-04-18 22:00:00,0.25,0.2757629628529657,0.23670948097261393,0.25,0.2502694891880236,0.2502694891880236,gradient_boosting,0.2,optimized_offpeak_growth,0.35,-0.4285714285714285
ST-002,2024-04-18 23:00:00,0.25,0.2851117341511356,0.23213335462652315,0.23820518253620415,0.24447552643578,0.24447552643578,gradient_boosting,0.2,optimized_offpeak_growth,0.35,-0.4285714285714285
ST-001,2024-04-18 23:00:00,0.25,0.2851117341511356,0.24830694791225869,0.25,0.2501555159837717,0.2501555159837717,gradient_boosting,0.2,optimized_offpeak_growth,0.35,-0.4285714285714285
ST-004,2024-04-19 00:00:00,0.5689657243254861,0.2706384018118832,0.7091392976692523,0.7271372871302008,0.724857301738652,0.724857301738652,gradient_boosting,0.6,optimized_balanced_pricing,0.35,0.7142857142857144
ST-002,2024-04-19 00:00:00,0.25,0.2706384018118832,0.2426762938481867,0.25,0.24993178700335952,0.24993178700335952,gradient_boosting,0.2,optimized_offpeak_growth,0.35,-0.4285714285714285
ST-003,2024-04-19 00:00:00,0.25,0.2706384018118832,0.2415259115337987,0.25,0.24997924325037932,0.24997924325037932,gradient_boosting,0.2,optimized_offpeak_growth,0.35,-0.4285714285714285
ST-007,2024-04-19 00:00:00,0.25,0.2706384018118832,0.24118747624088288,0.25,0.24929292688780674,0.24929292688780674,gradient_boosting,0.2,optimized_offpeak_growth,0.35,-0.4285714285714285
ST-006,2024-04-19 00:00:00,0.5,0.2706384018118832,0.5044398312836821,0.47097787825478726,0.4928466735873739,0.4928466735873739,gradient_boosting,0.5698,optimized_balanced_pricing,0.35,0.6280000000000001
ST-009,2024-04-19 01:00:00,0.19623750372770835,0.28940477155597016,0.22983029741307773,0.1919503565266108,0.19160720678288592,0.19160720678288592,gradient_boosting,0.2,optimized_offpeak_growth,0.35,-0.4285714285714285
ST-013,2024-04-19 01:00:00,0.25,0.28940477155597016,0.2368677848767836,0.25,0.25003712473553813,0.25003712473553813,gradient_boosting,0.2,optimized_offpeak_growth,0.35,-0.4285714285714285
ST-006,2024-04-19 01:00:00,0.25,0.28940477155597016,0.2368981541576865,0.25,0.2502705717229583,0.2502705717229583,gradient_boosting,0.2,optimized_offpeak_growth,0.35,-0.4285714285714285
ST-001,2024-04-19 01:00:00,0.5,0.28940477155597016,0.47013702330703316,0.46773776792065547,0.4691579595018638,0.4691579595018638,gradient_boosting,0.522,optimized_balanced_pricing,0.35,0.49142857142857155
ST-016,2024-04-19 02:00:00,0.18069085469875,0.2871855678489556,0.22967184978996827,0.1826480277634442,0.17979619660233573,0.17979619660233573,gradient_boosting,0.2,optimized_offpeak_growth,0.35,-0.4285714285714285
ST-010,2024-04-19 02:00:00,0.5,0.2871855678489556,0.48236070852637536,0.4917594056240195,0.4936731537246811,0.4936731537246811,gradient_boosting,0.5714,optimized_balanced_pricing,0.35,0.6325714285714288
ST-003,2024-04-19 02:00:00,0.25,0.2871855678489556,0.2416377604088757,0.25,0.2501628497401546,0.2501628497401546,gradient_boosting,0.2,optimized_offpeak_growth,0.35,-0.4285714285714285
ST-011,2024-04-19 02:00:00,0.25,0.2871855678489556,0.2332705565122586,0.25,0.2502495979531665,0.2502495979531665,gradient_boosting,0.2,optimized_offpeak_growth,0.35,-0.4285714285714285
ST-005,2024-04-19 02:00:00,0.25,0.2871855678489556,0.23037247431431188,0.2012433887510488,0.20965866573808314,0.20965866573808314,gradient_boosting,0.2,optimized_offpeak_growth,0.35,-0.4285714285714285
ST-016,2024-04-19 03:00:00,0.25,0.2756903263058541,0.23248925877514046,0.23760900825392817,0.24513189584494935,0.24513189584494935,gradient_boosting,0.2,optimized_offpeak_growth,0.35,-0.4285714285714285
ST-009,2024-04-19 03:00:00,0.25,0.2756903263058541,0.24863878915721555,0.25,0.2504246147605497,0.2504246147605497,gradient_boosting,0.2,optimized_offpeak_growth,0.35,-0.4285714285714285
ST-004,2024-04-19 03:00:00,0.09045756106375,0.2756903263058541,0.22938893611056327,0.17394682905384118,0.16028967518515702,0.16028967518515702,gradient_boosting,0.2,optimized_offpeak_growth,0.35,-0.4285714285714285
ST-010,2024-04-19 03:00:00,0.25,0.2756903263058541,0.23359125454431434,0.25,0.25016916715237075,0.25016916715237075,gradient_boosting,0.2,optimized_offpeak_growth,0.35,-0.4285714285714285
ST-003,2024-04-19 03:00:00,0.5,0.2756903263058541,0.47600405452556305,0.4918410995198011,0.48834085317067333,0.48834085317067333,gradient_boosting,0.561,optimized_balanced_pricing,0.35,0.6028571428571432
ST-011,2024-04-19 03:00:00,0.25,0.2756903263058541,0.24787301196112008,0.25,0.2502495979531665,0.2502495979531665,gradient_boosting,0.2,optimized_offpeak_growth,0.35,-0.4285714285714285
ST-005,2024-04-19 04:00:00,0.25,0.2888833497546655,0.25439262573873034,0.25,0.2510855608678915,0.2510855608678915,gradient_boosting,0.2,optimized_offpeak_growth,0.35,-0.4285714285714285
ST-004,2024-04-19 04:00:00,0.25,0.2888833497546655,0.23830088901305038,0.25,0.2504246147605497,0.2504246147605497,gradient_boosting,0.2,optimized_offpeak_growth,0.35,-0.4285714285714285
ST-010,2024-04-19 04:00:00,0.5,0.2888833497546655,0.4920185938270525,0.49363636308629655,0.49482164045960875,0.49482164045960875,gradient_boosting,0.5736,optimized_balanced_pricing,0.35,0.638857142857143
ST-017,2024-04-19 04:00:00,0.25,0.2888833497546655,0.24484903037640993,0.25,0.2502495979531665,0.2502495979531665,gradient_boosting,0.2,optimized_offpeak_growth,0.35,-0.4285714285714285
ST-003,2024-04-19 04:00:00,0.25,0.2888833497546655,0.23517471305574633,0.25,0.2502495979531665,0.2502495979531665,gradient_boosting,0.2,optimized_offpeak_growth,0.35,-0.4285714285714285
ST-011,2024-04-19 04:00:00,0.21760547411347222,0.2888833497546655,0.23012079718020198,0.22591906210959425,0.23295402981729801,0.23295402981729801,gradient_boosting,0.2,optimized_offpeak_growth,0.35,-0.4285714285714285
ST-002,2024-04-19 04:00:00,0.25,0.2888833497546655,0.24104950221047497,0.25,0.2502495979531665,0.2502495979531665,gradient_boosting,0.2,optimized_offpeak_growth,0.35,-0.4285714285714285
ST-007,2024-04-19 04:00:00,0.5,0.2888833497546655,0.46861621143584536,0.46601369624043,0.4727057529061087,0.4727057529061087,gradient_boosting,0.5294,optimized_balanced_pricing,0.35,0.5125714285714287
ST-009,2024-04-19 05:00:00,0.25,0.28885664485850937,0.23610817678267196,0.25,0.2502559153653826,0.2502559153653826,gradient_boosting,0.2,optimized_offpeak_growth,0.35,-0.4285714285714285
ST-017,2024-04-19 05:00:00,0.25,0.28885664485850937,0.2348683233477865,0.25,0.2502495979531665,0.2502495979531665,gradient_boosting,0.2,optimized_offpeak_growth,0.35,-0.4285714285714285
ST-001,2024-04-19 05:00:00,0.21588031382097222,0.28885664485850937,0.23162870092030224,0.23989219210746232,0.2439173917890888,0.2439173917890888,gradient_boosting,0.2,optimized_offpeak_growth,0.35,-0.4285714285714285
ST-002,2024-04-19 05:00:00,0.25,0.28885664485850937,0.2369926540918179,0.25,0.2506244665576761,0.2506244665576761,gradient_boosting,0.2,optimized_offpeak_growth,0.35,-0.4285714285714285
ST-015,2024-04-19 06:00:00,0.25,0.25441876064796365,0.2451477994082438,0.25,0.2501628497401546,0.2501628497401546,gradient_boosting,0.2,optimized_offpeak_growth,0.35,-0.4285714285714285
ST-007,2024-04-19 06:00:00,0.25,0.25441876064796365,0.2370480060680916,0.25,0.2502495979531665,0.2502495979531665,gradient_boosting,0.2,optimized_offpeak_growth,0.35,-0.4285714285714285
ST-018,2024-04-19 06:00:00,0.07665845394944444,0.25441876064796365,0.22992448354305978,0.16289922287920822,0.16326161133313882,0.16326161133313882,gradient_boosting,0.2,optimized_offpeak_growth,0.35,-0.4285714285714285
ST-011,2024-04-19 06:00:00,0.5,0.25441876064796365,0.4839124131567196,0.4902880681391262,0.4962747280333937,0.4962747280333937,gradient_boosting,0.5763,optimized_balanced_pricing,0.35,0.6465714285714288
ST-012,2024-04-19 07:00:00,0.25,0.30126501635434527,0.24253564279854717,0.25,0.25060264443775826,0.25060264443775826,gradient_boosting,0.2,optimized_offpeak_growth,0.35,-0.4285714285714285
ST-010,2024-04-19 07:00:00,0.25,0.30126501635434527,0.25375101494447877,0.25,0.25083447379420226,0.25083447379420226,gradient_boosting,0.2,optimized_offpeak_growth,0.35,-0.4285714285714285
ST-002,2024-04-19 07:00:00,0.5,0.30126501635434527,0.4923246194369915,0.49999758210733003,0.5007323345550792,0.5007323345550792,gradient_boosting,0.5847,optimized_balanced_pricing,0.35,0.6705714285714286
ST-004,2024-04-19 07:00:00,0.25,0.30126501635434527,0.2456161058849556,0.25,0.2510676285714157,0.2510676285714157,gradient_boosting,0.2,optimized_offpeak_growth,0.35,-0.4285714285714285
ST-009,2024-04-19 07:00:00,0.25,0.30126501635434527,0.2595051995250854,0.25,0.2507681070369784,0.2507681070369784,gradient_boosting,0.2,optimized_offpeak_growth,0.35,-0.4285714285714285
ST-005,2024-04-19 07:00:00,0.25,0.30126501635434527,0.25540127474453633,0.25,0.2508181086983409,0.2508181086983409,gradient_boosting,0.2,optimized_offpeak_growth,0.35,-0.4285714285714285
ST-017,2024-04-19 07:00:00,0.25,0.30126501635434527,0.26151458314800197,0.25,0.2507681070369784,0.2507681070369784,gradient_boosting,0.2,optimized_offpeak_growth,0.35,-0.4285714285714285
ST-006,2024-04-19 07:00:00,0.25,0.30126501635434527,0.2414650405454858,0.25,0.25060264443775826,0.25060264443775826,gradient_boosting,0.2,optimized_offpeak_growth,0.35,-0.4285714285714285
ST-017,2024-04-19 08:00:00,0.25,0.29605263157894735,0.24087530949727254,0.25,0.2506089618499744,0.2506089618499744,gradient_boosting,0.2,optimized_offpeak_growth,0.35,-0.4285714285714285
ST-006,2024-04-19 08:00:00,0.25,0.29605263157894735,0.24995698502201577,0.25,0.25060264443775826,0.25060264443775826,gradient_boosting,0.2,optimized_offpeak_growth,0.35,-0.4285714285714285
ST-011,2024-04-19 09:00:00,0.25,0.28214285714285714,0.2532450475646322,0.25,0.2505222136369626,0.2505222136369626,gradient_boosting,0.2,optimized_offpeak_growth,0.35,-0.4285714285714285
ST-016,2024-04-19 09:00:00,0.25,0.28214285714285714,0.24910841429459363,0.25,0.25064193640375027,0.25064193640375027,gradient_boosting,0.2,optimized_offpeak_growth,0.35,-0.4285714285714285
ST-001,2024-04-19 09:00:00,0.5,0.28214285714285714,0.5086297253711951,0.4999862914638718,0.500402729599731,0.500402729599731,gradient_boosting,0.5841,optimized_balanced_pricing,0.35,0.6688571428571428
ST-002,2024-04-19 10:00:00,0.25,0.3233333333333333,0.23389151994502827,0.25,0.2500423596128195,0.2500423596128195,gradient_boosting,0.2,optimized_offpeak_growth,0.35,-0.4285714285714285
ST-015,2024-04-19 10:00:00,0.25,0.3233333333333333,0.2440200944340258,0.25,0.2502495979531665,0.2502495979531665,gradient_boosting,0.2,optimized_offpeak_growth,0.35,-0.4285714285714285
ST-016,2024-04-19 10:00:00,0.75,0.3233333333333333,0.7239568923508959,0.7429335874470807,0.7272545245938755,0.7272545245938755,gradient_boosting,0.6,optimized_balanced_pricing,0.35,0.7142857142857144
ST-013,2024-04-19 10:00:00,0.25,0.3233333333333333,0.2491488660647592,0.25,0.2499691788274255,0.2499691788274255,gradient_boosting,0.2,optimized_offpeak_growth,0.35,-0.4285714285714285
ST-018,2024-04-19 10:00:00,0.25,0.3233333333333333,0.24641239607404922,0.25,0.2504246147605497,0.2504246147605497,gradient_boosting,0.2,optimized_offpeak_growth,0.35,-0.4285714285714285
ST-001,2024-04-19 11:00:00,0.25,0.2912414379625311,0.23015229521474612,0.22647704875618302,0.23411803247803842,0.23411803247803842,gradient_boosting,0.2,optimized_offpeak_growth,0.35,-0.4285714285714285
ST-004,2024-04-19 11:00:00,0.25,0.2912414379625311,0.23429807233002958,0.2499534040481251,0.2502495979531665,0.2502495979531665,gradient_boosting,0.2,optimized_offpeak_growth,0.35,-0.4285714285714285
ST-017,2024-04-19 11:00:00,0.25,0.2912414379625311,0.23399413658364265,0.25,0.2506244665576761,0.2506244665576761,gradient_boosting,0.2,optimized_offpeak_growth,0.35,-0.4285714285714285
ST-016,2024-04-19 11:00:00,0.3670298101052083,0.2912414379625311,0.46769087404373455,0.4463805371335921,0.44310111207365865,0.44310111207365865,gradient_boosting,0.4635,optimized_balanced_pricing,0.35,0.3242857142857145
ST-009,2024-04-19 11:00:00,0.25,0.2912414379625311,0.2342378407050317,0.25,0.25016916715237075,0.25016916715237075,gradient_boosting,0.2,optimized_offpeak_growth,0.35,-0.4285714285714285
ST-003,2024-04-19 11:00:00,0.25,0.2912414379625311,0.24032215303814905,0.25,0.2501628497401546,0.2501628497401546,gradient_boosting,0.2,optimized_offpeak_growth,0.35,-0.4285714285714285
ST-005,2024-04-19 12:00:00,0.5,0.28468447246303796,0.4807982140603865,0.4992725738789163,0.4937371586160817,0.4937371586160817,gradient_boosting,0.5715,optimized_balanced_pricing,0.35,0.632857142857143
ST-013,2024-04-19 12:00:00,0.25,0.28468447246303796,0.24612772577005476,0.25,0.2502559153653826,0.2502559153653826,gradient_boosting,0.2,optimized_offpeak_growth,0.35,-0.4285714285714285
ST-015,2024-04-19 12:00:00,0.25,0.28468447246303796,0.2399919828321297,0.25,0.2502495979531665,0.2502495979531665,gradient_boosting,0.2,optimized_offpeak_growth,0.35,-0.4285714285714285
ST-003,2024-04-19 12:00:00,0.6313876563184722,0.28468447246303796,0.7022346477833854,0.6139806520506268,0.6572624823596326,0.6572624823596326,gradient_boosting,0.6,optimized_balanced_pricing,0.35,0.7142857142857144
ST-010,2024-04-19 13:00:00,0.25,0.2592968706573037,0.2343302290944567,0.25,0.25016916715237075,0.25016916715237075,gradient_boosting,0.2,optimized_offpeak_growth,0.35,-0.4285714285714285
ST-006,2024-04-19 13:00:00,0.25,0.2592968706573037,0.2457696159856447,0.25,0.2502495979531665,0.2502495979531665,gradient_boosting,0.2,optimized_offpeak_growth,0.35,-0.4285714285714285
ST-015,2024-04-19 13:00:00,0.25,0.2592968706573037,0.24116009431932228,0.25,0.2502495979531665,0.2502495979531665,gradient_boosting,0.2,optimized_offpeak_growth,0.35,-0.4285714285714285
ST-018,2024-04-19 14:00:00,0.25,0.28080558099837993,0.23889697232480017,0.25,0.2501628497401546,0.2501628497401546,gradient_boosting,0.2,optimized_offpeak_growth,0.35,-0.4285714285714285
ST-015,2024-04-19 14:00:00,0.08335399722923612,0.28080558099837993,0.22880453729920408,0.07944260679934305,0.08032397104509206,0.08032397104509206,gradient_boosting,0.2,optimized_offpeak_growth,0.35,-0.4285714285714285
ST-002,2024-04-19 14:00:00,0.25,0.28080558099837993,0.23343406828453853,0.24387084742745024,0.2480406205230783,0.2480406205230783,gradient_boosting,0.2,optimized_offpeak_growth,0.35,-0.4285714285714285
ST-009,2024-04-19 14:00:00,0.25,0.28080558099837993,0.23387136801192832,0.24977877329187934,0.24945809935951438,0.24945809935951438,gradient_boosting,0.2,optimized_offpeak_growth,0.35,-0.4285714285714285
ST-007,2024-04-19 14:00:00,0.25,0.28080558099837993,0.23663588020551957,0.25,0.2502495979531665,0.2502495979531665,gradient_boosting,0.2,optimized_offpeak_growth,0.35,-0.4285714285714285
ST-001,2024-04-19 14:00:00,0.25,0.28080558099837993,0.2405503005552799,0.25,0.25033786654753787,0.25033786654753787,gradient_boosting,0.2,optimized_offpeak_growth,0.35,-0.4285714285714285
ST-005,2024-04-19 14:00:00,0.25,0.28080558099837993,0.23232489212021668,0.2419477458194992,0.24429857780581463,0.24429857780581463,gradient_boosting,0.2,optimized_offpeak_growth,0.35,-0.4285714285714285
ST-014,2024-04-19 14:00:00,0.25,0.28080558099837993,0.2336799699542775,0.25,0.2502495979531665,0.2502495979531665,gradient_boosting,0.2,optimized_offpeak_growth,0.35,-0.4285714285714285
ST-011,2024-04-19 14:00:00,0.25,0.28080558099837993,0.2338489383028045,0.2499206295814956,0.2502559153653826,0.2502559153653826,gradient_boosting,0.2,optimized_offpeak_growth,0.35,-0.4285714285714285
ST-008,2024-04-19 15:00:00,0.25,0.28565712303201046,0.23404360841583918,0.25,0.2500360422006034,0.2500360422006034,gradient_boosting,0.2,optimized_offpeak_growth,0.35,-0.4285714285714285
ST-018,2024-04-19 15:00:00,0.25,0.28565712303201046,0.25228795462196174,0.25,0.2502192726121035,0.2502192726121035,gradient_boosting,0.2,optimized_offpeak_growth,0.35,-0.4285714285714285
ST-013,2024-04-19 15:00:00,0.478826485675,0.28565712303201046,0.4710967627438385,0.4532492200406542,0.46976556413901477,0.46976556413901477,gradient_boosting,0.5233,optimized_balanced_pricing,0.35,0.4951428571428571
ST-015,2024-04-19 16:00:00,0.20265651476069443,0.283728034429347,0.2301313387703478,0.1537017525278212,0.13283925171448366,0.13283925171448366,gradient_boosting,0.2,optimized_offpeak_growth,0.35,-0.4285714285714285
ST-004,2024-04-19 16:00:00,0.25,0.283728034429347,0.23857950092286823,0.25,0.2500360422006034,0.2500360422006034,gradient_boosting,0.2,optimized_offpeak_growth,0.35,-0.4285714285714285
ST-017,2024-04-19 16:00:00,0.25,0.283728034429347,0.23707899474246874,0.25,0.2502495979531665,0.2502495979531665,gradient_boosting,0.2,optimized_offpeak_growth,0.35,-0.4285714285714285
ST-009,2024-04-19 16:00:00,0.25,0.283728034429347,0.24533420661321748,0.25,0.2502495979531665,0.2502495979531665,gradient_boosting,0.2,optimized_offpeak_growth,0.35,-0.4285714285714285
ST-011,2024-04-19 16:00:00,0.75,0.283728034429347,0.7283122209620642,0.7278164223306364,0.7273412728068872,0.7273412728068872,gradient_boosting,0.6,optimized_balanced_pricing,0.35,0.7142857142857144
ST-014,2024-04-19 16:00:00,0.25,0.283728034429347,0.24810513822031427,0.25,0.2502495979531665,0.2502495979531665,gradient_boosting,0.2,optimized_offpeak_growth,0.35,-0.4285714285714285
ST-007,2024-04-19 16:00:00,0.17295575627819443,0.283728034429347,0.23099706514000656,0.20534389884419585,0.1898528260301512,0.1898528260301512,gradient_boosting,0.2,optimized_offpeak_growth,0.35,-0.4285714285714285
ST-016,2024-04-19 16:00:00,0.25,0.283728034429347,0.24086986460246995,0.25,0.2502495979531665,0.2502495979531665,gradient_boosting,0.2,optimized_offpeak_growth,0.35,-0.4285714285714285
ST-012,2024-04-19 17:00:00,0.25,0.2972972972972973,0.2445887949554556,0.25,0.25051589622474646,0.25051589622474646,gradient_boosting,0.2,optimized_offpeak_growth,0.35,-0.4285714285714285
ST-009,2024-04-19 17:00:00,0.25,0.2972972972972973,0.23953375375827426,0.24833006076444256,0.24937874372706975,0.24937874372706975,gradient_boosting,0.2,optimized_offpeak_growth,0.35,-0.4285714285714285
ST-015,2024-04-19 17:00:00,0.25,0.2972972972972973,0.2538119217116344,0.25,0.2507776612451415,0.2507776612451415,gradient_boosting,0.2,optimized_offpeak_growth,0.35,-0.4285714285714285
ST-007,2024-04-19 17:00:00,0.25,0.2972972972972973,0.24541873364600958,0.25,0.25056410549257846,0.25056410549257846,gradient_boosting,0.2,optimized_offpeak_growth,0.35,-0.4285714285714285
ST-013,2024-04-19 18:00:00,0.25,0.30357142857142855,0.24653469556607938,0.25,0.25051589622474646,0.25051589622474646,gradient_boosting,0.2,optimized_offpeak_growth,0.35,-0.4285714285714285
ST-008,2024-04-19 18:00:00,0.5,0.30357142857142855,0.5135821135240564,0.4945035666188048,0.5025073092907764,0.5025073092907764,gradient_boosting,0.588,optimized_balanced_pricing,0.35,0.6799999999999999
ST-011,2024-04-19 18:00:00,0.25,0.30357142857142855,0.24426308489031906,0.25,0.25076922805200064,0.25076922805200064,gradient_boosting,0.2,optimized_offpeak_growth,0.35,-0.4285714285714285
ST-015,2024-04-19 18:00:00,0.25,0.30357142857142855,0.28334531728514045,0.25,0.25181186859190163,0.25181186859190163,gradient_boosting,0.2,optimized_offpeak_growth,0.35,-0.4285714285714285
ST-014,2024-04-19 18:00:00,0.25,0.30357142857142855,0.2532341353346052,0.25,0.2506089618499744,0.2506089618499744,gradient_boosting,0.2,optimized_offpeak_growth,0.35,-0.4285714285714285
ST-004,2024-04-19 19:00:00,0.25,0.30625,0.25416175241791955,0.25,0.25051589622474646,0.25051589622474646,gradient_boosting,0.2,optimized_offpeak_growth,0.35,-0.4285714285714285
ST-008,2024-04-19 19:00:00,0.5,0.30625,0.49028198642929544,0.4999036101912314,0.5010525297555112,0.5010525297555112,gradient_boosting,0.5853,optimized_balanced_pricing,0.35,0.6722857142857146
ST-007,2024-04-19 19:00:00,0.25,0.30625,0.26297886179491603,0.25,0.2507681070369784,0.2507681070369784,gradient_boosting,0.2,optimized_offpeak_growth,0.35,-0.4285714285714285
ST-013,2024-04-19 19:00:00,0.25,0.30625,0.24987229321859394,0.25,0.25060264443775826,0.25060264443775826,gradient_boosting,0.2,optimized_offpeak_growth,0.35,-0.4285714285714285
ST-012,2024-04-19 19:00:00,0.5,0.30625,0.48340538333888683,0.4998634690285437,0.49553535631283563,0.49553535631283563,gradient_boosting,0.5749,optimized_balanced_pricing,0.35,0.6425714285714286
ST-016,2024-04-19 19:00:00,0.25,0.30625,0.2429851452422155,0.25,0.25060264443775826,0.25060264443775826,gradient_boosting,0.2,optimized_offpeak_growth,0.35,-0.4285714285714285
ST-017,2024-04-19 20:00:00,0.25,0.2939189189189189,0.25565082429860564,0.25,0.2503890886851952,0.2503890886851952,gradient_boosting,0.2,optimized_offpeak_growth,0.35,-0.4285714285714285
ST-011,2024-04-19 20:00:00,0.25,0.2939189189189189,0.24513279662840115,0.25,0.25051589622474646,0.25051589622474646,gradient_boosting,0.2,optimized_offpeak_growth,0.35,-0.4285714285714285
ST-004,2024-04-19 20:00:00,0.25,0.2939189189189189,0.2648739285075516,0.25,0.2506876762361827,0.2506876762361827,gradient_boosting,0.2,optimized_offpeak_growth,0.35,-0.4285714285714285
ST-005,2024-04-19 20:00:00,0.25,0.2939189189189189,0.2512460307971884,0.25,0.25000307628819735,0.25000307628819735,gradient_boosting,0.2,optimized_offpeak_growth,0.35,-0.4285714285714285
ST-016,2024-04-19 20:00:00,0.25,0.2939189189189189,0.24923069189981203,0.25,0.25082815638198613,0.25082815638198613,gradient_boosting,0.2,optimized_offpeak_growth,0.35,-0.4285714285714285
ST-015,2024-04-19 20:00:00,0.5,0.2939189189189189,0.49689689391672515,0.49850626737529424,0.5006008915573101,0.5006008915573101,gradient_boosting,0.5845,optimized_balanced_pricing,0.35,0.6700000000000002
ST-015,2024-04-19 21:00:00,0.25,0.3038461538461538,0.24365955890748217,0.25,0.2506089618499744,0.2506089618499744,gradient_boosting,0.2,optimized_offpeak_growth,0.35,-0.4285714285714285
ST-008,2024-04-19 21:00:00,0.5,0.3038461538461538,0.4900415214322315,0.49238988440698056,0.500007930362292,0.500007930362292,gradient_boosting,0.5833,optimized_balanced_pricing,0.35,0.6665714285714288
ST-006,2024-04-19 21:00:00,0.25,0.3038461538461538,0.2394576588862797,0.2499824635963477,0.25028816907633944,0.25028816907633944,gradient_boosting,0.2,optimized_offpeak_growth,0.35,-0.4285714285714285
ST-001,2024-04-19 21:00:00,0.25,0.3038461538461538,0.24340997737219733,0.25,0.25060264443775826,0.25060264443775826,gradient_boosting,0.2,optimized_offpeak_growth,0.35,-0.4285714285714285
ST-007,2024-04-19 21:00:00,0.25,0.3038461538461538,0.24073859368833717,0.25,0.2506089618499744,0.2506089618499744,gradient_boosting,0.2,optimized_offpeak_growth,0.35,-0.4285714285714285
ST-014,2024-04-19 21:00:00,0.25,0.3038461538461538,0.24053902025185997,0.25,0.25039540609741134,0.25039540609741134,gradient_boosting,0.2,optimized_offpeak_growth,0.35,-0.4285714285714285
ST-003,2024-04-19 22:00:00,0.25,0.27610157121241957,0.2617684706782812,0.25,0.2503334699789866,0.2503334699789866,gradient_boosting,0.2,optimized_offpeak_growth,0.35,-0.4285714285714285
ST-016,2024-04-19 22:00:00,0.25,0.27610157121241957,0.24623935089252036,0.25,0.2501162240177797,0.2501162240177797,gradient_boosting,0.2,optimized_offpeak_growth,0.35,-0.4285714285714285
ST-013,2024-04-19 22:00:00,0.25,0.27610157121241957,0.2417643677896818,0.25,0.2501162240177797,0.2501162240177797,gradient_boosting,0.2,optimized_offpeak_growth,0.35,-0.4285714285714285
ST-008,2024-04-19 22:00:00,0.25,0.27610157121241957,0.23678211855886658,0.25,0.2502559153653826,0.2502559153653826,gradient_boosting,0.2,optimized_offpeak_growth,0.35,-0.4285714285714285
ST-001,2024-04-19 22:00:00,0.25,0.27610157121241957,0.23611271943002632,0.25,0.2501162240177797,0.2501162240177797,gradient_boosting,0.2,optimized_offpeak_growth,0.35,-0.4285714285714285
ST-005,2024-04-19 22:00:00,0.25,0.27610157121241957,0.23905293147785095,0.25,0.24990266826521665,0.24990266826521665,gradient_boosting,0.2,optimized_offpeak_growth,0.35,-0.4285714285714285
ST-017,2024-04-19 23:00:00,0.24601737842770835,0.2615701048412356,0.23063580635778713,0.21377132611826882,0.19074224092340814,0.19074224092340814,gradient_boosting,0.2,optimized_offpeak_growth,0.35,-0.4285714285714285
ST-011,2024-04-19 23:00:00,0.25,0.2615701048412356,0.23193170910366184,0.22792491446375013,0.23922725092008898,0.23922725092008898,gradient_boosting,0.2,optimized_offpeak_growth,0.35,-0.4285714285714285
ST-001,2024-04-19 23:00:00,0.25,0.2615701048412356,0.23549647346306563,0.25,0.2501162240177797,0.2501162240177797,gradient_boosting,0.2,optimized_offpeak_growth,0.35,-0.4285714285714285
ST-010,2024-04-19 23:00:00,0.25,0.2615701048412356,0.23285539369098612,0.2341842243666681,0.2442600397455993,0.2442600397455993,gradient_boosting,0.2,optimized_offpeak_growth,0.35,-0.4285714285714285
ST-015,2024-04-19 23:00:00,0.5991059566375,0.2615701048412356,0.725288403851451,0.6880714271976288,0.7230798126022259,0.7230798126022259,gradient_boosting,0.6,optimized_balanced_pricing,0.35,0.7142857142857144
ST-018,2024-04-19 23:00:00,0.25,0.2615701048412356,0.2368176359906973,0.25,0.2502559153653826,0.2502559153653826,gradient_boosting,0.2,optimized_offpeak_growth,0.35,-0.4285714285714285
ST-014,2024-04-19 23:00:00,0.25,0.2615701048412356,0.2646444214505926,0.25,0.2502467217659748,0.2502467217659748,gradient_boosting,0.2,optimized_offpeak_growth,0.35,-0.4285714285714285
ST-007,2024-04-19 23:00:00,0.25,0.2615701048412356,0.2345199286073851,0.24999248909768151,0.25002947580476786,0.25002947580476786,gradient_boosting,0.2,optimized_offpeak_growth,0.35,-0.4285714285714285
ST-001,2024-04-20 00:00:00,0.4932030551069444,0.29273142196453594,0.4771993388858581,0.48144849887752456,0.48805926548768763,0.48805926548768763,gradient_boosting,0.5605,optimized_balanced_pricing,0.35,0.6014285714285714
ST-011,2024-04-20 00:00:00,0.25,0.29273142196453594,0.2357511028968951,0.25,0.24929292688780674,0.24929292688780674,gradient_boosting,0.2,optimized_offpeak_growth,0.35,-0.4285714285714285
ST-007,2024-04-20 00:00:00,0.25,0.29273142196453594,0.2537553546520392,0.25,0.25017857254019976,0.25017857254019976,gradient_boosting,0.2,optimized_offpeak_growth,0.35,-0.4285714285714285
ST-017,2024-04-20 00:00:00,0.11261824401319444,0.29273142196453594,0.23123938533226918,0.17890004359709502,0.18952957838066128,0.18952957838066128,gradient_boosting,0.2,optimized_offpeak_growth,0.35,-0.4285714285714285
ST-012,2024-04-20 00:00:00,0.4215005043669444,0.29273142196453594,0.4770268847472391,0.45861049168738544,0.4883434266104641,0.4883434266104641,gradient_boosting,0.5611,optimized_balanced_pricing,0.35,0.6031428571428574
ST-016,2024-04-20 01:00:00,0.25,0.2816307325385315,0.2396352605117953,0.25,0.24995037652252636,0.24995037652252636,gradient_boosting,0.2,optimized_offpeak_growth,0.35,-0.4285714285714285
ST-001,2024-04-20 01:00:00,0.25,0.2816307325385315,0.2368641145241557,0.25,0.25003712473553813,0.25003712473553813,gradient_boosting,0.2,optimized_offpeak_growth,0.35,-0.4285714285714285
ST-002,2024-04-20 01:00:00,0.25,0.2816307325385315,0.24393684467541404,0.25,0.2499896684885183,0.2499896684885183,gradient_boosting,0.2,optimized_offpeak_growth,0.35,-0.4285714285714285
ST-015,2024-04-20 01:00:00,0.25,0.2816307325385315,0.2364477982683685,0.25,0.24995669393474249,0.24995669393474249,gradient_boosting,0.2,optimized_offpeak_growth,0.35,-0.4285714285714285
ST-005,2024-04-20 02:00:00,0.25,0.27706113569346424,0.23641320276636602,0.25,0.2502495979531665,0.2502495979531665,gradient_boosting,0.2,optimized_offpeak_growth,0.35,-0.4285714285714285
ST-007,2024-04-20 02:00:00,0.25,0.27706113569346424,0.23387856114502692,0.25,0.2502559153653826,0.2502559153653826,gradient_boosting,0.2,optimized_offpeak_growth,0.35,-0.4285714285714285
ST-014,2024-04-20 03:00:00,0.25,0.2957832489868909,0.2398275729246162,0.25,0.250329433354397,0.250329433354397,gradient_boosting,0.2,optimized_offpeak_growth,0.35,-0.4285714285714285
ST-013,2024-04-20 03:00:00,0.6815276546777083,0.2957832489868909,0.7219283167028292,0.7420549715455587,0.7267438186150003,0.7267438186150003,gradient_boosting,0.6,optimized_balanced_pricing,0.35,0.7142857142857144
ST-013,2024-04-20 04:00:00,0.25,0.2811836258654831,0.24236635489579683,0.25,0.2502559153653826,0.2502559153653826,gradient_boosting,0.2,optimized_offpeak_growth,0.35,-0.4285714285714285
ST-007,2024-04-20 04:00:00,0.25,0.2811836258654831,0.2342436405884714,0.25,0.2499691788274255,0.2499691788274255,gradient_boosting,0.2,optimized_offpeak_growth,0.35,-0.4285714285714285
ST-018,2024-04-20 04:00:00,0.25,0.2811836258654831,0.23444704764474983,0.24903313338476402,0.24983296796402407,0.24983296796402407,gradient_boosting,0.2,optimized_offpeak_growth,0.35,-0.4285714285714285
ST-012,2024-04-20 04:00:00,0.25,0.2811836258654831,0.2447402125307965,0.25,0.25018273457998863,0.25018273457998863,gradient_boosting,0.2,optimized_offpeak_growth,0.35,-0.4285714285714285
ST-015,2024-04-20 04:00:00,0.10076388580569444,0.2811836258654831,0.2311392830737693,0.0992898089567412,0.1292119931682219,0.1292119931682219,gradient_boosting,0.2,optimized_offpeak_growth,0.35,-0.4285714285714285
ST-008,2024-04-20 04:00:00,0.25,0.2811836258654831,0.23574416109714497,0.25,0.2500959863669768,0.2500959863669768,gradient_boosting,0.2,optimized_offpeak_growth,0.35,-0.4285714285714285
ST-002,2024-04-20 04:00:00,0.25,0.2811836258654831,0.23461804174163817,0.25,0.2500959863669768,0.2500959863669768,gradient_boosting,0.2,optimized_offpeak_growth,0.35,-0.4285714285714285
ST-010,2024-04-20 05:00:00,0.5,0.29863810459611684,0.47265376590175867,0.4861789771254174,0.48240244220840567,0.48240244220840567,gradient_boosting,0.5493,optimized_balanced_pricing,0.35,0.5694285714285716
ST-001,2024-04-20 05:00:00,0.25,0.29863810459611684,0.24322017390658515,0.25,0.2500360422006034,0.2500360422006034,gradient_boosting,0.2,optimized_offpeak_growth,0.35,-0.4285714285714285
ST-014,2024-04-20 05:00:00,0.25,0.29863810459611684,0.23751273565446956,0.25,0.2502495979531665,0.2502495979531665,gradient_boosting,0.2,optimized_offpeak_growth,0.35,-0.4285714285714285
ST-012,2024-04-20 05:00:00,0.25,0.29863810459611684,0.23328504847986428,0.24552921790214818,0.24495687903756613,0.24495687903756613,gradient_boosting,0.2,optimized_offpeak_growth,0.35,-0.4285714285714285
ST-006,2024-04-20 05:00:00,0.25,0.29863810459611684,0.234213604565584,0.2497606501550973,0.24937135114650258,0.24937135114650258,gradient_boosting,0.2,optimized_offpeak_growth,0.35,-0.4285714285714285
ST-013,2024-04-20 05:00:00,0.5,0.29863810459611684,0.484780949573957,0.49931472117283004,0.4941838597035564,0.4941838597035564,gradient_boosting,0.5723,optimized_balanced_pricing,0.35,0.6351428571428572
ST-016,2024-04-20 05:00:00,0.25,0.29863810459611684,0.24011541501831227,0.25,0.2502495979531665,0.2502495979531665,gradient_boosting,0.2,optimized_offpeak_growth,0.35,-0.4285714285714285
ST-010,2024-04-20 06:00:00,0.5,0.296669832477174,0.481094001442644,0.4925651422047972,0.4927113794146698,0.4927113794146698,gradient_boosting,0.5695,optimized_balanced_pricing,0.35,0.6271428571428572
ST-007,2024-04-20 06:00:00,0.25,0.296669832477174,0.25259071986798887,0.25,0.25013252439909167,0.25013252439909167,gradient_boosting,0.2,optimized_offpeak_growth,0.35,-0.4285714285714285
ST-018,2024-04-20 06:00:00,0.25,0.296669832477174,0.23376479466894667,0.2438545782625773,0.2444801618939978,0.2444801618939978,gradient_boosting,0.2,optimized_offpeak_growth,0.35,-0.4285714285714285
ST-009,2024-04-20 06:00:00,0.25,0.296669832477174,0.23245766320402114,0.22204586671536367,0.20957191752507134,0.20957191752507134,gradient_boosting,0.2,optimized_offpeak_growth,0.35,-0.4285714285714285
ST-014,2024-04-20 06:00:00,0.25,0.296669832477174,0.2414917841456396,0.25,0.2500360422006034,0.2500360422006034,gradient_boosting,0.2,optimized_offpeak_growth,0.35,-0.4285714285714285
ST-012,2024-04-20 06:00:00,0.5,0.296669832477174,0.4874513821521896,0.47758938390940764,0.494987739965152,0.494987739965152,gradient_boosting,0.5739,optimized_balanced_pricing,0.35,0.6397142857142857
ST-011,2024-04-20 06:00:00,0.25,0.296669832477174,0.23904550770616678,0.25,0.2500360422006034,0.2500360422006034,gradient_boosting,0.2,optimized_offpeak_growth,0.35,-0.4285714285714285
ST-005,2024-04-20 06:00:00,0.25,0.296669832477174,0.23812455179288877,0.25,0.2501628497401546,0.2501628497401546,gradient_boosting,0.2,optimized_offpeak_growth,0.35,-0.4285714285714285
ST-016,2024-04-20 06:00:00,0.25,0.296669832477174,0.2346082032584546,0.25,0.2500360422006034,0.2500360422006034,gradient_boosting,0.2,optimized_offpeak_growth,0.35,-0.4285714285714285
ST-010,2024-04-20 07:00:00,0.5,0.2916666666666667,0.4823796151534525,0.48924824473118256,0.4921321483083609,0.4921321483083609,gradient_boosting,0.5684,optimized_balanced_pricing,0.35,0.6240000000000001
ST-016,2024-04-20 07:00:00,0.5,0.2916666666666667,0.5085305749174168,0.4999876313680606,0.5007887419967288,0.5007887419967288,gradient_boosting,0.5848,optimized_balanced_pricing,0.35,0.6708571428571428
ST-005,2024-04-20 07:00:00,0.25,0.2916666666666667,0.2851968231093041,0.25,0.25181186859190163,0.25181186859190163,gradient_boosting,0.2,optimized_offpeak_growth,0.35,-0.4285714285714285
ST-009,2024-04-20 07:00:00,0.25,0.2916666666666667,0.2754043262659455,0.25,0.2511263388255628,0.2511263388255628,gradient_boosting,0.2,optimized_offpeak_growth,0.35,-0.4285714285714285
ST-015,2024-04-20 07:00:00,0.25,0.2916666666666667,0.24686889791256206,0.25,0.2506909130321297,0.2506909130321297,gradient_boosting,0.2,optimized_offpeak_growth,0.35,-0.4285714285714285
ST-011,2024-04-20 07:00:00,0.25,0.2916666666666667,0.2510329936039984,0.25,0.25051589622474646,0.25051589622474646,gradient_boosting,0.2,optimized_offpeak_growth,0.35,-0.4285714285714285
ST-012,2024-04-20 07:00:00,0.25,0.2916666666666667,0.24442816896370603,0.25,0.2506089618499744,0.2506089618499744,gradient_boosting,0.2,optimized_offpeak_growth,0.35,-0.4285714285714285
ST-004,2024-04-20 07:00:00,0.25,0.2916666666666667,0.24392575715582843,0.25,0.2506089618499744,0.2506089618499744,gradient_boosting,0.2,optimized_offpeak_growth,0.35,-0.4285714285714285
ST-002,2024-04-20 08:00:00,0.5,0.3143939393939394,0.5220808519326327,0.49999028475518015,0.5023575445591328,0.5023575445591328,gradient_boosting,0.5877,optimized_balanced_pricing,0.35,0.6791428571428573
ST-013,2024-04-20 08:00:00,0.25,0.3143939393939394,0.2772011504851818,0.25,0.2509576394303957,0.2509576394303957,gradient_boosting,0.2,optimized_offpeak_growth,0.35,-0.4285714285714285
ST-008,2024-04-20 08:00:00,0.25,0.3143939393939394,0.2522870696402736,0.25,0.2503890886851952,0.2503890886851952,gradient_boosting,0.2,optimized_offpeak_growth,0.35,-0.4285714285714285
ST-011,2024-04-20 09:00:00,0.5,0.28308823529411764,0.49619429718129293,0.4992117954119676,0.5007323345550792,0.5007323345550792,gradient_boosting,0.5847,optimized_balanced_pricing,0.35,0.6705714285714286
ST-002,2024-04-20 09:00:00,0.25,0.28308823529411764,0.24094030555474721,0.25,0.2503844532269774,0.2503844532269774,gradient_boosting,0.2,optimized_offpeak_growth,0.35,-0.4285714285714285
ST-016,2024-04-20 09:00:00,0.25,0.28308823529411764,0.2543054887589637,0.25,0.25062253567261544,0.25062253567261544,gradient_boosting,0.2,optimized_offpeak_growth,0.35,-0.4285714285714285
ST-017,2024-04-20 09:00:00,0.25,0.28308823529411764,0.24565284472864823,0.25,0.2507776612451415,0.2507776612451415,gradient_boosting,0.2,optimized_offpeak_growth,0.35,-0.4285714285714285
ST-011,2024-04-20 10:00:00,0.25,0.2796610169491525,0.24328453141216852,0.25,0.25018905199220476,0.25018905199220476,gradient_boosting,0.2,optimized_offpeak_growth,0.35,-0.4285714285714285
ST-009,2024-04-20 10:00:00,0.25,0.2796610169491525,0.2436656800718576,0.25,0.2504830449405867,0.2504830449405867,gradient_boosting,0.2,optimized_offpeak_growth,0.35,-0.4285714285714285
ST-010,2024-04-20 10:00:00,0.25,0.2796610169491525,0.23800854786772485,0.25,0.2502495979531665,0.2502495979531665,gradient_boosting,0.2,optimized_offpeak_growth,0.35,-0.4285714285714285
ST-006,2024-04-20 10:00:00,0.25,0.2796610169491525,0.24764084405905945,0.25,0.2502495979531665,0.2502495979531665,gradient_boosting,0.2,optimized_offpeak_growth,0.35,-0.4285714285714285
ST-003,2024-04-20 10:00:00,0.25,0.2796610169491525,0.24094680507195257,0.25,0.2502559153653826,0.2502559153653826,gradient_boosting,0.2,optimized_offpeak_growth,0.35,-0.4285714285714285
ST-017,2024-04-20 11:00:00,0.21301543554270833,0.2781064389093479,0.2322664416851229,0.22389341079610636,0.23288084903190404,0.23288084903190404,gradient_boosting,0.2,optimized_offpeak_growth,0.35,-0.4285714285714285
ST-011,2024-04-20 11:00:00,0.25,0.2781064389093479,0.24020963518022148,0.25,0.25055760318449827,0.25055760318449827,gradient_boosting,0.2,optimized_offpeak_growth,0.35,-0.4285714285714285
ST-018,2024-04-20 11:00:00,0.25,0.2781064389093479,0.24479051000283686,0.25,0.25022202654598064,0.25022202654598064,gradient_boosting,0.2,optimized_offpeak_growth,0.35,-0.4285714285714285
ST-005,2024-04-20 12:00:00,0.25,0.2804425749217195,0.26425338348693905,0.25,0.2503174842452177,0.2503174842452177,gradient_boosting,0.2,optimized_offpeak_growth,0.35,-0.4285714285714285
ST-017,2024-04-20 12:00:00,0.25,0.2804425749217195,0.23680824706369696,0.25,0.2502110590079866,0.2502110590079866,gradient_boosting,0.2,optimized_offpeak_growth,0.35,-0.4285714285714285
ST-002,2024-04-20 12:00:00,0.5,0.2804425749217195,0.48757572602912863,0.4990873245237931,0.49494844799916,0.49494844799916,gradient_boosting,0.5738,optimized_balanced_pricing,0.35,0.6394285714285715
ST-009,2024-04-20 12:00:00,0.25,0.2804425749217195,0.23772562097362102,0.25,0.25018273457998863,0.25018273457998863,gradient_boosting,0.2,optimized_offpeak_growth,0.35,-0.4285714285714285
ST-003,2024-04-20 12:00:00,0.40442888430298607,0.2804425749217195,0.4728683656529159,0.47421293229160477,0.46990593910618383,0.46990593910618383,gradient_boosting,0.5236,optimized_balanced_pricing,0.35,0.496
ST-012,2024-04-20 12:00:00,0.25,0.2804425749217195,0.25661054161509855,0.25,0.2504489272429868,0.2504489272429868,gradient_boosting,0.2,optimized_offpeak_growth,0.35,-0.4285714285714285
ST-012,2024-04-20 13:00:00,0.25,0.27784462404110555,0.23337715145516608,0.23945279889993587,0.24848812804928297,0.24848812804928297,gradient_boosting,0.2,optimized_offpeak_growth,0.35,-0.4285714285714285
ST-011,2024-04-20 13:00:00,0.41836561729819444,0.27784462404110555,0.4811775919382316,0.4948118177057085,0.49264451604149195,0.49264451604149195,gradient_boosting,0.5694,optimized_balanced_pricing,0.35,0.626857142857143
ST-015,2024-04-20 13:00:00,0.25,0.27784462404110555,0.24001332076373727,0.25,0.25018273457998863,0.25018273457998863,gradient_boosting,0.2,optimized_offpeak_growth,0.35,-0.4285714285714285
ST-004,2024-04-20 13:00:00,0.5,0.27784462404110555,0.47907801057375665,0.4936456976050546,0.4888515591495486,0.4888515591495486,gradient_boosting,0.562,optimized_balanced_pricing,0.35,0.6057142857142859
ST-006,2024-04-20 13:00:00,0.18325097808020832,0.27784462404110555,0.2318952626298244,0.19756825858517804,0.19735606382374796,0.19735606382374796,gradient_boosting,0.2,optimized_offpeak_growth,0.35,-0.4285714285714285
ST-005,2024-04-20 14:00:00,0.5,0.30117796875909164,0.47720770414905167,0.4924558891412403,0.48910489097680276,0.48910489097680276,gradient_boosting,0.5625,optimized_balanced_pricing,0.35,0.6071428571428572
ST-012,2024-04-20 14:00:00,0.25,0.30117796875909164,0.24414360360102025,0.25,0.25018273457998863,0.25018273457998863,gradient_boosting,0.2,optimized_offpeak_growth,0.35,-0.4285714285714285
ST-004,2024-04-20 14:00:00,0.25,0.30117796875909164,0.23760948230003015,0.25,0.25018273457998863,0.25018273457998863,gradient_boosting,0.2,optimized_offpeak_growth,0.35,-0.4285714285714285
ST-018,2024-04-20 14:00:00,0.25,0.30117796875909164,0.249170506946129,0.25,0.2500959863669768,0.2500959863669768,gradient_boosting,0.2,optimized_offpeak_growth,0.35,-0.4285714285714285
ST-008,2024-04-20 14:00:00,0.5,0.30117796875909164,0.47791622786176025,0.4981917169068135,0.48887144398938254,0.48887144398938254,gradient_boosting,0.5621,optimized_balanced_pricing,0.35,0.6060000000000003
ST-003,2024-04-20 15:00:00,0.25,0.26607965127231453,0.24894047291897858,0.25,0.2500959863669768,0.2500959863669768,gradient_boosting,0.2,optimized_offpeak_growth,0.35,-0.4285714285714285
ST-018,2024-04-20 15:00:00,0.25,0.26607965127231453,0.23823120284372282,0.25,0.2501023037791929,0.2501023037791929,gradient_boosting,0.2,optimized_offpeak_growth,0.35,-0.4285714285714285
ST-005,2024-04-20 15:00:00,0.11316442499923611,0.26607965127231453,0.2319449106840282,0.11729331572928832,0.10693823274874979,0.10693823274874979,gradient_boosting,0.2,optimized_offpeak_growth,0.35,-0.4285714285714285
ST-008,2024-04-20 15:00:00,0.25,0.26607965127231453,0.23924666143363055,0.25,0.25018273457998863,0.25018273457998863,gradient_boosting,0.2,optimized_offpeak_growth,0.35,-0.4285714285714285
ST-009,2024-04-20 15:00:00,0.25,0.26607965127231453,0.24036305991908655,0.25,0.2499691788274255,0.2499691788274255,gradient_boosting,0.2,optimized_offpeak_growth,0.35,-0.4285714285714285
ST-012,2024-04-20 15:00:00,0.25,0.26607965127231453,0.2508591665217832,0.25,0.2500959863669768,0.2500959863669768,gradient_boosting,0.2,optimized_offpeak_growth,0.35,-0.4285714285714285
ST-017,2024-04-20 15:00:00,0.25,0.26607965127231453,0.237269025820553,0.25,0.25018273457998863,0.25018273457998863,gradient_boosting,0.2,optimized_offpeak_growth,0.35,-0.4285714285714285
ST-015,2024-04-20 15:00:00,0.25,0.26607965127231453,0.24224143801203113,0.25,0.25018273457998863,0.25018273457998863,gradient_boosting,0.2,optimized_offpeak_growth,0.35,-0.4285714285714285
ST-014,2024-04-20 16:00:00,0.25,0.2925533495072557,0.24038191123548291,0.25,0.25018273457998863,0.25018273457998863,gradient_boosting,0.2,optimized_offpeak_growth,0.35,-0.4285714285714285
ST-018,2024-04-20 16:00:00,0.25,0.2925533495072557,0.23792448865902632,0.25,0.25018273457998863,0.25018273457998863,gradient_boosting,0.2,optimized_offpeak_growth,0.35,-0.4285714285714285
ST-008,2024-04-20 16:00:00,0.25,0.2925533495072557,0.238910184977808,0.25,0.25018273457998863,0.25018273457998863,gradient_boosting,0.2,optimized_offpeak_growth,0.35,-0.4285714285714285
ST-006,2024-04-20 16:00:00,0.25,0.2925533495072557,0.2401209666051315,0.25,0.2501441956348088,0.2501441956348088,gradient_boosting,0.2,optimized_offpeak_growth,0.35,-0.4285714285714285
ST-007,2024-04-20 16:00:00,0.5,0.2925533495072557,0.4754487944363573,0.4863659559399798,0.485381487771896,0.485381487771896,gradient_boosting,0.5552,optimized_balanced_pricing,0.35,0.5862857142857145
ST-003,2024-04-20 16:00:00,0.25,0.2925533495072557,0.2349707339648642,0.25,0.25018905199220476,0.25018905199220476,gradient_boosting,0.2,optimized_offpeak_growth,0.35,-0.4285714285714285
ST-011,2024-04-20 17:00:00,0.25,0.28846153846153844,0.24306161910801502,0.25,0.25039540609741134,0.25039540609741134,gradient_boosting,0.2,optimized_offpeak_growth,0.35,-0.4285714285714285
ST-006,2024-04-20 17:00:00,0.25,0.28846153846153844,0.2553090243652006,0.25,0.2505357810645804,0.2505357810645804,gradient_boosting,0.2,optimized_offpeak_growth,0.35,-0.4285714285714285
ST-001,2024-04-20 17:00:00,0.25,0.28846153846153844,0.24754932659134105,0.25,0.2505357810645804,0.2505357810645804,gradient_boosting,0.2,optimized_offpeak_growth,0.35,-0.4285714285714285
ST-003,2024-04-20 17:00:00,0.25,0.28846153846153844,0.2439335906249748,0.25,0.2505357810645804,0.2505357810645804,gradient_boosting,0.2,optimized_offpeak_growth,0.35,-0.4285714285714285
ST-014,2024-04-20 17:00:00,0.25,0.28846153846153844,0.2616927860285862,0.25,0.2507681070369784,0.2507681070369784,gradient_boosting,0.2,optimized_offpeak_growth,0.35,-0.4285714285714285
ST-008,2024-04-20 17:00:00,0.25,0.28846153846153844,0.24591256443360326,0.25,0.25032222531201737,0.25032222531201737,gradient_boosting,0.2,optimized_offpeak_growth,0.35,-0.4285714285714285
ST-015,2024-04-20 18:00:00,0.25,0.2971698113207547,0.24507609548686668,0.25,0.25051589622474646,0.25051589622474646,gradient_boosting,0.2,optimized_offpeak_growth,0.35,-0.4285714285714285
ST-001,2024-04-20 18:00:00,0.25,0.2971698113207547,0.24883132576862335,0.25,0.25060264443775826,0.25060264443775826,gradient_boosting,0.2,optimized_offpeak_growth,0.35,-0.4285714285714285
ST-017,2024-04-20 18:00:00,0.25,0.2971698113207547,0.25957259352013723,0.25,0.25048557088368345,0.25048557088368345,gradient_boosting,0.2,optimized_offpeak_growth,0.35,-0.4285714285714285
ST-004,2024-04-20 18:00:00,0.5,0.2971698113207547,0.5005687744323577,0.49999340964063277,0.5010445947123187,0.5010445947123187,gradient_boosting,0.5853,optimized_balanced_pricing,0.35,0.6722857142857146
ST-009,2024-04-20 18:00:00,0.25,0.2971698113207547,0.24651245746579806,0.25,0.2503890886851952,0.2503890886851952,gradient_boosting,0.2,optimized_offpeak_growth,0.35,-0.4285714285714285
ST-005,2024-04-20 18:00:00,0.25,0.2971698113207547,0.24479822532573786,0.25,0.2507776612451415,0.2507776612451415,gradient_boosting,0.2,optimized_offpeak_growth,0.35,-0.4285714285714285
ST-014,2024-04-20 18:00:00,0.25,0.2971698113207547,0.24647358759711469,0.25,0.25106907182640587,0.25106907182640587,gradient_boosting,0.2,optimized_offpeak_growth,0.35,-0.4285714285714285
ST-010,2024-04-20 18:00:00,0.25,0.2971698113207547,0.27911166398461124,0.25,0.25095132201817955,0.25095132201817955,gradient_boosting,0.2,optimized_offpeak_growth,0.35,-0.4285714285714285
ST-004,2024-04-20 19:00:00,0.5,0.30597014925373134,0.4935716551474364,0.4999036101912314,0.5008254001803071,0.5008254001803071,gradient_boosting,0.5849,optimized_balanced_pricing,0.35,0.6711428571428573
ST-009,2024-04-20 19:00:00,0.25,0.30597014925373134,0.2453031043688508,0.25,0.25051589622474646,0.25051589622474646,gradient_boosting,0.2,optimized_offpeak_growth,0.35,-0.4285714285714285
ST-017,2024-04-20 19:00:00,0.25,0.30597014925373134,0.24686472334318527,0.25,0.2505222136369626,0.2505222136369626,gradient_boosting,0.2,optimized_offpeak_growth,0.35,-0.4285714285714285
ST-003,2024-04-20 19:00:00,0.25,0.30597014925373134,0.2530085352787448,0.25,0.25051589622474646,0.25051589622474646,gradient_boosting,0.2,optimized_offpeak_growth,0.35,-0.4285714285714285
ST-001,2024-04-20 19:00:00,0.25,0.30597014925373134,0.25854649081234726,0.25,0.25060264443775826,0.25060264443775826,gradient_boosting,0.2,optimized_offpeak_growth,0.35,-0.4285714285714285
ST-003,2024-04-20 20:00:00,0.25,0.30333333333333334,0.24439358423748367,0.25,0.25051589622474646,0.25051589622474646,gradient_boosting,0.2,optimized_offpeak_growth,0.35,-0.4285714285714285
ST-014,2024-04-20 20:00:00,0.25,0.30333333333333334,0.2654491412896832,0.25,0.2507681070369784,0.2507681070369784,gradient_boosting,0.2,optimized_offpeak_growth,0.35,-0.4285714285714285
ST-013,2024-04-20 20:00:00,0.25,0.30333333333333334,0.2473833029449473,0.25,0.2507493432121667,0.2507493432121667,gradient_boosting,0.2,optimized_offpeak_growth,0.35,-0.4285714285714285
ST-007,2024-04-20 20:00:00,0.25,0.30333333333333334,0.2448593827337367,0.25,0.25060264443775826,0.25060264443775826,gradient_boosting,0.2,optimized_offpeak_growth,0.35,-0.4285714285714285
ST-012,2024-04-20 20:00:00,0.25,0.30333333333333334,0.2520648460679677,0.25,0.25083447379420226,0.25083447379420226,gradient_boosting,0.2,optimized_offpeak_growth,0.35,-0.4285714285714285
ST-016,2024-04-20 20:00:00,0.25,0.30333333333333334,0.2486108374243595,0.25,0.25039540609741134,0.25039540609741134,gradient_boosting,0.2,optimized_offpeak_growth,0.35,-0.4285714285714285
ST-009,2024-04-20 20:00:00,0.25,0.30333333333333334,0.24566558768468885,0.25,0.25060264443775826,0.25060264443775826,gradient_boosting,0.2,optimized_offpeak_growth,0.35,-0.4285714285714285
ST-006,2024-04-20 21:00:00,0.25,0.2916666666666667,0.24757726425615398,0.25,0.25039540609741134,0.25039540609741134,gradient_boosting,0.2,optimized_offpeak_growth,0.35,-0.4285714285714285
ST-011,2024-04-20 21:00:00,0.25,0.2916666666666667,0.24118503648451076,0.24384638210386805,0.24666632850988932,0.24666632850988932,gradient_boosting,0.2,optimized_offpeak_growth,0.35,-0.4285714285714285
ST-010,2024-04-20 21:00:00,0.25,0.2916666666666667,0.2590724431450012,0.25,0.2509148058113868,0.2509148058113868,gradient_boosting,0.2,optimized_offpeak_growth,0.35,-0.4285714285714285
ST-015,2024-04-20 21:00:00,0.25,0.2916666666666667,0.2457274644932086,0.25,0.25060264443775826,0.25060264443775826,gradient_boosting,0.2,optimized_offpeak_growth,0.35,-0.4285714285714285
ST-018,2024-04-20 21:00:00,0.25,0.2916666666666667,0.24385056625967408,0.24991903348892117,0.25060264443775826,0.25060264443775826,gradient_boosting,0.2,optimized_offpeak_growth,0.35,-0.4285714285714285
ST-008,2024-04-20 21:00:00,0.49500818614250003,0.2916666666666667,0.4972233537539875,0.4999968723838681,0.5007323345550792,0.5007323345550792,gradient_boosting,0.5847,optimized_balanced_pricing,0.35,0.6705714285714286
ST-015,2024-04-20 22:00:00,0.25,0.28625511394144015,0.24867566014050085,0.25,0.2501162240177797,0.2501162240177797,gradient_boosting,0.2,optimized_offpeak_growth,0.35,-0.4285714285714285
ST-013,2024-04-20 22:00:00,0.25,0.28625511394144015,0.24195668230128908,0.25,0.2501162240177797,0.2501162240177797,gradient_boosting,0.2,optimized_offpeak_growth,0.35,-0.4285714285714285
ST-012,2024-04-20 22:00:00,0.25,0.28625511394144015,0.24407657093304097,0.24991903348892117,0.24990266826521665,0.24990266826521665,gradient_boosting,0.2,optimized_offpeak_growth,0.35,-0.4285714285714285
ST-008,2024-04-20 22:00:00,0.5,0.28625511394144015,0.47825953825805023,0.49213446609125444,0.4898906238740754,0.4898906238740754,gradient_boosting,0.5641,optimized_balanced_pricing,0.35,0.6117142857142859
ST-018,2024-04-20 22:00:00,0.25,0.28625511394144015,0.23520942903316874,0.24622250850611016,0.2443467879586111,0.2443467879586111,gradient_boosting,0.2,optimized_offpeak_growth,0.35,-0.4285714285714285
ST-006,2024-04-20 22:00:00,0.25,0.28625511394144015,0.23866243272202012,0.24991903348892117,0.2501162240177797,0.2501162240177797,gradient_boosting,0.2,optimized_offpeak_growth,0.35,-0.4285714285714285
ST-010,2024-04-20 22:00:00,0.25,0.28625511394144015,0.24359102006663913,0.24991903348892117,0.25016916715237075,0.25016916715237075,gradient_boosting,0.2,optimized_offpeak_growth,0.35,-0.4285714285714285
ST-017,2024-04-20 22:00:00,0.25,0.28625511394144015,0.23336217815243174,0.20554451835630277,0.22425885824144393,0.22425885824144393,gradient_boosting,0.2,optimized_offpeak_growth,0.35,-0.4285714285714285
ST-004,2024-04-20 23:00:00,0.5,0.27220390898905344,0.48170693001570325,0.4812985440080587,0.4937504441391966,0.4937504441391966,gradient_boosting,0.5715,optimized_balanced_pricing,0.35,0.632857142857143
ST-018,2024-04-20 23:00:00,0.25,0.27220390898905344,0.23559217531779816,0.24820506943119267,0.24824103628828684,0.24824103628828684,gradient_boosting,0.2,optimized_offpeak_growth,0.35,-0.4285714285714285
ST-013,2024-04-20 23:00:00,0.25,0.27220390898905344,0.24640725570085847,0.25,0.2501162240177797,0.2501162240177797,gradient_boosting,0.2,optimized_offpeak_growth,0.35,-0.4285714285714285
ST-016,2024-04-20 23:00:00,0.13849849072520834,0.27220390898905344,0.23299815099178844,0.19447674707227,0.19359382475098605,0.19359382475098605,gradient_boosting,0.2,optimized_offpeak_growth,0.35,-0.4285714285714285
ST-002,2024-04-20 23:00:00,0.5,0.27220390898905344,0.47521334400008997,0.4807326625235914,0.48340221496694047,0.48340221496694047,gradient_boosting,0.5513,optimized_balanced_pricing,0.35,0.5751428571428572
ST-015,2024-04-20 23:00:00,0.5,0.27220390898905344,0.48563733807008636,0.49765223096983463,0.4927271596725687,0.4927271596725687,gradient_boosting,0.5696,optimized_balanced_pricing,0.35,0.6274285714285714
ST-014,2024-04-21 00:00:00,0.25,0.2809424822966144,0.23993315180511227,0.25,0.2498988124495837,0.2498988124495837,gradient_boosting,0.2,optimized_offpeak_growth,0.35,-0.4285714285714285
ST-001,2024-04-21 00:00:00,0.25,0.2809424822966144,0.23723514524001654,0.25,0.24998556066259547,0.24998556066259547,gradient_boosting,0.2,optimized_offpeak_growth,0.35,-0.4285714285714285
ST-013,2024-04-21 01:00:00,0.3125,0.2549889992129882,0.47402687115261677,0.47172907123120017,0.4870684082519356,0.4870684082519356,gradient_boosting,0.5586,optimized_balanced_pricing,0.35,0.5960000000000001
ST-018,2024-04-21 01:00:00,0.25,0.2549889992129882,0.23584407322021866,0.25,0.24997026136236025,0.24997026136236025,gradient_boosting,0.2,optimized_offpeak_growth,0.35,-0.4285714285714285
ST-006,2024-04-21 01:00:00,0.25,0.2549889992129882,0.24944425933229925,0.25,0.24997026136236025,0.24997026136236025,gradient_boosting,0.2,optimized_offpeak_growth,0.35,-0.4285714285714285
ST-005,2024-04-21 01:00:00,0.1564775159842361,0.2549889992129882,0.23156203985526716,0.2137745370920583,0.20826648420346106,0.20826648420346106,gradient_boosting,0.2,optimized_offpeak_growth,0.35,-0.4285714285714285
ST-008,2024-04-21 01:00:00,0.25,0.2549889992129882,0.2366482595775476,0.25,0.24997026136236025,0.24997026136236025,gradient_boosting,0.2,optimized_offpeak_growth,0.35,-0.4285714285714285
ST-007,2024-04-21 02:00:00,0.25,0.28759556983134704,0.2630417624305374,0.25,0.2504489272429868,0.2504489272429868,gradient_boosting,0.2,optimized_offpeak_growth,0.35,-0.4285714285714285
ST-016,2024-04-21 02:00:00,0.5,0.28759556983134704,0.4902181919358233,0.49341804100314723,0.4966153585631338,0.4966153585631338,gradient_boosting,0.577,optimized_balanced_pricing,0.35,0.6485714285714286
ST-018,2024-04-21 02:00:00,0.25,0.28759556983134704,0.24131637031192255,0.25,0.25018273457998863,0.25018273457998863,gradient_boosting,0.2,optimized_offpeak_growth,0.35,-0.4285714285714285
ST-006,2024-04-21 02:00:00,0.25,0.28759556983134704,0.23628234077378107,0.25,0.25018905199220476,0.25018905199220476,gradient_boosting,0.2,optimized_offpeak_growth,0.35,-0.4285714285714285
ST-016,2024-04-21 03:00:00,0.25,0.2898970000164358,0.244656285400033,0.25,0.2501023037791929,0.2501023037791929,gradient_boosting,0.2,optimized_offpeak_growth,0.35,-0.4285714285714285
ST-010,2024-04-21 03:00:00,0.25,0.2898970000164358,0.23698390056137908,0.25,0.25055760318449827,0.25055760318449827,gradient_boosting,0.2,optimized_offpeak_growth,0.35,-0.4285714285714285
ST-005,2024-04-21 03:00:00,0.25,0.2898970000164358,0.2319304596942029,0.2194307858871838,0.23372691272786353,0.23372691272786353,gradient_boosting,0.2,optimized_offpeak_growth,0.35,-0.4285714285714285
ST-004,2024-04-21 03:00:00,0.5,0.2898970000164358,0.4837368624387992,0.4929589661424918,0.49359272292388545,0.49359272292388545,gradient_boosting,0.5712,optimized_balanced_pricing,0.35,0.6320000000000001
ST-017,2024-04-21 04:00:00,0.25,0.2705343843358972,0.25438606426635774,0.25,0.25062394405037003,0.25062394405037003,gradient_boosting,0.2,optimized_offpeak_growth,0.35,-0.4285714285714285
ST-015,2024-04-21 04:00:00,0.25,0.2705343843358972,0.25002976289074336,0.25,0.25018905199220476,0.25018905199220476,gradient_boosting,0.2,optimized_offpeak_growth,0.35,-0.4285714285714285
ST-005,2024-04-21 04:00:00,0.25,0.2705343843358972,0.24058386374889906,0.25,0.25077994904695045,0.25077994904695045,gradient_boosting,0.2,optimized_offpeak_growth,0.35,-0.4285714285714285
ST-012,2024-04-21 04:00:00,0.25,0.2705343843358972,0.2475866619182318,0.25,0.25018273457998863,0.25018273457998863,gradient_boosting,0.2,optimized_offpeak_growth,0.35,-0.4285714285714285
ST-002,2024-04-21 04:00:00,0.75,0.2705343843358972,0.7130751924028517,0.734589576550938,0.7282444244832783,0.7282444244832783,gradient_boosting,0.6,optimized_balanced_pricing,0.35,0.7142857142857144
ST-010,2024-04-21 04:00:00,0.25,0.2705343843358972,0.23560096684522913,0.25,0.2500959863669768,0.2500959863669768,gradient_boosting,0.2,optimized_offpeak_growth,0.35,-0.4285714285714285
ST-004,2024-04-21 04:00:00,0.5,0.2705343843358972,0.4767697794836416,0.4812923492696597,0.48887776140159867,0.48887776140159867,gradient_boosting,0.5621,optimized_balanced_pricing,0.35,0.6060000000000003
ST-003,2024-04-21 05:00:00,0.25,0.26930142859083334,0.23972042809144395,0.25,0.2499691788274255,0.2499691788274255,gradient_boosting,0.2,optimized_offpeak_growth,0.35,-0.4285714285714285
ST-004,2024-04-21 05:00:00,0.25,0.26930142859083334,0.2463630939608336,0.25,0.25018273457998863,0.25018273457998863,gradient_boosting,0.2,optimized_offpeak_growth,0.35,-0.4285714285714285
ST-008,2024-04-21 05:00:00,0.25,0.26930142859083334,0.2503290197439195,0.25,0.25018273457998863,0.25018273457998863,gradient_boosting,0.2,optimized_offpeak_growth,0.35,-0.4285714285714285
ST-013,2024-04-21 05:00:00,0.75,0.26930142859083334,0.7366445140901186,0.7358072955457088,0.729463401664849,0.729463401664849,gradient_boosting,0.6,optimized_balanced_pricing,0.35,0.7142857142857144
ST-007,2024-04-21 05:00:00,0.2437639647342361,0.26930142859083334,0.23110554055139085,0.23315165032539845,0.23960324906302297,0.23960324906302297,gradient_boosting,0.2,optimized_offpeak_growth,0.35,-0.4285714285714285
ST-011,2024-04-21 05:00:00,0.5,0.26930142859083334,0.49190796449455226,0.4969062358439093,0.4950744881781638,0.4950744881781638,gradient_boosting,0.574,optimized_balanced_pricing,0.35,0.6399999999999999
ST-004,2024-04-21 06:00:00,0.22569148674694442,0.2893282456937755,0.23361368450191558,0.24574138711411797,0.24441329852081994,0.24441329852081994,gradient_boosting,0.2,optimized_offpeak_growth,0.35,-0.4285714285714285
ST-002,2024-04-21 06:00:00,0.5,0.2893282456937755,0.5066078217449329,0.4686921095337515,0.4951379803925773,0.4951379803925773,gradient_boosting,0.5742,optimized_balanced_pricing,0.35,0.6405714285714288
ST-013,2024-04-21 06:00:00,0.25,0.2893282456937755,0.2734361509038696,0.25,0.25095233742462,0.25095233742462,gradient_boosting,0.2,optimized_offpeak_growth,0.35,-0.4285714285714285
ST-010,2024-04-21 06:00:00,0.25,0.2893282456937755,0.26654189464087674,0.25,0.2505356754559986,0.2505356754559986,gradient_boosting,0.2,optimized_offpeak_growth,0.35,-0.4285714285714285
ST-001,2024-04-21 06:00:00,0.25,0.2893282456937755,0.23229215678356188,0.19504476990299555,0.20847895742108938,0.20847895742108938,gradient_boosting,0.2,optimized_offpeak_growth,0.35,-0.4285714285714285
ST-001,2024-04-21 07:00:00,0.25,0.29411764705882354,0.2657907524453721,0.25,0.2509431238443616,0.2509431238443616,gradient_boosting,0.2,optimized_offpeak_growth,0.35,-0.4285714285714285
ST-011,2024-04-21 07:00:00,0.25,0.29411764705882354,0.2622923759811806,0.25,0.2507744244491945,0.2507744244491945,gradient_boosting,0.2,optimized_offpeak_growth,0.35,-0.4285714285714285
ST-015,2024-04-21 07:00:00,0.25,0.29411764705882354,0.25091470636251084,0.25,0.2506089618499744,0.2506089618499744,gradient_boosting,0.2,optimized_offpeak_growth,0.35,-0.4285714285714285
ST-008,2024-04-21 07:00:00,0.25,0.29411764705882354,0.2697414551229526,0.25,0.2507744244491945,0.2507744244491945,gradient_boosting,0.2,optimized_offpeak_growth,0.35,-0.4285714285714285
ST-014,2024-04-21 07:00:00,0.25,0.29411764705882354,0.24400153469291685,0.25,0.25060264443775826,0.25060264443775826,gradient_boosting,0.2,optimized_offpeak_growth,0.35,-0.4285714285714285
ST-009,2024-04-21 07:00:00,0.25,0.29411764705882354,0.26227223954395634,0.25,0.2506813588239666,0.2506813588239666,gradient_boosting,0.2,optimized_offpeak_growth,0.35,-0.4285714285714285
ST-009,2024-04-21 08:00:00,0.25,0.30405405405405406,0.2382277499779774,0.2410599970646211,0.24313731964921612,0.24313731964921612,gradient_boosting,0.2,optimized_offpeak_growth,0.35,-0.4285714285714285
ST-007,2024-04-21 08:00:00,0.5,0.30405405405405406,0.5196720977989384,0.4999713860813078,0.5043616646759583,0.5043616646759583,gradient_boosting,0.5914,optimized_balanced_pricing,0.35,0.689714285714286
ST-005,2024-04-21 08:00:00,0.25,0.30405405405405406,0.24433931300207049,0.25,0.25051589622474646,0.25051589622474646,gradient_boosting,0.2,optimized_offpeak_growth,0.35,-0.4285714285714285
ST-006,2024-04-21 08:00:00,0.25,0.30405405405405406,0.2425740540126537,0.25,0.25051589622474646,0.25051589622474646,gradient_boosting,0.2,optimized_offpeak_growth,0.35,-0.4285714285714285
ST-013,2024-04-21 08:00:00,0.25,0.30405405405405406,0.2543051327782865,0.25,0.2508360914251785,0.2508360914251785,gradient_boosting,0.2,optimized_offpeak_growth,0.35,-0.4285714285714285
ST-018,2024-04-21 08:00:00,0.25,0.30405405405405406,0.25561913565323297,0.25,0.2503890886851952,0.2503890886851952,gradient_boosting,0.2,optimized_offpeak_growth,0.35,-0.4285714285714285
ST-008,2024-04-21 08:00:00,0.25,0.30405405405405406,0.2565117290829247,0.25,0.2508057660841155,0.2508057660841155,gradient_boosting,0.2,optimized_offpeak_growth,0.35,-0.4285714285714285
ST-004,2024-04-21 09:00:00,0.25,0.30067567567567566,0.274708482541169,0.25,0.25026500565560694,0.25026500565560694,gradient_boosting,0.2,optimized_offpeak_growth,0.35,-0.4285714285714285
ST-014,2024-04-21 09:00:00,0.25,0.30067567567567566,0.2432472538223749,0.25,0.25060264443775826,0.25060264443775826,gradient_boosting,0.2,optimized_offpeak_growth,0.35,-0.4285714285714285
ST-010,2024-04-21 09:00:00,0.25,0.30067567567567566,0.25845173240912467,0.25,0.2510015540243986,0.2510015540243986,gradient_boosting,0.2,optimized_offpeak_growth,0.35,-0.4285714285714285
ST-013,2024-04-21 10:00:00,0.25,0.29918032786885246,0.24574893156849612,0.25,0.25063078396989225,0.25063078396989225,gradient_boosting,0.2,optimized_offpeak_growth,0.35,-0.4285714285714285
ST-011,2024-04-21 10:00:00,0.25,0.29918032786885246,0.2301979819174697,0.16339461610984293,0.15879812418104164,0.15879812418104164,gradient_boosting,0.2,optimized_offpeak_growth,0.35,-0.4285714285714285
ST-002,2024-04-21 10:00:00,0.25,0.29918032786885246,0.24396223363693073,0.25,0.2504830449405867,0.2504830449405867,gradient_boosting,0.2,optimized_offpeak_growth,0.35,-0.4285714285714285
ST-007,2024-04-21 10:00:00,0.25,0.29918032786885246,0.24015434328841662,0.25,0.25024496249494865,0.25024496249494865,gradient_boosting,0.2,optimized_offpeak_growth,0.35,-0.4285714285714285
ST-018,2024-04-21 10:00:00,0.25,0.29918032786885246,0.2427047264999313,0.25,0.24998180390170208,0.24998180390170208,gradient_boosting,0.2,optimized_offpeak_growth,0.35,-0.4285714285714285
ST-010,2024-04-21 10:00:00,0.25,0.29918032786885246,0.23686819971265632,0.25,0.2502559153653826,0.2502559153653826,gradient_boosting,0.2,optimized_offpeak_growth,0.35,-0.4285714285714285
ST-006,2024-04-21 11:00:00,0.25,0.27727911351456924,0.2402075087889346,0.25,0.24984867894993465,0.24984867894993465,gradient_boosting,0.2,optimized_offpeak_growth,0.35,-0.4285714285714285
ST-011,2024-04-21 11:00:00,0.25,0.27727911351456924,0.2326312416742273,0.21341677411361548,0.20974693433245456,0.20974693433245456,gradient_boosting,0.2,optimized_offpeak_growth,0.35,-0.4285714285714285
ST-017,2024-04-21 11:00:00,0.25,0.27727911351456924,0.23300568459660037,0.24946929030340914,0.2494644167717305,0.2494644167717305,gradient_boosting,0.2,optimized_offpeak_growth,0.35,-0.4285714285714285
ST-001,2024-04-21 11:00:00,0.46268510328499995,0.27727911351456924,0.47624327768716884,0.4951599643333848,0.4855608743335897,0.4855608743335897,gradient_boosting,0.5556,optimized_balanced_pricing,0.35,0.5874285714285714
ST-013,2024-04-21 11:00:00,0.25,0.27727911351456924,0.2325094557491565,0.24432667366547167,0.244393413680986,0.244393413680986,gradient_boosting,0.2,optimized_offpeak_growth,0.35,-0.4285714285714285
ST-005,2024-04-21 12:00:00,0.25,0.2748947827263669,0.24179170299628938,0.25,0.2501628497401546,0.2501628497401546,gradient_boosting,0.2,optimized_offpeak_growth,0.35,-0.4285714285714285
ST-016,2024-04-21 12:00:00,0.25,0.2748947827263669,0.2343673444892756,0.25,0.2501628497401546,0.2501628497401546,gradient_boosting,0.2,optimized_offpeak_growth,0.35,-0.4285714285714285
ST-015,2024-04-21 12:00:00,0.25,0.2748947827263669,0.23672661340340762,0.25,0.2502495979531665,0.2502495979531665,gradient_boosting,0.2,optimized_offpeak_growth,0.35,-0.4285714285714285
ST-018,2024-04-21 12:00:00,0.25,0.2748947827263669,0.23797400649099262,0.25,0.2501628497401546,0.2501628497401546,gradient_boosting,0.2,optimized_offpeak_growth,0.35,-0.4285714285714285
ST-010,2024-04-21 12:00:00,0.25,0.2748947827263669,0.23388132660458244,0.24723148601939457,0.2484619257972329,0.2484619257972329,gradient_boosting,0.2,optimized_offpeak_growth,0.35,-0.4285714285714285
ST-013,2024-04-21 12:00:00,0.25,0.2748947827263669,0.2362156379162531,0.25,0.2502888899191585,0.2502888899191585,gradient_boosting,0.2,optimized_offpeak_growth,0.35,-0.4285714285714285
ST-001,2024-04-21 13:00:00,0.25,0.2842430015449937,0.23580370307884044,0.25,0.2502495979531665,0.2502495979531665,gradient_boosting,0.2,optimized_offpeak_growth,0.35,-0.4285714285714285
ST-017,2024-04-21 13:00:00,0.25,0.2842430015449937,0.24705450999951883,0.25,0.2509157706845168,0.2509157706845168,gradient_boosting,0.2,optimized_offpeak_growth,0.35,-0.4285714285714285
ST-018,2024-04-21 13:00:00,0.5,0.2842430015449937,0.49398485514380785,0.48996536076738734,0.49494844799916,0.49494844799916,gradient_boosting,0.5738,optimized_balanced_pricing,0.35,0.6394285714285715
ST-007,2024-04-21 13:00:00,0.5,0.2842430015449937,0.48523295776784536,0.4964750093050261,0.4941838597035564,0.4941838597035564,gradient_boosting,0.5723,optimized_balanced_pricing,0.35,0.6351428571428572
ST-015,2024-04-21 13:00:00,0.19269477983347225,0.2842430015449937,0.2313790281070588,0.15014390173424733,0.15296247754711076,0.15296247754711076,gradient_boosting,0.2,optimized_offpeak_growth,0.35,-0.4285714285714285
ST-001,2024-04-21 14:00:00,0.25,0.2851444121278114,0.24386069607838204,0.25,0.2502495979531665,0.2502495979531665,gradient_boosting,0.2,optimized_offpeak_growth,0.35,-0.4285714285714285
ST-008,2024-04-21 14:00:00,0.25,0.2851444121278114,0.24913866037998483,0.25,0.25018905199220476,0.25018905199220476,gradient_boosting,0.2,optimized_offpeak_growth,0.35,-0.4285714285714285
ST-014,2024-04-21 14:00:00,0.25,0.2851444121278114,0.23441192986476694,0.24378108077680816,0.24497676387740008,0.24497676387740008,gradient_boosting,0.2,optimized_offpeak_growth,0.35,-0.4285714285714285
ST-003,2024-04-21 14:00:00,0.5,0.2851444121278114,0.49779251227872395,0.49829593312547993,0.49482164045960875,0.49482164045960875,gradient_boosting,0.5736,optimized_balanced_pricing,0.35,0.638857142857143
ST-007,2024-04-21 14:00:00,0.25,0.2851444121278114,0.23409837000831363,0.24932412951299854,0.2492508610191674,0.2492508610191674,gradient_boosting,0.2,optimized_offpeak_growth,0.35,-0.4285714285714285
ST-013,2024-04-21 14:00:00,0.25,0.2851444121278114,0.27734731374547905,0.25,0.2517929927634849,0.2517929927634849,gradient_boosting,0.2,optimized_offpeak_growth,0.35,-0.4285714285714285
ST-018,2024-04-21 14:00:00,0.5,0.2851444121278114,0.49781166995803217,0.4994632106958165,0.4950415136243879,0.4950415136243879,gradient_boosting,0.574,optimized_balanced_pricing,0.35,0.6399999999999999
ST-016,2024-04-21 14:00:00,0.25,0.2851444121278114,0.23601630170543664,0.25,0.25055760318449827,0.25055760318449827,gradient_boosting,0.2,optimized_offpeak_growth,0.35,-0.4285714285714285
ST-010,2024-04-21 15:00:00,0.25,0.3081897693152609,0.2407787889781892,0.25,0.25018273457998863,0.25018273457998863,gradient_boosting,0.2,optimized_offpeak_growth,0.35,-0.4285714285714285
ST-011,2024-04-21 15:00:00,0.12260217092298611,0.3081897693152609,0.23205688010604947,0.16992311906407656,0.1503366877209308,0.1503366877209308,gradient_boosting,0.2,optimized_offpeak_growth,0.35,-0.4285714285714285
ST-005,2024-04-21 16:00:00,0.25,0.27447375135043245,0.23904307416761747,0.25,0.2499691788274255,0.2499691788274255,gradient_boosting,0.2,optimized_offpeak_growth,0.35,-0.4285714285714285
ST-016,2024-04-21 16:00:00,0.25,0.27447375135043245,0.2379033209198413,0.25,0.2500959863669768,0.2500959863669768,gradient_boosting,0.2,optimized_offpeak_growth,0.35,-0.4285714285714285
ST-006,2024-04-21 16:00:00,0.25,0.27447375135043245,0.2428210010799324,0.25,0.2502495979531665,0.2502495979531665,gradient_boosting,0.2,optimized_offpeak_growth,0.35,-0.4285714285714285
ST-004,2024-04-21 16:00:00,0.25,0.27447375135043245,0.2442174510642734,0.25,0.250329433354397,0.250329433354397,gradient_boosting,0.2,optimized_offpeak_growth,0.35,-0.4285714285714285
ST-001,2024-04-21 16:00:00,0.48269051937250007,0.27447375135043245,0.47132488003969464,0.4425828646431941,0.4678049283997517,0.4678049283997517,gradient_boosting,0.5191,optimized_balanced_pricing,0.35,0.4831428571428573
ST-013,2024-04-21 17:00:00,0.5,0.2850877192982456,0.49377250984868154,0.4999106969067085,0.5010525297555112,0.5010525297555112,gradient_boosting,0.5853,optimized_balanced_pricing,0.35,0.6722857142857146
ST-006,2024-04-21 17:00:00,0.5,0.2850877192982456,0.4854254638374859,0.49943487244521106,0.495381744726646,0.495381744726646,gradient_boosting,0.5746,optimized_balanced_pricing,0.35,0.6417142857142859
ST-018,2024-04-21 17:00:00,0.25,0.2850877192982456,0.24527574159403617,0.25,0.25106160336940636,0.25106160336940636,gradient_boosting,0.2,optimized_offpeak_growth,0.35,-0.4285714285714285
ST-001,2024-04-21 17:00:00,0.25,0.2850877192982456,0.24526547189910383,0.25,0.2505357810645804,0.2505357810645804,gradient_boosting,0.2,optimized_offpeak_growth,0.35,-0.4285714285714285
ST-012,2024-04-21 17:00:00,0.25,0.2850877192982456,0.2624570990525467,0.25,0.2506876762361827,0.2506876762361827,gradient_boosting,0.2,optimized_offpeak_growth,0.35,-0.4285714285714285
ST-008,2024-04-21 17:00:00,0.25,0.2850877192982456,0.25336634455711277,0.25,0.2506089618499744,0.2506089618499744,gradient_boosting,0.2,optimized_offpeak_growth,0.35,-0.4285714285714285
ST-007,2024-04-21 18:00:00,0.25,0.30514705882352944,0.24504712719422164,0.25,0.25060264443775826,0.25060264443775826,gradient_boosting,0.2,optimized_offpeak_growth,0.35,-0.4285714285714285
ST-014,2024-04-21 18:00:00,0.25,0.30514705882352944,0.263650858353554,0.25,0.2508073990029704,0.2508073990029704,gradient_boosting,0.2,optimized_offpeak_growth,0.35,-0.4285714285714285
ST-017,2024-04-21 18:00:00,0.75,0.30514705882352944,0.7365936414108076,0.7499776667378053,0.7440740176836057,0.7440740176836057,gradient_boosting,0.6,optimized_balanced_pricing,0.35,0.7142857142857144
ST-018,2024-04-21 18:00:00,0.5,0.30514705882352944,0.4969373012126784,0.49999789312396065,0.5006055270155279,0.5006055270155279,gradient_boosting,0.5845,optimized_balanced_pricing,0.35,0.6700000000000002
ST-003,2024-04-21 18:00:00,0.25,0.30514705882352944,0.24161736344020499,0.25,0.2507493432121667,0.2507493432121667,gradient_boosting,0.2,optimized_offpeak_growth,0.35,-0.4285714285714285
ST-012,2024-04-21 18:00:00,0.5,0.30514705882352944,0.4958063888945958,0.4999036101912314,0.5007386519672954,0.5007386519672954,gradient_boosting,0.5847,optimized_balanced_pricing,0.35,0.6705714285714286
ST-001,2024-04-21 18:00:00,0.5,0.30514705882352944,0.4997247798194985,0.498656126072714,0.5007323345550792,0.5007323345550792,gradient_boosting,0.5847,optimized_balanced_pricing,0.35,0.6705714285714286
ST-013,2024-04-21 19:00:00,0.25,0.29044117647058826,0.27114457984771345,0.25,0.2507744244491945,0.2507744244491945,gradient_boosting,0.2,optimized_offpeak_growth,0.35,-0.4285714285714285
ST-014,2024-04-21 19:00:00,0.75,0.29044117647058826,0.7572681151421796,0.7496034770766447,0.7489945494236137,0.7489945494236137,gradient_boosting,0.6,optimized_balanced_pricing,0.35,0.7142857142857144
ST-012,2024-04-21 19:00:00,0.25,0.29044117647058826,0.24451601079988977,0.25,0.2506089618499744,0.2506089618499744,gradient_boosting,0.2,optimized_offpeak_growth,0.35,-0.4285714285714285
ST-005,2024-04-21 19:00:00,0.25,0.29044117647058826,0.24891262423790964,0.25,0.25060264443775826,0.25060264443775826,gradient_boosting,0.2,optimized_offpeak_growth,0.35,-0.4285714285714285
ST-017,2024-04-21 19:00:00,0.25,0.29044117647058826,0.24265179890827077,0.25,0.2507493432121667,0.2507493432121667,gradient_boosting,0.2,optimized_offpeak_growth,0.35,-0.4285714285714285
ST-002,2024-04-21 19:00:00,0.25,0.29044117647058826,0.24786420975397724,0.25,0.25051589622474646,0.25051589622474646,gradient_boosting,0.2,optimized_offpeak_growth,0.35,-0.4285714285714285
ST-016,2024-04-21 19:00:00,0.25,0.29044117647058826,0.2783416153893499,0.25,0.25086457380516775,0.25086457380516775,gradient_boosting,0.2,optimized_offpeak_growth,0.35,-0.4285714285714285
ST-004,2024-04-21 19:00:00,0.5,0.29044117647058826,0.5174866571568258,0.49999789312396065,0.5023575445591328,0.5023575445591328,gradient_boosting,0.5877,optimized_balanced_pricing,0.35,0.6791428571428573
ST-008,2024-04-21 19:00:00,0.25,0.29044117647058826,0.2548368869702994,0.25,0.2503890886851952,0.2503890886851952,gradient_boosting,0.2,optimized_offpeak_growth,0.35,-0.4285714285714285
ST-006,2024-04-21 19:00:00,0.25,0.29044117647058826,0.2483256483217543,0.25,0.25060264443775826,0.25060264443775826,gradient_boosting,0.2,optimized_offpeak_growth,0.35,-0.4285714285714285
ST-008,2024-04-21 20:00:00,0.25,0.2791666666666667,0.2482671121411144,0.25,0.2506089618499744,0.2506089618499744,gradient_boosting,0.2,optimized_offpeak_growth,0.35,-0.4285714285714285
ST-005,2024-04-21 20:00:00,0.25,0.2791666666666667,0.24606715777339222,0.25,0.25051589622474646,0.25051589622474646,gradient_boosting,0.2,optimized_offpeak_growth,0.35,-0.4285714285714285
ST-018,2024-04-21 20:00:00,0.5,0.2791666666666667,0.48097370495753433,0.48350238575903653,0.48887976839189323,0.48887976839189323,gradient_boosting,0.5621,optimized_balanced_pricing,0.35,0.6060000000000003
ST-017,2024-04-21 20:00:00,0.25,0.2791666666666667,0.25135905586954127,0.25,0.25082815638198613,0.25082815638198613,gradient_boosting,0.2,optimized_offpeak_growth,0.35,-0.4285714285714285
ST-006,2024-04-21 21:00:00,0.25,0.27734375,0.2497377905537916,0.25,0.25060264443775826,0.25060264443775826,gradient_boosting,0.2,optimized_offpeak_growth,0.35,-0.4285714285714285
ST-014,2024-04-21 21:00:00,0.25,0.27734375,0.24508518430462306,0.25,0.2502013106727773,0.2502013106727773,gradient_boosting,0.2,optimized_offpeak_growth,0.35,-0.4285714285714285
ST-008,2024-04-21 21:00:00,0.25,0.27734375,0.24535957950996906,0.25,0.25082815638198613,0.25082815638198613,gradient_boosting,0.2,optimized_offpeak_growth,0.35,-0.4285714285714285
ST-004,2024-04-21 21:00:00,0.25,0.27734375,0.25233117586162096,0.25,0.25051126076652863,0.25051126076652863,gradient_boosting,0.2,optimized_offpeak_growth,0.35,-0.4285714285714285
ST-018,2024-04-21 22:00:00,0.25,0.28101737038122715,0.24526480277282542,0.25,0.25002947580476786,0.25002947580476786,gradient_boosting,0.2,optimized_offpeak_growth,0.35,-0.4285714285714285
ST-017,2024-04-21 22:00:00,0.25,0.28101737038122715,0.2389106410980073,0.25,0.2501162240177797,0.2501162240177797,gradient_boosting,0.2,optimized_offpeak_growth,0.35,-0.4285714285714285
ST-011,2024-04-21 22:00:00,0.25,0.28101737038122715,0.24056579640758458,0.25,0.2502044926121511,0.2502044926121511,gradient_boosting,0.2,optimized_offpeak_growth,0.35,-0.4285714285714285
ST-016,2024-04-21 22:00:00,0.25,0.28101737038122715,0.23262467364755993,0.25,0.2504830449405867,0.2504830449405867,gradient_boosting,0.2,optimized_offpeak_growth,0.35,-0.4285714285714285
ST-004,2024-04-21 22:00:00,0.25,0.28101737038122715,0.2546441664329591,0.25,0.2503334699789866,0.2503334699789866,gradient_boosting,0.2,optimized_offpeak_growth,0.35,-0.4285714285714285
ST-014,2024-04-21 22:00:00,0.25,0.28101737038122715,0.250393675717987,0.25,0.2501162240177797,0.2501162240177797,gradient_boosting,0.2,optimized_offpeak_growth,0.35,-0.4285714285714285
ST-006,2024-04-21 22:00:00,0.25,0.28101737038122715,0.23557386840740846,0.25,0.2501162240177797,0.2501162240177797,gradient_boosting,0.2,optimized_offpeak_growth,0.35,-0.4285714285714285
ST-001,2024-04-21 22:00:00,0.25,0.28101737038122715,0.24072352088138807,0.25,0.2502559153653826,0.2502559153653826,gradient_boosting,0.2,optimized_offpeak_growth,0.35,-0.4285714285714285
ST-013,2024-04-21 23:00:00,0.5,0.2689905583303876,0.46880432159688545,0.40774745564639703,0.4421948165091013,0.4421948165091013,gradient_boosting,0.4613,optimized_balanced_pricing,0.35,0.31800000000000006
ST-006,2024-04-21 23:00:00,0.25,0.2689905583303876,0.24391834881073354,0.25,0.24990266826521665,0.24990266826521665,gradient_boosting,0.2,optimized_offpeak_growth,0.35,-0.4285714285714285
ST-003,2024-04-21 23:00:00,0.25,0.2689905583303876,0.23724210308701693,0.25,0.2501162240177797,0.2501162240177797,gradient_boosting,0.2,optimized_offpeak_growth,0.35,-0.4285714285714285
ST-004,2024-04-21 23:00:00,0.25,0.2689905583303876,0.24175805737426084,0.25,0.2502559153653826,0.2502559153653826,gradient_boosting,0.2,optimized_offpeak_growth,0.35,-0.4285714285714285
ST-005,2024-04-22 00:00:00,0.25,0.27573829529473187,0.23750603072283985,0.25,0.24997924325037932,0.24997924325037932,gradient_boosting,0.2,optimized_offpeak_growth,0.35,-0.4285714285714285
ST-002,2024-04-22 00:00:00,0.25,0.27573829529473187,0.24581178497033426,0.25,0.24976568749781627,0.24976568749781627,gradient_boosting,0.2,optimized_offpeak_growth,0.35,-0.4285714285714285
ST-013,2024-04-22 00:00:00,0.15847307945520833,0.27573829529473187,0.23118906526572505,0.17500790695551321,0.15437353991180522,0.15437353991180522,gradient_boosting,0.2,optimized_offpeak_growth,0.35,-0.4285714285714285
ST-017,2024-04-22 00:00:00,0.25,0.27573829529473187,0.23985884617543682,0.25,0.24997924325037932,0.24997924325037932,gradient_boosting,0.2,optimized_offpeak_growth,0.35,-0.4285714285714285
ST-014,2024-04-22 00:00:00,0.09759021755597222,0.27573829529473187,0.22950709017190415,0.14532170609097944,0.13076704857572413,0.13076704857572413,gradient_boosting,0.2,optimized_offpeak_growth,0.35,-0.4285714285714285
ST-012,2024-04-22 01:00:00,0.5,0.27337348067384115,0.4692729929453635,0.44159443002289356,0.4421868860587167,0.4421868860587167,gradient_boosting,0.4613,optimized_balanced_pricing,0.35,0.31800000000000006
ST-001,2024-04-22 01:00:00,0.25,0.27337348067384115,0.23885857937004898,0.25,0.25003712473553813,0.25003712473553813,gradient_boosting,0.2,optimized_offpeak_growth,0.35,-0.4285714285714285
ST-014,2024-04-22 02:00:00,0.25,0.2832746359622927,0.2364589425897646,0.25,0.2502110590079866,0.2502110590079866,gradient_boosting,0.2,optimized_offpeak_growth,0.35,-0.4285714285714285
ST-001,2024-04-22 02:00:00,0.5,0.2832746359622927,0.48041636262894394,0.48864798850913527,0.49220067343579454,0.49220067343579454,gradient_boosting,0.5685,optimized_balanced_pricing,0.35,0.6242857142857143
ST-017,2024-04-22 03:00:00,0.25,0.276154241944218,0.2327169095528845,0.2463865761249468,0.2444801618939978,0.2444801618939978,gradient_boosting,0.2,optimized_offpeak_growth,0.35,-0.4285714285714285
ST-007,2024-04-22 03:00:00,0.23144563023097223,0.276154241944218,0.23253595767715435,0.23868293297669943,0.23923945103209543,0.23923945103209543,gradient_boosting,0.2,optimized_offpeak_growth,0.35,-0.4285714285714285
ST-008,2024-04-22 03:00:00,0.25,0.276154241944218,0.24809277119499162,0.25,0.2506244665576761,0.2506244665576761,gradient_boosting,0.2,optimized_offpeak_growth,0.35,-0.4285714285714285
ST-016,2024-04-22 03:00:00,0.25,0.276154241944218,0.252854683899128,0.25,0.2502192726121035,0.2502192726121035,gradient_boosting,0.2,optimized_offpeak_growth,0.35,-0.4285714285714285
ST-002,2024-04-22 04:00:00,0.25,0.2934248038487123,0.23396235593081238,0.25,0.2502495979531665,0.2502495979531665,gradient_boosting,0.2,optimized_offpeak_growth,0.35,-0.4285714285714285
ST-006,2024-04-22 04:00:00,0.25,0.2934248038487123,0.24227388773630756,0.25,0.2502495979531665,0.2502495979531665,gradient_boosting,0.2,optimized_offpeak_growth,0.35,-0.4285714285714285
ST-001,2024-04-22 04:00:00,0.5,0.2934248038487123,0.48615558972436257,0.49717991838910963,0.4954163822288976,0.4954163822288976,gradient_boosting,0.5747,optimized_balanced_pricing,0.35,0.6420000000000001
ST-015,2024-04-22 04:00:00,0.25,0.2934248038487123,0.2764074581733344,0.25,0.2519680095708681,0.2519680095708681,gradient_boosting,0.2,optimized_offpeak_growth,0.35,-0.4285714285714285
ST-014,2024-04-22 04:00:00,0.25,0.2934248038487123,0.2349377560901972,0.25,0.2501628497401546,0.2501628497401546,gradient_boosting,0.2,optimized_offpeak_growth,0.35,-0.4285714285714285
ST-003,2024-04-22 04:00:00,0.25,0.2934248038487123,0.23649990015500238,0.25,0.2502495979531665,0.2502495979531665,gradient_boosting,0.2,optimized_offpeak_growth,0.35,-0.4285714285714285
ST-007,2024-04-22 04:00:00,0.25,0.2934248038487123,0.24082352830878026,0.25,0.24956328159059382,0.24956328159059382,gradient_boosting,0.2,optimized_offpeak_growth,0.35,-0.4285714285714285
ST-012,2024-04-22 05:00:00,0.25,0.3041504442095657,0.23943276509779954,0.25,0.2502495979531665,0.2502495979531665,gradient_boosting,0.2,optimized_offpeak_growth,0.35,-0.4285714285714285
ST-010,2024-04-22 05:00:00,0.25,0.3041504442095657,0.23474319436225946,0.25,0.2502495979531665,0.2502495979531665,gradient_boosting,0.2,optimized_offpeak_growth,0.35,-0.4285714285714285
ST-003,2024-04-22 05:00:00,0.25,0.3041504442095657,0.23699249046155033,0.25,0.2502495979531665,0.2502495979531665,gradient_boosting,0.2,optimized_offpeak_growth,0.35,-0.4285714285714285
ST-004,2024-04-22 06:00:00,0.25,0.2798366522620082,0.23334653333851385,0.25,0.2502495979531665,0.2502495979531665,gradient_boosting,0.2,optimized_offpeak_growth,0.35,-0.4285714285714285
ST-002,2024-04-22 06:00:00,0.5,0.2798366522620082,0.49069454568548987,0.49215498261154667,0.4950351962121718,0.4950351962121718,gradient_boosting,0.574,optimized_balanced_pricing,0.35,0.6399999999999999
ST-018,2024-04-22 06:00:00,0.5,0.2798366522620082,0.4830989484554299,0.4961809006114071,0.4941838597035564,0.4941838597035564,gradient_boosting,0.5723,optimized_balanced_pricing,0.35,0.6351428571428572
ST-014,2024-04-22 06:00:00,0.5,0.2798366522620082,0.4793193623062618,0.4960088341950156,0.4927981276276816,0.4927981276276816,gradient_boosting,0.5697,optimized_balanced_pricing,0.35,0.6277142857142857
ST-012,2024-04-22 06:00:00,0.25,0.2798366522620082,0.25251788473782,0.25,0.25013252439909167,0.25013252439909167,gradient_boosting,0.2,optimized_offpeak_growth,0.35,-0.4285714285714285
ST-006,2024-04-22 07:00:00,0.5,0.2753623188405797,0.4973711037361895,0.49999499057471014,0.5010445947123187,0.5010445947123187,gradient_boosting,0.5853,optimized_balanced_pricing,0.35,0.6722857142857146
ST-004,2024-04-22 07:00:00,0.25,0.2753623188405797,0.25189123153188764,0.25,0.2504490328515686,0.2504490328515686,gradient_boosting,0.2,optimized_offpeak_growth,0.35,-0.4285714285714285
ST-012,2024-04-22 07:00:00,0.25,0.2753623188405797,0.24485944551346286,0.25,0.25054209847679654,0.25054209847679654,gradient_boosting,0.2,optimized_offpeak_growth,0.35,-0.4285714285714285
ST-009,2024-04-22 07:00:00,0.25,0.2753623188405797,0.24577440439169082,0.25,0.24993621291501952,0.24993621291501952,gradient_boosting,0.2,optimized_offpeak_growth,0.35,-0.4285714285714285
ST-013,2024-04-22 07:00:00,0.25,0.2753623188405797,0.2503172560705498,0.25,0.25071079787196365,0.25071079787196365,gradient_boosting,0.2,optimized_offpeak_growth,0.35,-0.4285714285714285
ST-015,2024-04-22 07:00:00,0.25,0.2753623188405797,0.24118083491078146,0.25,0.25076922805200064,0.25076922805200064,gradient_boosting,0.2,optimized_offpeak_growth,0.35,-0.4285714285714285
ST-003,2024-04-22 07:00:00,0.5,0.2753623188405797,0.4820560179448781,0.4888945135904377,0.49212583089614476,0.49212583089614476,gradient_boosting,0.5684,optimized_balanced_pricing,0.35,0.6240000000000001
ST-002,2024-04-22 07:00:00,0.25,0.2753623188405797,0.255122464873916,0.25,0.2506089618499744,0.2506089618499744,gradient_boosting,0.2,optimized_offpeak_growth,0.35,-0.4285714285714285
ST-017,2024-04-22 08:00:00,0.5,0.296875,0.4963905411908759,0.4999663887679233,0.5006448189815198,0.5006448189815198,gradient_boosting,0.5845,optimized_balanced_pricing,0.35,0.6700000000000002
ST-013,2024-04-22 08:00:00,0.25,0.296875,0.24483595127266805,0.25,0.2505357810645804,0.2505357810645804,gradient_boosting,0.2,optimized_offpeak_growth,0.35,-0.4285714285714285
ST-016,2024-04-22 08:00:00,0.25,0.296875,0.24065057022961728,0.25,0.25045535026378474,0.25045535026378474,gradient_boosting,0.2,optimized_offpeak_growth,0.35,-0.4285714285714285
ST-008,2024-04-22 08:00:00,0.25,0.296875,0.24084563559210434,0.25,0.2503285427242335,0.2503285427242335,gradient_boosting,0.2,optimized_offpeak_growth,0.35,-0.4285714285714285
ST-006,2024-04-22 08:00:00,0.25,0.296875,0.24246983967572633,0.25,0.25054209847679654,0.25054209847679654,gradient_boosting,0.2,optimized_offpeak_growth,0.35,-0.4285714285714285
ST-018,2024-04-22 08:00:00,0.5,0.296875,0.48358532916988173,0.49901260263757397,0.4954748103518739,0.4954748103518739,gradient_boosting,0.5748,optimized_balanced_pricing,0.35,0.6422857142857143
ST-007,2024-04-22 08:00:00,0.25,0.296875,0.24093409090847373,0.25,0.2505357810645804,0.2505357810645804,gradient_boosting,0.2,optimized_offpeak_growth,0.35,-0.4285714285714285
ST-003,2024-04-22 08:00:00,0.25,0.296875,0.2500826372705487,0.25,0.2505357810645804,0.2505357810645804,gradient_boosting,0.2,optimized_offpeak_growth,0.35,-0.4285714285714285
ST-013,2024-04-22 09:00:00,0.25,0.3204225352112676,0.2600092304242622,0.25,0.25057231909669525,0.25057231909669525,gradient_boosting,0.2,optimized_offpeak_growth,0.35,-0.4285714285714285
ST-014,2024-04-22 09:00:00,0.25,0.3204225352112676,0.26673398480073096,0.25,0.2506876762361827,0.2506876762361827,gradient_boosting,0.2,optimized_offpeak_growth,0.35,-0.4285714285714285
ST-015,2024-04-22 09:00:00,0.25,0.3204225352112676,0.24897177077761343,0.25,0.2505357810645804,0.2505357810645804,gradient_boosting,0.2,optimized_offpeak_growth,0.35,-0.4285714285714285
ST-005,2024-04-22 09:00:00,0.25,0.3204225352112676,0.26544995451857567,0.25,0.2507681070369784,0.2507681070369784,gradient_boosting,0.2,optimized_offpeak_growth,0.35,-0.4285714285714285
ST-009,2024-04-22 09:00:00,0.25,0.3204225352112676,0.26766898052037524,0.25,0.2507681070369784,0.2507681070369784,gradient_boosting,0.2,optimized_offpeak_growth,0.35,-0.4285714285714285
ST-001,2024-04-22 10:00:00,0.25,0.28823529411764703,0.24239742583867602,0.25,0.2501023037791929,0.2501023037791929,gradient_boosting,0.2,optimized_offpeak_growth,0.35,-0.4285714285714285
ST-009,2024-04-22 10:00:00,0.5,0.28823529411764703,0.482690823993109,0.4994317643432445,0.4941901771157725,0.4941901771157725,gradient_boosting,0.5724,optimized_balanced_pricing,0.35,0.6354285714285717
ST-003,2024-04-22 10:00:00,0.25,0.28823529411764703,0.2549014211833507,0.25,0.2504489272429868,0.2504489272429868,gradient_boosting,0.2,optimized_offpeak_growth,0.35,-0.4285714285714285
ST-005,2024-04-22 10:00:00,0.25,0.28823529411764703,0.24339003901439138,0.25,0.25016916715237075,0.25016916715237075,gradient_boosting,0.2,optimized_offpeak_growth,0.35,-0.4285714285714285
ST-006,2024-04-22 10:00:00,0.25,0.28823529411764703,0.253374538724465,0.25,0.25013252439909167,0.25013252439909167,gradient_boosting,0.2,optimized_offpeak_growth,0.35,-0.4285714285714285
ST-017,2024-04-22 10:00:00,0.25,0.28823529411764703,0.26201002761410225,0.25,0.2505419928682147,0.2505419928682147,gradient_boosting,0.2,optimized_offpeak_growth,0.35,-0.4285714285714285
ST-002,2024-04-22 10:00:00,0.25,0.28823529411764703,0.2426496683158364,0.25,0.2501023037791929,0.2501023037791929,gradient_boosting,0.2,optimized_offpeak_growth,0.35,-0.4285714285714285
ST-011,2024-04-22 10:00:00,0.5,0.28823529411764703,0.49472583393632347,0.4991619483065876,0.4950351962121718,0.4950351962121718,gradient_boosting,0.574,optimized_balanced_pricing,0.35,0.6399999999999999
ST-012,2024-04-22 10:00:00,0.25,0.28823529411764703,0.24234915590523368,0.25,0.2502495979531665,0.2502495979531665,gradient_boosting,0.2,optimized_offpeak_growth,0.35,-0.4285714285714285
ST-013,2024-04-22 11:00:00,0.25,0.27591868192041547,0.23459728167906455,0.25,0.2502559153653826,0.2502559153653826,gradient_boosting,0.2,optimized_offpeak_growth,0.35,-0.4285714285714285
ST-009,2024-04-22 11:00:00,0.25,0.27591868192041547,0.24010970228489964,0.25,0.2500423596128195,0.2500423596128195,gradient_boosting,0.2,optimized_offpeak_growth,0.35,-0.4285714285714285
ST-006,2024-04-22 11:00:00,0.25,0.27591868192041547,0.2337927157602552,0.25,0.2502559153653826,0.2502559153653826,gradient_boosting,0.2,optimized_offpeak_growth,0.35,-0.4285714285714285
ST-005,2024-04-22 12:00:00,0.75,0.2884495075694147,0.714715576465583,0.7408738684606382,0.7239469095083311,0.7239469095083311,gradient_boosting,0.6,optimized_balanced_pricing,0.35,0.7142857142857144
ST-003,2024-04-22 12:00:00,0.20387124521500002,0.2884495075694147,0.23233925522258228,0.24851934839708428,0.24813368614830622,0.24813368614830622,gradient_boosting,0.2,optimized_offpeak_growth,0.35,-0.4285714285714285
ST-001,2024-04-22 12:00:00,0.25,0.2884495075694147,0.2414647295794266,0.25,0.2502495979531665,0.2502495979531665,gradient_boosting,0.2,optimized_offpeak_growth,0.35,-0.4285714285714285
ST-015,2024-04-22 12:00:00,0.5,0.2884495075694147,0.49252611343841524,0.4996529454763481,0.4950351962121718,0.4950351962121718,gradient_boosting,0.574,optimized_balanced_pricing,0.35,0.6399999999999999
ST-011,2024-04-22 12:00:00,0.25,0.2884495075694147,0.23706070670002147,0.25,0.250329433354397,0.250329433354397,gradient_boosting,0.2,optimized_offpeak_growth,0.35,-0.4285714285714285
ST-017,2024-04-22 13:00:00,0.25,0.3176116179937103,0.2550907363070508,0.25,0.2504552446552029,0.2504552446552029,gradient_boosting,0.2,optimized_offpeak_growth,0.35,-0.4285714285714285
ST-018,2024-04-22 13:00:00,0.25,0.3176116179937103,0.23330008903302696,0.19805852449071168,0.20847895742108938,0.20847895742108938,gradient_boosting,0.2,optimized_offpeak_growth,0.35,-0.4285714285714285
ST-001,2024-04-22 13:00:00,0.25,0.3176116179937103,0.23907475122822822,0.25,0.2499691788274255,0.2499691788274255,gradient_boosting,0.2,optimized_offpeak_growth,0.35,-0.4285714285714285
ST-016,2024-04-22 13:00:00,0.25,0.3176116179937103,0.23478328049916897,0.25,0.2500959863669768,0.2500959863669768,gradient_boosting,0.2,optimized_offpeak_growth,0.35,-0.4285714285714285
ST-009,2024-04-22 13:00:00,0.25,0.3176116179937103,0.2379601976837783,0.25,0.25018273457998863,0.25018273457998863,gradient_boosting,0.2,optimized_offpeak_growth,0.35,-0.4285714285714285
ST-005,2024-04-22 13:00:00,0.5,0.3176116179937103,0.4836172840945694,0.4977744477704554,0.49375704345591565,0.49375704345591565,gradient_boosting,0.5715,optimized_balanced_pricing,0.35,0.632857142857143
ST-007,2024-04-22 14:00:00,0.5,0.2655259127366482,0.4735463989721126,0.4830036464796659,0.4822962868692358,0.4822962868692358,gradient_boosting,0.5491,optimized_balanced_pricing,0.35,0.568857142857143
ST-006,2024-04-22 14:00:00,0.38902802931375,0.2655259127366482,0.4799380668384661,0.49821442828285684,0.49273126425450375,0.49273126425450375,gradient_boosting,0.5696,optimized_balanced_pricing,0.35,0.6274285714285714
ST-010,2024-04-22 14:00:00,0.25,0.2655259127366482,0.23925666096988435,0.25,0.25018273457998863,0.25018273457998863,gradient_boosting,0.2,optimized_offpeak_growth,0.35,-0.4285714285714285
ST-014,2024-04-22 14:00:00,0.5,0.2655259127366482,0.4859649665199113,0.499439889653493,0.4950415136243879,0.4950415136243879,gradient_boosting,0.574,optimized_balanced_pricing,0.35,0.6399999999999999
ST-018,2024-04-22 14:00:00,0.25,0.2655259127366482,0.2347078492263667,0.24505420995082983,0.2449382249322202,0.2449382249322202,gradient_boosting,0.2,optimized_offpeak_growth,0.35,-0.4285714285714285
ST-012,2024-04-22 14:00:00,0.25,0.2655259127366482,0.2360846127399352,0.25,0.25018273457998863,0.25018273457998863,gradient_boosting,0.2,optimized_offpeak_growth,0.35,-0.4285714285714285
ST-011,2024-04-22 14:00:00,0.25,0.2655259127366482,0.23471822582018487,0.24822128161756518,0.24939123598633653,0.24939123598633653,gradient_boosting,0.2,optimized_offpeak_growth,0.35,-0.4285714285714285
ST-014,2024-04-22 15:00:00,0.5,0.2857168034926774,0.5073812615761267,0.49947424222705633,0.4958795457702302,0.4958795457702302,gradient_boosting,0.5756,optimized_balanced_pricing,0.35,0.6445714285714286
ST-006,2024-04-22 15:00:00,0.25,0.2857168034926774,0.23579248436794992,0.25,0.25016916715237075,0.25016916715237075,gradient_boosting,0.2,optimized_offpeak_growth,0.35,-0.4285714285714285
ST-010,2024-04-22 15:00:00,0.25,0.2857168034926774,0.232666738095653,0.2163671070563139,0.22326488887610016,0.22326488887610016,gradient_boosting,0.2,optimized_offpeak_growth,0.35,-0.4285714285714285
ST-005,2024-04-22 15:00:00,0.5,0.2857168034926774,0.5019282942829867,0.4805267841082997,0.4952247286055891,0.4952247286055891,gradient_boosting,0.5743,optimized_balanced_pricing,0.35,0.640857142857143
ST-004,2024-04-22 15:00:00,0.25,0.2857168034926774,0.23517604072822565,0.25,0.2502495979531665,0.2502495979531665,gradient_boosting,0.2,optimized_offpeak_growth,0.35,-0.4285714285714285
ST-018,2024-04-22 15:00:00,0.25,0.2857168034926774,0.2461310674827773,0.25,0.25020214170614663,0.25020214170614663,gradient_boosting,0.2,optimized_offpeak_growth,0.35,-0.4285714285714285
ST-017,2024-04-22 15:00:00,0.25,0.2857168034926774,0.23257774410437393,0.2452818890428625,0.24439973109320212,0.24439973109320212,gradient_boosting,0.2,optimized_offpeak_growth,0.35,-0.4285714285714285
ST-002,2024-04-22 15:00:00,0.25,0.2857168034926774,0.24224445445342008,0.25,0.2502495979531665,0.2502495979531665,gradient_boosting,0.2,optimized_offpeak_growth,0.35,-0.4285714285714285
ST-013,2024-04-22 15:00:00,0.25,0.2857168034926774,0.23514534222726582,0.25,0.2502495979531665,0.2502495979531665,gradient_boosting,0.2,optimized_offpeak_growth,0.35,-0.4285714285714285
ST-004,2024-04-22 16:00:00,0.21139712033645836,0.27488229988827234,0.23261073532776966,0.1975708193043998,0.19853577214074172,0.19853577214074172,gradient_boosting,0.2,optimized_offpeak_growth,0.35,-0.4285714285714285
ST-008,2024-04-22 16:00:00,0.12704067996444443,0.27488229988827234,0.2318250179314817,0.18199350279036014,0.1752829379207624,0.1752829379207624,gradient_boosting,0.2,optimized_offpeak_growth,0.35,-0.4285714285714285
ST-016,2024-04-22 17:00:00,0.25,0.30303030303030304,0.24754235079760462,0.25,0.25060264443775826,0.25060264443775826,gradient_boosting,0.2,optimized_offpeak_growth,0.35,-0.4285714285714285
ST-003,2024-04-22 17:00:00,0.25,0.30303030303030304,0.2572641968569315,0.25,0.25064193640375027,0.25064193640375027,gradient_boosting,0.2,optimized_offpeak_growth,0.35,-0.4285714285714285
ST-012,2024-04-22 17:00:00,0.25,0.30303030303030304,0.25373262798928936,0.25,0.2503890886851952,0.2503890886851952,gradient_boosting,0.2,optimized_offpeak_growth,0.35,-0.4285714285714285
ST-001,2024-04-22 17:00:00,0.25,0.30303030303030304,0.24966745418906022,0.25,0.25051589622474646,0.25051589622474646,gradient_boosting,0.2,optimized_offpeak_growth,0.35,-0.4285714285714285
ST-009,2024-04-22 17:00:00,0.25,0.30303030303030304,0.24946686368057108,0.25,0.25051589622474646,0.25051589622474646,gradient_boosting,0.2,optimized_offpeak_growth,0.35,-0.4285714285714285
ST-004,2024-04-22 17:00:00,0.25,0.30303030303030304,0.24779339844069312,0.25,0.2506909130321297,0.2506909130321297,gradient_boosting,0.2,optimized_offpeak_growth,0.35,-0.4285714285714285
ST-017,2024-04-22 17:00:00,0.25,0.30303030303030304,0.2537205026869752,0.25,0.2504283806511872,0.2504283806511872,gradient_boosting,0.2,optimized_offpeak_growth,0.35,-0.4285714285714285
ST-015,2024-04-22 17:00:00,0.25,0.30303030303030304,0.263706272066954,0.25,0.2506876762361827,0.2506876762361827,gradient_boosting,0.2,optimized_offpeak_growth,0.35,-0.4285714285714285
ST-006,2024-04-22 17:00:00,0.5,0.30303030303030304,0.4774802052855608,0.46668410337800353,0.4744688407232048,0.4744688407232048,gradient_boosting,0.5331,optimized_balanced_pricing,0.35,0.5231428571428574
ST-010,2024-04-22 17:00:00,0.25,0.30303030303030304,0.24542247385360177,0.25,0.2507776612451415,0.2507776612451415,gradient_boosting,0.2,optimized_offpeak_growth,0.35,-0.4285714285714285
ST-009,2024-04-22 18:00:00,0.25,0.31333333333333335,0.2455537025349555,0.25,0.25051589622474646,0.25051589622474646,gradient_boosting,0.2,optimized_offpeak_growth,0.35,-0.4285714285714285
ST-011,2024-04-22 18:00:00,0.25,0.31333333333333335,0.2434379908872167,0.25,0.25060264443775826,0.25060264443775826,gradient_boosting,0.2,optimized_offpeak_growth,0.35,-0.4285714285714285
ST-010,2024-04-22 18:00:00,0.25,0.31333333333333335,0.23903693696423528,0.22819708489051438,0.23338335879274022,0.23338335879274022,gradient_boosting,0.2,optimized_offpeak_growth,0.35,-0.4285714285714285
ST-001,2024-04-22 18:00:00,0.25,0.31333333333333335,0.25213652391043073,0.25,0.25051589622474646,0.25051589622474646,gradient_boosting,0.2,optimized_offpeak_growth,0.35,-0.4285714285714285
ST-018,2024-04-22 18:00:00,0.25,0.31333333333333335,0.2512759670527907,0.25,0.25051589622474646,0.25051589622474646,gradient_boosting,0.2,optimized_offpeak_growth,0.35,-0.4285714285714285
ST-016,2024-04-22 18:00:00,0.25,0.31333333333333335,0.24518823099121712,0.25,0.2510676285714157,0.2510676285714157,gradient_boosting,0.2,optimized_offpeak_growth,0.35,-0.4285714285714285
ST-007,2024-04-22 19:00:00,0.25,0.284375,0.253328582556111,0.25,0.2503890886851952,0.2503890886851952,gradient_boosting,0.2,optimized_offpeak_growth,0.35,-0.4285714285714285
ST-013,2024-04-22 19:00:00,0.25,0.284375,0.24793708455923913,0.25,0.2510676285714157,0.2510676285714157,gradient_boosting,0.2,optimized_offpeak_growth,0.35,-0.4285714285714285
ST-003,2024-04-22 19:00:00,0.25,0.284375,0.251452467542855,0.25,0.2506089618499744,0.2506089618499744,gradient_boosting,0.2,optimized_offpeak_growth,0.35,-0.4285714285714285
ST-001,2024-04-22 19:00:00,0.25,0.284375,0.2849691078928275,0.25,0.2520254243444647,0.2520254243444647,gradient_boosting,0.2,optimized_offpeak_growth,0.35,-0.4285714285714285
ST-014,2024-04-22 19:00:00,0.25,0.284375,0.2449147225681631,0.25,0.2507493432121667,0.2507493432121667,gradient_boosting,0.2,optimized_offpeak_growth,0.35,-0.4285714285714285
ST-012,2024-04-22 20:00:00,0.25,0.3,0.25950179864346506,0.25,0.2503587633441322,0.2503587633441322,gradient_boosting,0.2,optimized_offpeak_growth,0.35,-0.4285714285714285
ST-003,2024-04-22 20:00:00,0.25,0.3,0.2464646782104091,0.25,0.25060264443775826,0.25060264443775826,gradient_boosting,0.2,optimized_offpeak_growth,0.35,-0.4285714285714285
ST-013,2024-04-22 20:00:00,0.5,0.3,0.48518478636257634,0.49977353550120945,0.49553535631283563,0.49553535631283563,gradient_boosting,0.5749,optimized_balanced_pricing,0.35,0.6425714285714286
ST-009,2024-04-22 20:00:00,0.25,0.3,0.24827935399568202,0.25,0.25060264443775826,0.25060264443775826,gradient_boosting,0.2,optimized_offpeak_growth,0.35,-0.4285714285714285
ST-017,2024-04-22 20:00:00,0.25,0.3,0.24655153714190653,0.25,0.25060264443775826,0.25060264443775826,gradient_boosting,0.2,optimized_offpeak_growth,0.35,-0.4285714285714285
ST-007,2024-04-22 21:00:00,0.25,0.35507246376811596,0.24740274190435246,0.25,0.2503890886851952,0.2503890886851952,gradient_boosting,0.2,optimized_offpeak_growth,0.35,-0.4285714285714285
ST-012,2024-04-22 21:00:00,0.25,0.35507246376811596,0.26960194802202053,0.25,0.2507744244491945,0.2507744244491945,gradient_boosting,0.2,optimized_offpeak_growth,0.35,-0.4285714285714285
ST-003,2024-04-22 22:00:00,0.25,0.2819523552688546,0.2411312524599511,0.25,0.25002947580476786,0.25002947580476786,gradient_boosting,0.2,optimized_offpeak_growth,0.35,-0.4285714285714285
ST-007,2024-04-22 22:00:00,0.25,0.2819523552688546,0.23382977908812524,0.2426479563729918,0.2442600397455993,0.2442600397455993,gradient_boosting,0.2,optimized_offpeak_growth,0.35,-0.4285714285714285
ST-004,2024-04-22 22:00:00,0.25,0.2819523552688546,0.24153298653164473,0.25,0.2501162240177797,0.2501162240177797,gradient_boosting,0.2,optimized_offpeak_growth,0.35,-0.4285714285714285
ST-002,2024-04-22 22:00:00,0.25,0.2819523552688546,0.2376901748035439,0.25,0.250787270906356,0.250787270906356,gradient_boosting,0.2,optimized_offpeak_growth,0.35,-0.4285714285714285
ST-015,2024-04-22 22:00:00,0.25,0.2819523552688546,0.2418545647693967,0.25,0.25016916715237075,0.25016916715237075,gradient_boosting,0.2,optimized_offpeak_growth,0.35,-0.4285714285714285
ST-013,2024-04-22 23:00:00,0.25,0.29128945080969365,0.24423451913394595,0.25,0.2501162240177797,0.2501162240177797,gradient_boosting,0.2,optimized_offpeak_growth,0.35,-0.4285714285714285
ST-004,2024-04-22 23:00:00,0.25,0.29128945080969365,0.2360654326819411,0.25,0.2501162240177797,0.2501162240177797,gradient_boosting,0.2,optimized_offpeak_growth,0.35,-0.4285714285714285
ST-017,2024-04-22 23:00:00,0.25,0.29128945080969365,0.2476762037198264,0.25,0.25002947580476786,0.25002947580476786,gradient_boosting,0.2,optimized_offpeak_growth,0.35,-0.4285714285714285
ST-002,2024-04-22 23:00:00,0.25,0.29128945080969365,0.2382272776516613,0.25,0.25002947580476786,0.25002947580476786,gradient_boosting,0.2,optimized_offpeak_growth,0.35,-0.4285714285714285
ST-006,2024-04-22 23:00:00,0.25,0.29128945080969365,0.2475066595095266,0.25,0.2501162240177797,0.2501162240177797,gradient_boosting,0.2,optimized_offpeak_growth,0.35,-0.4285714285714285
ST-007,2024-04-23 00:00:00,0.25,0.2653022111722725,0.23645319789129848,0.25,0.24937967510081854,0.24937967510081854,gradient_boosting,0.2,optimized_offpeak_growth,0.35,-0.4285714285714285
ST-010,2024-04-23 00:00:00,0.5,0.2653022111722725,0.47947678980895003,0.48677583161022264,0.49392320586963434,0.49392320586963434,gradient_boosting,0.5718,optimized_balanced_pricing,0.35,0.6337142857142857
ST-008,2024-04-23 00:00:00,0.25,0.2653022111722725,0.2347971572851778,0.25,0.2504384211805391,0.2504384211805391,gradient_boosting,0.2,optimized_offpeak_growth,0.35,-0.4285714285714285
ST-006,2024-04-23 00:00:00,0.25,0.2653022111722725,0.24645913698963648,0.25,0.24989249503736757,0.24989249503736757,gradient_boosting,0.2,optimized_offpeak_growth,0.35,-0.4285714285714285
ST-011,2024-04-23 00:00:00,0.25,0.2653022111722725,0.2390181010209889,0.25,0.24989249503736757,0.24989249503736757,gradient_boosting,0.2,optimized_offpeak_growth,0.35,-0.4285714285714285
ST-018,2024-04-23 01:00:00,0.25,0.26441837212194946,0.23848024523915312,0.25,0.25003712473553813,0.25003712473553813,gradient_boosting,0.2,optimized_offpeak_growth,0.35,-0.4285714285714285
ST-014,2024-04-23 01:00:00,0.25,0.26441837212194946,0.23825428927927345,0.25,0.2504119933400478,0.2504119933400478,gradient_boosting,0.2,optimized_offpeak_growth,0.35,-0.4285714285714285
ST-001,2024-04-23 01:00:00,0.25,0.26441837212194946,0.23282331051690028,0.25,0.24849780630834292,0.24849780630834292,gradient_boosting,0.2,optimized_offpeak_growth,0.35,-0.4285714285714285
ST-008,2024-04-23 01:00:00,0.19176450178069446,0.26441837212194946,0.23090355557699715,0.2196462488839569,0.22305241565847184,0.22305241565847184,gradient_boosting,0.2,optimized_offpeak_growth,0.35,-0.4285714285714285
ST-004,2024-04-23 02:00:00,0.25,0.2943453229989109,0.24158450425820943,0.25,0.2502495979531665,0.2502495979531665,gradient_boosting,0.2,optimized_offpeak_growth,0.35,-0.4285714285714285
ST-003,2024-04-23 02:00:00,0.25,0.2943453229989109,0.23405464448369728,0.25,0.2502495979531665,0.2502495979531665,gradient_boosting,0.2,optimized_offpeak_growth,0.35,-0.4285714285714285
ST-012,2024-04-23 02:00:00,0.25,0.2943453229989109,0.23639798103491982,0.25,0.2504830449405867,0.2504830449405867,gradient_boosting,0.2,optimized_offpeak_growth,0.35,-0.4285714285714285
ST-013,2024-04-23 02:00:00,0.25,0.2943453229989109,0.23928115306031428,0.25,0.2506244665576761,0.2506244665576761,gradient_boosting,0.2,optimized_offpeak_growth,0.35,-0.4285714285714285
ST-009,2024-04-23 02:00:00,0.25,0.2943453229989109,0.23655017709269066,0.25,0.2502495979531665,0.2502495979531665,gradient_boosting,0.2,optimized_offpeak_growth,0.35,-0.4285714285714285
ST-010,2024-04-23 02:00:00,0.25,0.2943453229989109,0.23238194974786425,0.24337456616899825,0.24429857780581463,0.24429857780581463,gradient_boosting,0.2,optimized_offpeak_growth,0.35,-0.4285714285714285
ST-012,2024-04-23 03:00:00,0.25,0.2708048672213488,0.24117661106583374,0.25,0.2502495979531665,0.2502495979531665,gradient_boosting,0.2,optimized_offpeak_growth,0.35,-0.4285714285714285
ST-017,2024-04-23 03:00:00,0.25,0.2708048672213488,0.24154958251578257,0.25,0.2501628497401546,0.2501628497401546,gradient_boosting,0.2,optimized_offpeak_growth,0.35,-0.4285714285714285
ST-006,2024-04-23 03:00:00,0.25,0.2708048672213488,0.24110502053113825,0.25,0.2502495979531665,0.2502495979531665,gradient_boosting,0.2,optimized_offpeak_growth,0.35,-0.4285714285714285
ST-008,2024-04-23 04:00:00,0.25,0.2982207641526057,0.24380622439967775,0.25,0.2504246147605497,0.2504246147605497,gradient_boosting,0.2,optimized_offpeak_growth,0.35,-0.4285714285714285
ST-003,2024-04-23 04:00:00,0.25,0.2982207641526057,0.23217711661081392,0.24858480833867094,0.2481273687360901,0.2481273687360901,gradient_boosting,0.2,optimized_offpeak_growth,0.35,-0.4285714285714285
ST-010,2024-04-23 04:00:00,0.5,0.2982207641526057,0.47701683543852125,0.48614319636108183,0.4883387392129996,0.4883387392129996,gradient_boosting,0.561,optimized_balanced_pricing,0.35,0.6028571428571432
ST-004,2024-04-23 05:00:00,0.185899551565,0.280799126569176,0.2309735746524016,0.19872607820522,0.20861127598743376,0.20861127598743376,gradient_boosting,0.2,optimized_offpeak_growth,0.35,-0.4285714285714285
ST-008,2024-04-23 05:00:00,0.25,0.280799126569176,0.23269135737608276,0.24907185557006847,0.24917768023377343,0.24917768023377343,gradient_boosting,0.2,optimized_offpeak_growth,0.35,-0.4285714285714285
ST-005,2024-04-23 05:00:00,0.25,0.280799126569176,0.24035032758712016,0.25,0.250329433354397,0.250329433354397,gradient_boosting,0.2,optimized_offpeak_growth,0.35,-0.4285714285714285
ST-017,2024-04-23 05:00:00,0.25,0.280799126569176,0.2434542035256134,0.25,0.2499691788274255,0.2499691788274255,gradient_boosting,0.2,optimized_offpeak_growth,0.35,-0.4285714285714285
ST-015,2024-04-23 06:00:00,0.25,0.26001262425126426,0.23643752825427408,0.25,0.2502495979531665,0.2502495979531665,gradient_boosting,0.2,optimized_offpeak_growth,0.35,-0.4285714285714285
ST-005,2024-04-23 06:00:00,0.25,0.26001262425126426,0.2511797344789695,0.25,0.2502192726121035,0.2502192726121035,gradient_boosting,0.2,optimized_offpeak_growth,0.35,-0.4285714285714285
ST-003,2024-04-23 06:00:00,0.25,0.26001262425126426,0.2343827558634025,0.25,0.2506637585236681,0.2506637585236681,gradient_boosting,0.2,optimized_offpeak_growth,0.35,-0.4285714285714285
ST-007,2024-04-23 06:00:00,0.44300427633249995,0.26001262425126426,0.4721458749774307,0.47602112306813293,0.4699728024793617,0.4699728024793617,gradient_boosting,0.5237,optimized_balanced_pricing,0.35,0.49628571428571444
ST-016,2024-04-23 06:00:00,0.25,0.26001262425126426,0.23572104072272002,0.25,0.2500360422006034,0.2500360422006034,gradient_boosting,0.2,optimized_offpeak_growth,0.35,-0.4285714285714285
ST-006,2024-04-23 07:00:00,0.5,0.2916666666666667,0.4904525201316181,0.4999939543434495,0.5000883611630874,0.5000883611630874,gradient_boosting,0.5835,optimized_balanced_pricing,0.35,0.6671428571428573
ST-015,2024-04-23 07:00:00,0.25,0.2916666666666667,0.2494801085305341,0.25,0.25082815638198613,0.25082815638198613,gradient_boosting,0.2,optimized_offpeak_growth,0.35,-0.4285714285714285
ST-017,2024-04-23 07:00:00,0.25,0.2916666666666667,0.24855370066143195,0.25,0.2504490328515686,0.2504490328515686,gradient_boosting,0.2,optimized_offpeak_growth,0.35,-0.4285714285714285
ST-005,2024-04-23 07:00:00,0.5,0.2916666666666667,0.4988173804178848,0.49990706914282795,0.5008254001803071,0.5008254001803071,gradient_boosting,0.5849,optimized_balanced_pricing,0.35,0.6711428571428573
ST-004,2024-04-23 07:00:00,0.25,0.2916666666666667,0.24716363147726422,0.25,0.2507776612451415,0.2507776612451415,gradient_boosting,0.2,optimized_offpeak_growth,0.35,-0.4285714285714285
ST-016,2024-04-23 07:00:00,0.25,0.2916666666666667,0.24986825668703375,0.25,0.2505357810645804,0.2505357810645804,gradient_boosting,0.2,optimized_offpeak_growth,0.35,-0.4285714285714285
ST-003,2024-04-23 08:00:00,0.5,0.29819277108433734,0.4966069497952208,0.4999663887679233,0.5008190827680908,0.5008190827680908,gradient_boosting,0.5849,optimized_balanced_pricing,0.35,0.6711428571428573
ST-001,2024-04-23 08:00:00,0.5,0.29819277108433734,0.5075682511260412,0.4999714027993241,0.5010022977492918,0.5010022977492918,gradient_boosting,0.5852,optimized_balanced_pricing,0.35,0.6720000000000002
ST-007,2024-04-23 08:00:00,0.25,0.29819277108433734,0.2444965811762301,0.25,0.2504490328515686,0.2504490328515686,gradient_boosting,0.2,optimized_offpeak_growth,0.35,-0.4285714285714285
ST-011,2024-04-23 08:00:00,0.25,0.29819277108433734,0.2487223488526068,0.25,0.25100076519823783,0.25100076519823783,gradient_boosting,0.2,optimized_offpeak_growth,0.35,-0.4285714285714285
ST-010,2024-04-23 08:00:00,0.5,0.29819277108433734,0.49923509443847747,0.49998685371755786,0.5007323345550792,0.5007323345550792,gradient_boosting,0.5847,optimized_balanced_pricing,0.35,0.6705714285714286
ST-016,2024-04-23 09:00:00,0.25,0.30625,0.23983928063986137,0.24824113750676174,0.2502213057031616,0.2502213057031616,gradient_boosting,0.2,optimized_offpeak_growth,0.35,-0.4285714285714285
ST-017,2024-04-23 09:00:00,0.25,0.30625,0.2566316099410692,0.25,0.2504490328515686,0.2504490328515686,gradient_boosting,0.2,optimized_offpeak_growth,0.35,-0.4285714285714285
ST-018,2024-04-23 09:00:00,0.25,0.30625,0.28317459179874405,0.25,0.2520254243444647,0.2520254243444647,gradient_boosting,0.2,optimized_offpeak_growth,0.35,-0.4285714285714285
ST-002,2024-04-23 09:00:00,0.5,0.30625,0.5038787728361941,0.4999714027993241,0.5008190827680908,0.5008190827680908,gradient_boosting,0.5849,optimized_balanced_pricing,0.35,0.6711428571428573
ST-012,2024-04-23 09:00:00,0.25,0.30625,0.24678624975217067,0.25,0.2504490328515686,0.2504490328515686,gradient_boosting,0.2,optimized_offpeak_growth,0.35,-0.4285714285714285
ST-008,2024-04-23 10:00:00,0.25,0.3082191780821918,0.24521490672585938,0.25,0.2500959863669768,0.2500959863669768,gradient_boosting,0.2,optimized_offpeak_growth,0.35,-0.4285714285714285
ST-012,2024-04-23 10:00:00,0.25,0.3082191780821918,0.23876331064537198,0.25,0.25018273457998863,0.25018273457998863,gradient_boosting,0.2,optimized_offpeak_growth,0.35,-0.4285714285714285
ST-010,2024-04-23 10:00:00,0.5,0.3082191780821918,0.4852864682172516,0.49523390062137523,0.4949547654113761,0.4949547654113761,gradient_boosting,0.5738,optimized_balanced_pricing,0.35,0.6394285714285715
ST-003,2024-04-23 11:00:00,0.25,0.29332170139356833,0.2474823340005779,0.25,0.25018905199220476,0.25018905199220476,gradient_boosting,0.2,optimized_offpeak_growth,0.35,-0.4285714285714285
ST-014,2024-04-23 11:00:00,0.25,0.29332170139356833,0.23704811221088104,0.25,0.25018273457998863,0.25018273457998863,gradient_boosting,0.2,optimized_offpeak_growth,0.35,-0.4285714285714285
ST-008,2024-04-23 11:00:00,0.25,0.29332170139356833,0.23947741770591305,0.25,0.25018273457998863,0.25018273457998863,gradient_boosting,0.2,optimized_offpeak_growth,0.35,-0.4285714285714285
ST-007,2024-04-23 12:00:00,0.25,0.2834792068456448,0.2381306113344247,0.25,0.2500959863669768,0.2500959863669768,gradient_boosting,0.2,optimized_offpeak_growth,0.35,-0.4285714285714285
ST-008,2024-04-23 12:00:00,0.25,0.2834792068456448,0.24626232547380617,0.25,0.25018273457998863,0.25018273457998863,gradient_boosting,0.2,optimized_offpeak_growth,0.35,-0.4285714285714285
ST-013,2024-04-23 12:00:00,0.25,0.2834792068456448,0.23268351290270153,0.24532466332522165,0.24385052841591096,0.24385052841591096,gradient_boosting,0.2,optimized_offpeak_growth,0.35,-0.4285714285714285
ST-005,2024-04-23 12:00:00,0.25,0.2834792068456448,0.24796791363281306,0.25,0.2501023037791929,0.2501023037791929,gradient_boosting,0.2,optimized_offpeak_growth,0.35,-0.4285714285714285
ST-018,2024-04-23 12:00:00,0.25,0.2834792068456448,0.23326284614445836,0.25,0.25020262581484576,0.25020262581484576,gradient_boosting,0.2,optimized_offpeak_growth,0.35,-0.4285714285714285
ST-001,2024-04-23 12:00:00,0.25,0.2834792068456448,0.24283960629227472,0.25,0.25041618156740886,0.25041618156740886,gradient_boosting,0.2,optimized_offpeak_growth,0.35,-0.4285714285714285
ST-010,2024-04-23 13:00:00,0.25,0.27985888636676504,0.24084557086794722,0.25,0.2502559153653826,0.2502559153653826,gradient_boosting,0.2,optimized_offpeak_growth,0.35,-0.4285714285714285
ST-008,2024-04-23 13:00:00,0.25,0.27985888636676504,0.23832828436097195,0.25,0.2500360422006034,0.2500360422006034,gradient_boosting,0.2,optimized_offpeak_growth,0.35,-0.4285714285714285
ST-015,2024-04-23 13:00:00,0.25,0.27985888636676504,0.24306807685661586,0.25,0.2506244665576761,0.2506244665576761,gradient_boosting,0.2,optimized_offpeak_growth,0.35,-0.4285714285714285
ST-018,2024-04-23 14:00:00,0.5,0.31079798871116765,0.4788454305635951,0.49586085604756186,0.48872475160999734,0.48872475160999734,gradient_boosting,0.5618,optimized_balanced_pricing,0.35,0.6051428571428572
ST-002,2024-04-23 14:00:00,0.5,0.31079798871116765,0.49561778287940617,0.4994588407789363,0.495268643199592,0.495268643199592,gradient_boosting,0.5744,optimized_balanced_pricing,0.35,0.6411428571428572
ST-007,2024-04-23 14:00:00,0.25,0.31079798871116765,0.233464102865786,0.24506833681341966,0.2444801618939978,0.2444801618939978,gradient_boosting,0.2,optimized_offpeak_growth,0.35,-0.4285714285714285
ST-014,2024-04-23 14:00:00,0.19600161422423612,0.31079798871116765,0.2320305862747876,0.22295585833421905,0.221385467099189,0.221385467099189,gradient_boosting,0.2,optimized_offpeak_growth,0.35,-0.4285714285714285
ST-002,2024-04-23 15:00:00,0.25,0.28059413250373755,0.24321984704556093,0.25,0.2504830449405867,0.2504830449405867,gradient_boosting,0.2,optimized_offpeak_growth,0.35,-0.4285714285714285
ST-009,2024-04-23 15:00:00,0.5,0.28059413250373755,0.48731011312423755,0.4993056400348953,0.4950351962121718,0.4950351962121718,gradient_boosting,0.574,optimized_balanced_pricing,0.35,0.6399999999999999
ST-008,2024-04-23 15:00:00,0.25,0.28059413250373755,0.23270709720360996,0.23871638808377352,0.23914706910291259,0.23914706910291259,gradient_boosting,0.2,optimized_offpeak_growth,0.35,-0.4285714285714285
ST-004,2024-04-23 16:00:00,0.25,0.2679363047014644,0.2343521781653886,0.25,0.2501628497401546,0.2501628497401546,gradient_boosting,0.2,optimized_offpeak_growth,0.35,-0.4285714285714285
ST-009,2024-04-23 16:00:00,0.25,0.2679363047014644,0.24491692251957617,0.25,0.25016916715237075,0.25016916715237075,gradient_boosting,0.2,optimized_offpeak_growth,0.35,-0.4285714285714285
ST-010,2024-04-23 16:00:00,0.25,0.2679363047014644,0.2413664408893852,0.25,0.2502495979531665,0.2502495979531665,gradient_boosting,0.2,optimized_offpeak_growth,0.35,-0.4285714285714285
ST-015,2024-04-23 16:00:00,0.25,0.2679363047014644,0.24975000217988613,0.25,0.2502495979531665,0.2502495979531665,gradient_boosting,0.2,optimized_offpeak_growth,0.35,-0.4285714285714285
ST-001,2024-04-23 16:00:00,0.5,0.2679363047014644,0.5008026425411083,0.49808440253745356,0.49521841119337295,0.49521841119337295,gradient_boosting,0.5743,optimized_balanced_pricing,0.35,0.640857142857143
ST-017,2024-04-23 16:00:00,0.5,0.2679363047014644,0.47842151985261283,0.48992315346333104,0.4888578765617647,0.4888578765617647,gradient_boosting,0.5621,optimized_balanced_pricing,0.35,0.6060000000000003
ST-017,2024-04-23 17:00:00,0.25,0.2864583333333333,0.2637547570282342,0.25,0.2507681070369784,0.2507681070369784,gradient_boosting,0.2,optimized_offpeak_growth,0.35,-0.4285714285714285
ST-014,2024-04-23 17:00:00,0.5,0.2864583333333333,0.49106607119851176,0.49745108124071635,0.5021792294929246,0.5021792294929246,gradient_boosting,0.5874,optimized_balanced_pricing,0.35,0.6782857142857144
ST-003,2024-04-23 17:00:00,0.25,0.2864583333333333,0.24320575974155512,0.25,0.2506089618499744,0.2506089618499744,gradient_boosting,0.2,optimized_offpeak_growth,0.35,-0.4285714285714285
ST-005,2024-04-23 17:00:00,0.25,0.2864583333333333,0.2579113825417594,0.25,0.25039540609741134,0.25039540609741134,gradient_boosting,0.2,optimized_offpeak_growth,0.35,-0.4285714285714285
ST-001,2024-04-23 18:00:00,0.5,0.2808219178082192,0.5037212116458395,0.499899982427351,0.5010525297555112,0.5010525297555112,gradient_boosting,0.5853,optimized_balanced_pricing,0.35,0.6722857142857146
ST-015,2024-04-23 18:00:00,0.25,0.2808219178082192,0.25796662516846003,0.25,0.25080414845313925,0.25080414845313925,gradient_boosting,0.2,optimized_offpeak_growth,0.35,-0.4285714285714285
ST-018,2024-04-23 18:00:00,0.5,0.2808219178082192,0.5154661476253541,0.4999871786446032,0.5022707963461212,0.5022707963461212,gradient_boosting,0.5876,optimized_balanced_pricing,0.35,0.678857142857143
ST-005,2024-04-23 18:00:00,0.25,0.2808219178082192,0.2508699871696528,0.25,0.25083447379420226,0.25083447379420226,gradient_boosting,0.2,optimized_offpeak_growth,0.35,-0.4285714285714285
ST-010,2024-04-23 19:00:00,0.25,0.2711267605633803,0.2516227288699518,0.25,0.25060264443775826,0.25060264443775826,gradient_boosting,0.2,optimized_offpeak_growth,0.35,-0.4285714285714285
ST-005,2024-04-23 19:00:00,0.25,0.2711267605633803,0.24431372347901958,0.25,0.25082815638198613,0.25082815638198613,gradient_boosting,0.2,optimized_offpeak_growth,0.35,-0.4285714285714285
ST-012,2024-04-23 19:00:00,0.25,0.2711267605633803,0.2509745423382119,0.25,0.2503890886851952,0.2503890886851952,gradient_boosting,0.2,optimized_offpeak_growth,0.35,-0.4285714285714285
ST-018,2024-04-23 19:00:00,0.25,0.2711267605633803,0.24948636216825765,0.25,0.2507493432121667,0.2507493432121667,gradient_boosting,0.2,optimized_offpeak_growth,0.35,-0.4285714285714285
ST-004,2024-04-23 20:00:00,1.0,0.3029411764705882,0.9944712434649041,0.956134075180392,0.9886549342298395,0.9886549342298395,gradient_boosting,0.6,optimized_peak_management,0.35,0.7142857142857144
ST-003,2024-04-23 20:00:00,0.25,0.3029411764705882,0.2697481840656223,0.25,0.2506813588239666,0.2506813588239666,gradient_boosting,0.2,optimized_offpeak_growth,0.35,-0.4285714285714285
ST-005,2024-04-23 20:00:00,0.25,0.3029411764705882,0.24224468627912604,0.25,0.2505357810645804,0.2505357810645804,gradient_boosting,0.2,optimized_offpeak_growth,0.35,-0.4285714285714285
ST-007,2024-04-23 20:00:00,0.5,0.3029411764705882,0.49661008790755184,0.4999738004104456,0.5007716265210711,0.5007716265210711,gradient_boosting,0.5848,optimized_balanced_pricing,0.35,0.6708571428571428
ST-010,2024-04-23 20:00:00,0.25,0.3029411764705882,0.24603192530308668,0.25,0.25051589622474646,0.25051589622474646,gradient_boosting,0.2,optimized_offpeak_growth,0.35,-0.4285714285714285
ST-016,2024-04-23 20:00:00,0.5,0.3029411764705882,0.5022309274056505,0.4999738004104456,0.5008190827680908,0.5008190827680908,gradient_boosting,0.5849,optimized_balanced_pricing,0.35,0.6711428571428573
ST-013,2024-04-23 20:00:00,0.25,0.3029411764705882,0.255256319489844,0.25,0.25000307628819735,0.25000307628819735,gradient_boosting,0.2,optimized_offpeak_growth,0.35,-0.4285714285714285
ST-014,2024-04-23 20:00:00,0.25,0.3029411764705882,0.24488891558396114,0.25,0.2506089618499744,0.2506089618499744,gradient_boosting,0.2,optimized_offpeak_growth,0.35,-0.4285714285714285
ST-002,2024-04-23 20:00:00,0.25,0.3029411764705882,0.2436524518915519,0.25,0.25060264443775826,0.25060264443775826,gradient_boosting,0.2,optimized_offpeak_growth,0.35,-0.4285714285714285
ST-007,2024-04-23 21:00:00,0.25,0.2846153846153846,0.27366757037026945,0.25,0.2508708912173839,0.2508708912173839,gradient_boosting,0.2,optimized_offpeak_growth,0.35,-0.4285714285714285
ST-018,2024-04-23 21:00:00,0.25,0.2846153846153846,0.24560158147025205,0.25,0.25051589622474646,0.25051589622474646,gradient_boosting,0.2,optimized_offpeak_growth,0.35,-0.4285714285714285
ST-004,2024-04-23 21:00:00,0.25,0.2846153846153846,0.24208149803435958,0.25,0.2502013106727773,0.2502013106727773,gradient_boosting,0.2,optimized_offpeak_growth,0.35,-0.4285714285714285
ST-015,2024-04-23 21:00:00,0.25,0.2846153846153846,0.25924901114749876,0.25,0.25036508075634833,0.25036508075634833,gradient_boosting,0.2,optimized_offpeak_growth,0.35,-0.4285714285714285
ST-012,2024-04-23 21:00:00,0.5,0.2846153846153846,0.4907997945952718,0.4999680065693047,0.5000883611630874,0.5000883611630874,gradient_boosting,0.5835,optimized_balanced_pricing,0.35,0.6671428571428573
ST-003,2024-04-23 22:00:00,0.25,0.29512511025143323,0.23788059007070722,0.25,0.25016916715237075,0.25016916715237075,gradient_boosting,0.2,optimized_offpeak_growth,0.35,-0.4285714285714285
ST-016,2024-04-23 22:00:00,0.25,0.29512511025143323,0.23388260078859277,0.24841448058876248,0.2494644167717305,0.2494644167717305,gradient_boosting,0.2,optimized_offpeak_growth,0.35,-0.4285714285714285
ST-005,2024-04-23 22:00:00,0.25,0.29512511025143323,0.2355432895759913,0.25,0.25002947580476786,0.25002947580476786,gradient_boosting,0.2,optimized_offpeak_growth,0.35,-0.4285714285714285
ST-017,2024-04-23 22:00:00,0.25,0.29512511025143323,0.24484276402482116,0.25,0.2502559153653826,0.2502559153653826,gradient_boosting,0.2,optimized_offpeak_growth,0.35,-0.4285714285714285
ST-011,2024-04-23 22:00:00,0.25,0.29512511025143323,0.2473491231091386,0.25,0.24990266826521665,0.24990266826521665,gradient_boosting,0.2,optimized_offpeak_growth,0.35,-0.4285714285714285
ST-016,2024-04-23 23:00:00,0.25,0.26021282049464345,0.2438955204168998,0.25,0.2501162240177797,0.2501162240177797,gradient_boosting,0.2,optimized_offpeak_growth,0.35,-0.4285714285714285
ST-013,2024-04-23 23:00:00,0.25,0.26021282049464345,0.24246192507599507,0.25,0.2501162240177797,0.2501162240177797,gradient_boosting,0.2,optimized_offpeak_growth,0.35,-0.4285714285714285
ST-011,2024-04-23 23:00:00,0.25,0.26021282049464345,0.23686118641584006,0.25,0.24990266826521665,0.24990266826521665,gradient_boosting,0.2,optimized_offpeak_growth,0.35,-0.4285714285714285
ST-015,2024-04-23 23:00:00,0.25,0.26021282049464345,0.24957215084452883,0.25,0.25016916715237075,0.25016916715237075,gradient_boosting,0.2,optimized_offpeak_growth,0.35,-0.4285714285714285
ST-014,2024-04-23 23:00:00,0.25,0.26021282049464345,0.24199205308605956,0.25,0.2501162240177797,0.2501162240177797,gradient_boosting,0.2,optimized_offpeak_growth,0.35,-0.4285714285714285
ST-008,2024-04-23 23:00:00,0.25,0.26021282049464345,0.2378271690369232,0.25,0.24970931904685323,0.24970931904685323,gradient_boosting,0.2,optimized_offpeak_growth,0.35,-0.4285714285714285
ST-003,2024-04-24 00:00:00,0.5,0.27167488288439784,0.5079840200875146,0.49006128257287906,0.49500054284074274,0.49500054284074274,gradient_boosting,0.5739,optimized_balanced_pricing,0.35,0.6397142857142857
ST-009,2024-04-24 00:00:00,0.25,0.27167488288439784,0.23559681294517137,0.25,0.24989249503736757,0.24989249503736757,gradient_boosting,0.2,optimized_offpeak_growth,0.35,-0.4285714285714285
ST-010,2024-04-24 00:00:00,0.25,0.27167488288439784,0.23178703600597014,0.23552428548383533,0.23866198955239143,0.23866198955239143,gradient_boosting,0.2,optimized_offpeak_growth,0.35,-0.4285714285714285
ST-008,2024-04-24 00:00:00,0.25,0.27167488288439784,0.23750759823847853,0.25,0.24997924325037932,0.24997924325037932,gradient_boosting,0.2,optimized_offpeak_growth,0.35,-0.4285714285714285
ST-001,2024-04-24 00:00:00,0.25,0.27167488288439784,0.23438564620179503,0.25,0.2499991344852365,0.2499991344852365,gradient_boosting,0.2,optimized_offpeak_growth,0.35,-0.4285714285714285
ST-009,2024-04-24 01:00:00,0.25,0.2810971330324249,0.23913833404655976,0.25,0.25003712473553813,0.25003712473553813,gradient_boosting,0.2,optimized_offpeak_growth,0.35,-0.4285714285714285
ST-004,2024-04-24 01:00:00,0.21432891541548613,0.2810971330324249,0.23172613665929379,0.19500198750661515,0.20944619252045482,0.20944619252045482,gradient_boosting,0.2,optimized_offpeak_growth,0.35,-0.4285714285714285
ST-010,2024-04-24 01:00:00,0.25,0.2810971330324249,0.2530096859624743,0.25,0.2509204167053321,0.2509204167053321,gradient_boosting,0.2,optimized_offpeak_growth,0.35,-0.4285714285714285
ST-006,2024-04-24 01:00:00,0.25,0.2810971330324249,0.23071610739636753,0.21983603332018942,0.22214915698782942,0.22214915698782942,gradient_boosting,0.2,optimized_offpeak_growth,0.35,-0.4285714285714285
ST-002,2024-04-24 01:00:00,0.5,0.2810971330324249,0.4731883484232566,0.4603543918454676,0.48145524163968784,0.48145524163968784,gradient_boosting,0.5474,optimized_balanced_pricing,0.35,0.5640000000000001
ST-011,2024-04-24 02:00:00,0.4099223383156944,0.27563401498196693,0.47138087873270107,0.46304683922486833,0.4693753482874746,0.4693753482874746,gradient_boosting,0.5224,optimized_balanced_pricing,0.35,0.49257142857142866
ST-004,2024-04-24 03:00:00,0.25,0.27588028509039003,0.23746346812855865,0.25,0.2504246147605497,0.2504246147605497,gradient_boosting,0.2,optimized_offpeak_growth,0.35,-0.4285714285714285
ST-012,2024-04-24 03:00:00,0.25,0.27588028509039003,0.23382121473893172,0.25,0.25016916715237075,0.25016916715237075,gradient_boosting,0.2,optimized_offpeak_growth,0.35,-0.4285714285714285
ST-015,2024-04-24 03:00:00,0.25,0.27588028509039003,0.23789850931958428,0.25,0.2502559153653826,0.2502559153653826,gradient_boosting,0.2,optimized_offpeak_growth,0.35,-0.4285714285714285
ST-009,2024-04-24 03:00:00,0.25,0.27588028509039003,0.23422119240814732,0.25,0.2501628497401546,0.2501628497401546,gradient_boosting,0.2,optimized_offpeak_growth,0.35,-0.4285714285714285
ST-001,2024-04-24 03:00:00,0.25,0.27588028509039003,0.235246354783575,0.25,0.2501628497401546,0.2501628497401546,gradient_boosting,0.2,optimized_offpeak_growth,0.35,-0.4285714285714285
ST-001,2024-04-24 04:00:00,0.5,0.2849889985175625,0.4967142168235896,0.49897072562609496,0.4950351962121718,0.4950351962121718,gradient_boosting,0.574,optimized_balanced_pricing,0.35,0.6399999999999999
ST-005,2024-04-24 04:00:00,0.25,0.2849889985175625,0.23210647212946234,0.24436966859513848,0.2437038360365257,0.2437038360365257,gradient_boosting,0.2,optimized_offpeak_growth,0.35,-0.4285714285714285
ST-016,2024-04-24 04:00:00,0.09200896848472223,0.2849889985175625,0.2293858149481308,0.15132636103242728,0.1505565497206042,0.1505565497206042,gradient_boosting,0.2,optimized_offpeak_growth,0.35,-0.4285714285714285
ST-007,2024-04-24 04:00:00,0.25,0.2849889985175625,0.2295314878752005,0.21423860614490986,0.210916928773501,0.210916928773501,gradient_boosting,0.2,optimized_offpeak_growth,0.35,-0.4285714285714285
ST-004,2024-04-24 05:00:00,0.25,0.27224224844295697,0.2367193807544253,0.25,0.2502495979531665,0.2502495979531665,gradient_boosting,0.2,optimized_offpeak_growth,0.35,-0.4285714285714285
ST-011,2024-04-24 05:00:00,0.25,0.27224224844295697,0.23774119702457658,0.25,0.2501628497401546,0.2501628497401546,gradient_boosting,0.2,optimized_offpeak_growth,0.35,-0.4285714285714285
ST-018,2024-04-24 05:00:00,0.25,0.27224224844295697,0.2538371044685799,0.25,0.2504489272429868,0.2504489272429868,gradient_boosting,0.2,optimized_offpeak_growth,0.35,-0.4285714285714285
ST-017,2024-04-24 05:00:00,0.23959158210972223,0.27224224844295697,0.2312043563389596,0.2403719512567775,0.23856143491939028,0.23856143491939028,gradient_boosting,0.2,optimized_offpeak_growth,0.35,-0.4285714285714285
ST-014,2024-04-24 05:00:00,0.2436832738929861,0.27224224844295697,0.233136493006784,0.25,0.2502495979531665,0.2502495979531665,gradient_boosting,0.2,optimized_offpeak_growth,0.35,-0.4285714285714285
ST-007,2024-04-24 05:00:00,0.5,0.27224224844295697,0.4807804486319879,0.49706748914484283,0.49590845774671466,0.49590845774671466,gradient_boosting,0.5756,optimized_balanced_pricing,0.35,0.6445714285714286
ST-006,2024-04-24 06:00:00,0.25,0.2738025777322039,0.24015627447969393,0.25,0.2502110590079866,0.2502110590079866,gradient_boosting,0.2,optimized_offpeak_growth,0.35,-0.4285714285714285
ST-011,2024-04-24 06:00:00,0.25,0.2738025777322039,0.25181429240509706,0.25,0.2502192726121035,0.2502192726121035,gradient_boosting,0.2,optimized_offpeak_growth,0.35,-0.4285714285714285
ST-004,2024-04-24 06:00:00,0.25,0.2738025777322039,0.2487127821525251,0.25,0.2502495979531665,0.2502495979531665,gradient_boosting,0.2,optimized_offpeak_growth,0.35,-0.4285714285714285
ST-005,2024-04-24 06:00:00,0.25,0.2738025777322039,0.23337961360421883,0.24984367981733854,0.24877178299694175,0.24877178299694175,gradient_boosting,0.2,optimized_offpeak_growth,0.35,-0.4285714285714285
ST-001,2024-04-24 06:00:00,0.25,0.2738025777322039,0.23418016529047345,0.25,0.2504830449405867,0.2504830449405867,gradient_boosting,0.2,optimized_offpeak_growth,0.35,-0.4285714285714285
ST-014,2024-04-24 06:00:00,0.5,0.2738025777322039,0.4744275946286668,0.47104799044228834,0.4855287819458695,0.4855287819458695,gradient_boosting,0.5555,optimized_balanced_pricing,0.35,0.5871428571428572
ST-003,2024-04-24 07:00:00,0.5,0.2873134328358209,0.4962633063080609,0.4999036101912314,0.5008389740029482,0.5008389740029482,gradient_boosting,0.5849,optimized_balanced_pricing,0.35,0.6711428571428573
ST-011,2024-04-24 07:00:00,0.25,0.2873134328358209,0.24479356032060418,0.25,0.2506089618499744,0.2506089618499744,gradient_boosting,0.2,optimized_offpeak_growth,0.35,-0.4285714285714285
ST-017,2024-04-24 07:00:00,0.25,0.2873134328358209,0.24588965994456763,0.25,0.2504092952193948,0.2504092952193948,gradient_boosting,0.2,optimized_offpeak_growth,0.35,-0.4285714285714285
ST-016,2024-04-24 08:00:00,0.5,0.29577464788732394,0.515191267833681,0.49994610792374333,0.5043616646759583,0.5043616646759583,gradient_boosting,0.5914,optimized_balanced_pricing,0.35,0.689714285714286
ST-002,2024-04-24 08:00:00,0.25,0.29577464788732394,0.2461171847753667,0.25,0.25051589622474646,0.25051589622474646,gradient_boosting,0.2,optimized_offpeak_growth,0.35,-0.4285714285714285
ST-008,2024-04-24 08:00:00,0.5,0.29577464788732394,0.5173169711984288,0.49999758210733003,0.5023575445591328,0.5023575445591328,gradient_boosting,0.5877,optimized_balanced_pricing,0.35,0.6791428571428573
ST-006,2024-04-24 08:00:00,0.75,0.29577464788732394,0.749374351790639,0.7499925812105951,0.747312178229026,0.747312178229026,gradient_boosting,0.6,optimized_balanced_pricing,0.35,0.7142857142857144
ST-004,2024-04-24 08:00:00,0.5,0.29577464788732394,0.49812040254196205,0.4999908064084836,0.5007386519672954,0.5007386519672954,gradient_boosting,0.5847,optimized_balanced_pricing,0.35,0.6705714285714286
ST-005,2024-04-24 08:00:00,0.25,0.29577464788732394,0.246742787737044,0.25,0.25051589622474646,0.25051589622474646,gradient_boosting,0.2,optimized_offpeak_growth,0.35,-0.4285714285714285
ST-018,2024-04-24 09:00:00,0.25,0.3181818181818182,0.2545871625325197,0.25,0.2506089618499744,0.2506089618499744,gradient_boosting,0.2,optimized_offpeak_growth,0.35,-0.4285714285714285
ST-002,2024-04-24 09:00:00,0.25,0.3181818181818182,0.2552447312498096,0.25,0.25060264443775826,0.25060264443775826,gradient_boosting,0.2,optimized_offpeak_growth,0.35,-0.4285714285714285
ST-007,2024-04-24 09:00:00,0.25,0.3181818181818182,0.272494752637755,0.25,0.25056086869663147,0.25056086869663147,gradient_boosting,0.2,optimized_offpeak_growth,0.35,-0.4285714285714285
ST-011,2024-04-24 09:00:00,0.25,0.3181818181818182,0.26839330734801936,0.25,0.2507681070369784,0.2507681070369784,gradient_boosting,0.2,optimized_offpeak_growth,0.35,-0.4285714285714285
ST-010,2024-04-24 09:00:00,0.25,0.3181818181818182,0.2496467449329626,0.25,0.2506089618499744,0.2506089618499744,gradient_boosting,0.2,optimized_offpeak_growth,0.35,-0.4285714285714285
ST-006,2024-04-24 09:00:00,0.25,0.3181818181818182,0.24509694703883703,0.25,0.2503844532269774,0.2503844532269774,gradient_boosting,0.2,optimized_offpeak_growth,0.35,-0.4285714285714285
ST-001,2024-04-24 09:00:00,0.25,0.3181818181818182,0.2677383182963799,0.25,0.2506813588239666,0.2506813588239666,gradient_boosting,0.2,optimized_offpeak_growth,0.35,-0.4285714285714285
ST-016,2024-04-24 09:00:00,0.25,0.3181818181818182,0.2437490199956886,0.25,0.23342161931870342,0.23342161931870342,gradient_boosting,0.2,optimized_offpeak_growth,0.35,-0.4285714285714285
ST-003,2024-04-24 09:00:00,0.25,0.3181818181818182,0.25350220865706097,0.25,0.2506089618499744,0.2506089618499744,gradient_boosting,0.2,optimized_offpeak_growth,0.35,-0.4285714285714285
ST-001,2024-04-24 10:00:00,0.25,0.3116883116883117,0.23073449131758234,0.24098454315460457,0.2393669422676918,0.2393669422676918,gradient_boosting,0.2,optimized_offpeak_growth,0.35,-0.4285714285714285
ST-017,2024-04-24 10:00:00,0.25,0.3116883116883117,0.24254875949559826,0.25,0.2501628497401546,0.2501628497401546,gradient_boosting,0.2,optimized_offpeak_growth,0.35,-0.4285714285714285
ST-009,2024-04-24 10:00:00,0.25,0.3116883116883117,0.24721499024488408,0.25,0.2501628497401546,0.2501628497401546,gradient_boosting,0.2,optimized_offpeak_growth,0.35,-0.4285714285714285
ST-003,2024-04-24 11:00:00,0.25,0.3019449863523916,0.24424611151991021,0.25,0.2506244665576761,0.2506244665576761,gradient_boosting,0.2,optimized_offpeak_growth,0.35,-0.4285714285714285
ST-013,2024-04-24 11:00:00,0.5,0.3019449863523916,0.48107979532641676,0.49934403956411566,0.49381758941687737,0.49381758941687737,gradient_boosting,0.5716,optimized_balanced_pricing,0.35,0.6331428571428572
ST-002,2024-04-24 11:00:00,0.25,0.3019449863523916,0.2303001549792006,0.1886158431130318,0.19074224092340814,0.19074224092340814,gradient_boosting,0.2,optimized_offpeak_growth,0.35,-0.4285714285714285
ST-009,2024-04-24 11:00:00,0.25,0.3019449863523916,0.2348842532639498,0.25,0.25063078396989225,0.25063078396989225,gradient_boosting,0.2,optimized_offpeak_growth,0.35,-0.4285714285714285
ST-016,2024-04-24 11:00:00,0.25,0.3019449863523916,0.2454574696799983,0.25,0.2502495979531665,0.2502495979531665,gradient_boosting,0.2,optimized_offpeak_growth,0.35,-0.4285714285714285
ST-010,2024-04-24 12:00:00,0.25,0.26305485190130184,0.2384012959402841,0.25,0.2500360422006034,0.2500360422006034,gradient_boosting,0.2,optimized_offpeak_growth,0.35,-0.4285714285714285
ST-012,2024-04-24 12:00:00,0.25,0.26305485190130184,0.23584113185333003,0.25,0.2502495979531665,0.2502495979531665,gradient_boosting,0.2,optimized_offpeak_growth,0.35,-0.4285714285714285
ST-005,2024-04-24 12:00:00,0.09898034616395833,0.26305485190130184,0.23043345002873397,0.16013276529912837,0.15401248716639826,0.15401248716639826,gradient_boosting,0.2,optimized_offpeak_growth,0.35,-0.4285714285714285
ST-005,2024-04-24 13:00:00,0.25,0.24084683569331242,0.2344471292526981,0.25,0.2502110590079866,0.2502110590079866,gradient_boosting,0.2,optimized_offpeak_growth,0.35,-0.4285714285714285
ST-016,2024-04-24 13:00:00,0.25,0.24084683569331242,0.23747648430340162,0.25,0.2502495979531665,0.2502495979531665,gradient_boosting,0.2,optimized_offpeak_growth,0.35,-0.4285714285714285
ST-008,2024-04-24 13:00:00,0.25,0.24084683569331242,0.23501324147922395,0.25,0.2501582142819368,0.2501582142819368,gradient_boosting,0.2,optimized_offpeak_growth,0.35,-0.4285714285714285
ST-004,2024-04-24 13:00:00,0.5,0.24084683569331242,0.4677530024145541,0.4452138565707549,0.44347598067816835,0.44347598067816835,gradient_boosting,0.4644,optimized_balanced_pricing,0.35,0.32685714285714296
ST-002,2024-04-24 13:00:00,0.25,0.24084683569331242,0.23632514898432694,0.25,0.25079948336505936,0.25079948336505936,gradient_boosting,0.2,optimized_offpeak_growth,0.35,-0.4285714285714285
ST-017,2024-04-24 14:00:00,0.25,0.29282661727983333,0.2431404102257565,0.25,0.25018273457998863,0.25018273457998863,gradient_boosting,0.2,optimized_offpeak_growth,0.35,-0.4285714285714285
ST-002,2024-04-24 14:00:00,0.471379742285,0.29282661727983333,0.47751442876584715,0.4971179798902484,0.4888515591495486,0.4888515591495486,gradient_boosting,0.562,optimized_balanced_pricing,0.35,0.6057142857142859
ST-010,2024-04-24 14:00:00,0.25,0.29282661727983333,0.2532196450492197,0.25,0.2504489272429868,0.2504489272429868,gradient_boosting,0.2,optimized_offpeak_growth,0.35,-0.4285714285714285
ST-007,2024-04-24 14:00:00,0.25,0.29282661727983333,0.23441994927512427,0.25,0.25085791354509634,0.25085791354509634,gradient_boosting,0.2,optimized_offpeak_growth,0.35,-0.4285714285714285
ST-004,2024-04-24 14:00:00,0.25,0.29282661727983333,0.23515010891537758,0.24899298998297809,0.24945809935951438,0.24945809935951438,gradient_boosting,0.2,optimized_offpeak_growth,0.35,-0.4285714285714285
ST-006,2024-04-24 15:00:00,0.25,0.30996476280593077,0.24789418475021557,0.25,0.2500959863669768,0.2500959863669768,gradient_boosting,0.2,optimized_offpeak_growth,0.35,-0.4285714285714285
ST-001,2024-04-24 15:00:00,0.5,0.30996476280593077,0.4747599120385142,0.48084628507435534,0.48486235042313086,0.48486235042313086,gradient_boosting,0.5542,optimized_balanced_pricing,0.35,0.5834285714285716
ST-012,2024-04-24 15:00:00,0.25,0.30996476280593077,0.23765838780115983,0.25,0.25018273457998863,0.25018273457998863,gradient_boosting,0.2,optimized_offpeak_growth,0.35,-0.4285714285714285
ST-006,2024-04-24 16:00:00,0.25,0.2833160472941772,0.24547126976100608,0.25,0.25018273457998863,0.25018273457998863,gradient_boosting,0.2,optimized_offpeak_growth,0.35,-0.4285714285714285
ST-015,2024-04-24 16:00:00,0.25,0.2833160472941772,0.23281933803621346,0.2363524072472576,0.23929376148229783,0.23929376148229783,gradient_boosting,0.2,optimized_offpeak_growth,0.35,-0.4285714285714285
ST-002,2024-04-24 16:00:00,0.5,0.2833160472941772,0.47733651336027105,0.4880784399006169,0.48887144398938254,0.48887144398938254,gradient_boosting,0.5621,optimized_balanced_pricing,0.35,0.6060000000000003
ST-012,2024-04-24 16:00:00,0.25,0.2833160472941772,0.2507415203539946,0.25,0.25018273457998863,0.25018273457998863,gradient_boosting,0.2,optimized_offpeak_growth,0.35,-0.4285714285714285
ST-013,2024-04-24 16:00:00,0.25,0.2833160472941772,0.23821597092841362,0.25,0.25086009888078104,0.25086009888078104,gradient_boosting,0.2,optimized_offpeak_growth,0.35,-0.4285714285714285
ST-018,2024-04-24 16:00:00,0.1911132718534722,0.2833160472941772,0.23049519046680186,0.14332792013085402,0.15527658007130524,0.15527658007130524,gradient_boosting,0.2,optimized_offpeak_growth,0.35,-0.4285714285714285
ST-011,2024-04-24 17:00:00,0.25,0.28125,0.26272950085256774,0.25,0.2507744244491945,0.2507744244491945,gradient_boosting,0.2,optimized_offpeak_growth,0.35,-0.4285714285714285
ST-001,2024-04-24 17:00:00,0.25,0.28125,0.24850884481273863,0.25,0.25032222531201737,0.25032222531201737,gradient_boosting,0.2,optimized_offpeak_growth,0.35,-0.4285714285714285
ST-012,2024-04-24 17:00:00,0.25,0.28125,0.24548354839185454,0.25,0.25054209847679654,0.25054209847679654,gradient_boosting,0.2,optimized_offpeak_growth,0.35,-0.4285714285714285
ST-004,2024-04-24 17:00:00,0.25,0.28125,0.25462851115641155,0.25,0.2507612930088083,0.2507612930088083,gradient_boosting,0.2,optimized_offpeak_growth,0.35,-0.4285714285714285
ST-005,2024-04-24 18:00:00,0.5,0.30833333333333335,0.47485528663419563,0.43439028256948503,0.452987162998995,0.452987162998995,gradient_boosting,0.4865,optimized_balanced_pricing,0.35,0.3900000000000001
ST-017,2024-04-24 18:00:00,0.25,0.30833333333333335,0.25168006857779446,0.25,0.25100076519823783,0.25100076519823783,gradient_boosting,0.2,optimized_offpeak_growth,0.35,-0.4285714285714285
ST-012,2024-04-24 19:00:00,0.5,0.29605263157894735,0.5174873238428915,0.49999789312396065,0.5023575445591328,0.5023575445591328,gradient_boosting,0.5877,optimized_balanced_pricing,0.35,0.6791428571428573
ST-002,2024-04-24 19:00:00,0.25,0.29605263157894735,0.2462945214748587,0.25,0.2505357810645804,0.2505357810645804,gradient_boosting,0.2,optimized_offpeak_growth,0.35,-0.4285714285714285
ST-008,2024-04-24 19:00:00,0.25,0.29605263157894735,0.2753625534314119,0.25,0.25095132201817955,0.25095132201817955,gradient_boosting,0.2,optimized_offpeak_growth,0.35,-0.4285714285714285
ST-017,2024-04-24 19:00:00,0.25,0.29605263157894735,0.24843261349442602,0.25,0.2504490328515686,0.2504490328515686,gradient_boosting,0.2,optimized_offpeak_growth,0.35,-0.4285714285714285
ST-008,2024-04-24 20:00:00,0.5,0.29225352112676056,0.489083812221792,0.49990633269615514,0.5005473200947356,0.5005473200947356,gradient_boosting,0.5844,optimized_balanced_pricing,0.35,0.6697142857142859
ST-010,2024-04-24 20:00:00,0.25,0.29225352112676056,0.24525973073012214,0.25,0.25083447379420226,0.25083447379420226,gradient_boosting,0.2,optimized_offpeak_growth,0.35,-0.4285714285714285
ST-012,2024-04-24 20:00:00,0.25,0.29225352112676056,0.24315922604264473,0.25,0.25059800897954043,0.25059800897954043,gradient_boosting,0.2,optimized_offpeak_growth,0.35,-0.4285714285714285
ST-006,2024-04-24 20:00:00,0.25,0.29225352112676056,0.25699625070244647,0.25,0.2505357810645804,0.2505357810645804,gradient_boosting,0.2,optimized_offpeak_growth,0.35,-0.4285714285714285
ST-009,2024-04-24 21:00:00,0.25,0.2979452054794521,0.251371478268825,0.25,0.25060264443775826,0.25060264443775826,gradient_boosting,0.2,optimized_offpeak_growth,0.35,-0.4285714285714285
ST-013,2024-04-24 21:00:00,0.25,0.2979452054794521,0.2446463696694848,0.25,0.25082815638198613,0.25082815638198613,gradient_boosting,0.2,optimized_offpeak_growth,0.35,-0.4285714285714285
ST-018,2024-04-24 21:00:00,0.25,0.2979452054794521,0.253810563077869,0.25,0.2507776612451415,0.2507776612451415,gradient_boosting,0.2,optimized_offpeak_growth,0.35,-0.4285714285714285
ST-010,2024-04-24 22:00:00,0.14769551009694443,0.28665767951940385,0.23213867148708492,0.19812264659204434,0.19181968000051425,0.19181968000051425,gradient_boosting,0.2,optimized_offpeak_growth,0.35,-0.4285714285714285
ST-009,2024-04-24 22:00:00,0.25,0.28665767951940385,0.23949354045513963,0.25,0.24990266826521665,0.24990266826521665,gradient_boosting,0.2,optimized_offpeak_growth,0.35,-0.4285714285714285
ST-011,2024-04-24 22:00:00,0.25,0.28665767951940385,0.23152731528424392,0.23761521347099337,0.2386545005446182,0.2386545005446182,gradient_boosting,0.2,optimized_offpeak_growth,0.35,-0.4285714285714285
ST-016,2024-04-24 22:00:00,0.5,0.28665767951940385,0.4872026534187564,0.4991614274232825,0.4926404114595569,0.4926404114595569,gradient_boosting,0.5694,optimized_balanced_pricing,0.35,0.626857142857143
ST-005,2024-04-24 23:00:00,0.25,0.25954079088773996,0.2395858936183016,0.25,0.24990266826521665,0.24990266826521665,gradient_boosting,0.2,optimized_offpeak_growth,0.35,-0.4285714285714285
ST-002,2024-04-24 23:00:00,0.25,0.25954079088773996,0.23932053631181,0.25,0.25041240230184636,0.25041240230184636,gradient_boosting,0.2,optimized_offpeak_growth,0.35,-0.4285714285714285
ST-016,2024-04-24 23:00:00,0.25,0.25954079088773996,0.23446560927231802,0.25,0.2502559153653826,0.2502559153653826,gradient_boosting,0.2,optimized_offpeak_growth,0.35,-0.4285714285714285
ST-014,2024-04-25 00:00:00,0.25,0.2950742118549403,0.23170789595359545,0.2359352070254516,0.23837782842961497,0.23837782842961497,gradient_boosting,0.2,optimized_offpeak_growth,0.35,-0.4285714285714285
ST-010,2024-04-25 00:00:00,0.25,0.2950742118549403,0.24311576717083666,0.25,0.24994070430519943,0.24994070430519943,gradient_boosting,0.2,optimized_offpeak_growth,0.35,-0.4285714285714285
ST-009,2024-04-25 00:00:00,0.5,0.2950742118549403,0.49988242327297,0.49699135952655565,0.4931706336239825,0.4931706336239825,gradient_boosting,0.5704,optimized_balanced_pricing,0.35,0.6297142857142859
ST-001,2024-04-25 00:00:00,0.25,0.2950742118549403,0.23880425615741951,0.25,0.25026340437315586,0.25026340437315586,gradient_boosting,0.2,optimized_offpeak_growth,0.35,-0.4285714285714285
ST-015,2024-04-25 00:00:00,0.25,0.2950742118549403,0.23803391667818521,0.25,0.24978589403201595,0.24978589403201595,gradient_boosting,0.2,optimized_offpeak_growth,0.35,-0.4285714285714285
ST-017,2024-04-25 00:00:00,0.06876255784125,0.2950742118549403,0.22878876100552817,0.08728095056659632,0.09936264223804568,0.09936264223804568,gradient_boosting,0.2,optimized_offpeak_growth,0.35,-0.4285714285714285
ST-014,2024-04-25 01:00:00,0.25,0.27356137139296355,0.24011313197851464,0.25,0.25042078344993685,0.25042078344993685,gradient_boosting,0.2,optimized_offpeak_growth,0.35,-0.4285714285714285
ST-015,2024-04-25 01:00:00,0.21913714104694446,0.27356137139296355,0.23085506467221745,0.2135521815149251,0.22299899527316622,0.22299899527316622,gradient_boosting,0.2,optimized_offpeak_growth,0.35,-0.4285714285714285
ST-003,2024-04-25 01:00:00,0.25,0.27356137139296355,0.23686710816559958,0.25,0.24995037652252636,0.24995037652252636,gradient_boosting,0.2,optimized_offpeak_growth,0.35,-0.4285714285714285
ST-008,2024-04-25 01:00:00,0.25,0.27356137139296355,0.23940872318092712,0.25,0.25004344214775426,0.25004344214775426,gradient_boosting,0.2,optimized_offpeak_growth,0.35,-0.4285714285714285
ST-001,2024-04-25 01:00:00,0.07805972325520834,0.27356137139296355,0.22876907154234633,0.0780496654039949,0.0892482487575855,0.0892482487575855,gradient_boosting,0.2,optimized_offpeak_growth,0.35,-0.4285714285714285
ST-004,2024-04-25 01:00:00,0.5,0.27356137139296355,0.4804950262184254,0.49667965392293933,0.49299642902716334,0.49299642902716334,gradient_boosting,0.5701,optimized_balanced_pricing,0.35,0.628857142857143
ST-005,2024-04-25 01:00:00,0.25,0.27356137139296355,0.24826548387585765,0.25,0.25003712473553813,0.25003712473553813,gradient_boosting,0.2,optimized_offpeak_growth,0.35,-0.4285714285714285
ST-002,2024-04-25 02:00:00,0.25,0.28426901080369815,0.25310472923861405,0.25,0.2509105440605083,0.2509105440605083,gradient_boosting,0.2,optimized_offpeak_growth,0.35,-0.4285714285714285
ST-014,2024-04-25 02:00:00,0.25,0.28426901080369815,0.23758306708984925,0.25,0.2499691788274255,0.2499691788274255,gradient_boosting,0.2,optimized_offpeak_growth,0.35,-0.4285714285714285
ST-001,2024-04-25 02:00:00,0.25,0.28426901080369815,0.23699800896320727,0.25,0.2504246147605497,0.2504246147605497,gradient_boosting,0.2,optimized_offpeak_growth,0.35,-0.4285714285714285
ST-007,2024-04-25 02:00:00,0.25,0.28426901080369815,0.23532183047766014,0.25,0.2501628497401546,0.2501628497401546,gradient_boosting,0.2,optimized_offpeak_growth,0.35,-0.4285714285714285
ST-011,2024-04-25 02:00:00,0.19470016200895834,0.28426901080369815,0.2292768777638735,0.08092921304731761,0.09113482042818066,0.09113482042818066,gradient_boosting,0.2,optimized_offpeak_growth,0.35,-0.4285714285714285
ST-016,2024-04-25 02:00:00,0.25,0.28426901080369815,0.26641798008536505,0.25,0.25071889043719975,0.25071889043719975,gradient_boosting,0.2,optimized_offpeak_growth,0.35,-0.4285714285714285
ST-008,2024-04-25 02:00:00,0.25,0.28426901080369815,0.24540998746238535,0.25,0.2502495979531665,0.2502495979531665,gradient_boosting,0.2,optimized_offpeak_growth,0.35,-0.4285714285714285
ST-004,2024-04-25 02:00:00,0.5,0.28426901080369815,0.4969005722287539,0.49009969270915393,0.49453080764551266,0.49453080764551266,gradient_boosting,0.573,optimized_balanced_pricing,0.35,0.637142857142857
ST-007,2024-04-25 03:00:00,0.25,0.26309503380201765,0.2455511632760244,0.25,0.2506244665576761,0.2506244665576761,gradient_boosting,0.2,optimized_offpeak_growth,0.35,-0.4285714285714285
ST-006,2024-04-25 03:00:00,0.25,0.26309503380201765,0.2322954056596237,0.25,0.2502559153653826,0.2502559153653826,gradient_boosting,0.2,optimized_offpeak_growth,0.35,-0.4285714285714285
ST-002,2024-04-25 03:00:00,0.5,0.26309503380201765,0.5056105925308421,0.4943066172561642,0.49560698925361885,0.49560698925361885,gradient_boosting,0.5751,optimized_balanced_pricing,0.35,0.643142857142857
ST-003,2024-04-25 03:00:00,0.25,0.26309503380201765,0.24819205116382104,0.25,0.2501628497401546,0.2501628497401546,gradient_boosting,0.2,optimized_offpeak_growth,0.35,-0.4285714285714285
ST-015,2024-04-25 03:00:00,0.5,0.26309503380201765,0.49152597030608985,0.4961858771508193,0.4964018028105708,0.4964018028105708,gradient_boosting,0.5766,optimized_balanced_pricing,0.35,0.6474285714285715
ST-016,2024-04-25 03:00:00,0.25,0.26309503380201765,0.2399666832935806,0.25,0.25039629672757485,0.25039629672757485,gradient_boosting,0.2,optimized_offpeak_growth,0.35,-0.4285714285714285
ST-008,2024-04-25 03:00:00,0.25,0.26309503380201765,0.23241672376165945,0.24941306856842768,0.24945809935951438,0.24945809935951438,gradient_boosting,0.2,optimized_offpeak_growth,0.35,-0.4285714285714285
ST-011,2024-04-25 03:00:00,0.25,0.26309503380201765,0.2456644075066731,0.25,0.25033786654753787,0.25033786654753787,gradient_boosting,0.2,optimized_offpeak_growth,0.35,-0.4285714285714285
ST-014,2024-04-25 04:00:00,0.25,0.29941486754010016,0.24777412015936787,0.25,0.2501628497401546,0.2501628497401546,gradient_boosting,0.2,optimized_offpeak_growth,0.35,-0.4285714285714285
ST-012,2024-04-25 04:00:00,0.25,0.29941486754010016,0.23524753635174606,0.25,0.2502495979531665,0.2502495979531665,gradient_boosting,0.2,optimized_offpeak_growth,0.35,-0.4285714285714285
ST-009,2024-04-25 04:00:00,0.75,0.29941486754010016,0.7392865512378228,0.6961559975231096,0.7305084172502381,0.7305084172502381,gradient_boosting,0.6,optimized_balanced_pricing,0.35,0.7142857142857144
ST-018,2024-04-25 04:00:00,0.25,0.29941486754010016,0.24234801131083025,0.25,0.2499691788274255,0.2499691788274255,gradient_boosting,0.2,optimized_offpeak_growth,0.35,-0.4285714285714285
ST-004,2024-04-25 04:00:00,0.25,0.29941486754010016,0.22897772089313714,0.16645323631632594,0.1579845908395383,0.1579845908395383,gradient_boosting,0.2,optimized_offpeak_growth,0.35,-0.4285714285714285
ST-002,2024-04-25 04:00:00,0.15396848176819444,0.29941486754010016,0.22742538246532806,0.10947059132902494,0.11034013543709766,0.11034013543709766,gradient_boosting,0.2,optimized_offpeak_growth,0.35,-0.4285714285714285
ST-016,2024-04-25 04:00:00,0.25,0.29941486754010016,0.2367871173527647,0.25,0.2500959863669768,0.2500959863669768,gradient_boosting,0.2,optimized_offpeak_growth,0.35,-0.4285714285714285
ST-007,2024-04-25 04:00:00,0.75,0.29941486754010016,0.7267042673029533,0.7432278084147595,0.7273412728068872,0.7273412728068872,gradient_boosting,0.6,optimized_balanced_pricing,0.35,0.7142857142857144
ST-010,2024-04-25 04:00:00,0.25,0.29941486754010016,0.2583303500914367,0.25,0.2504489272429868,0.2504489272429868,gradient_boosting,0.2,optimized_offpeak_growth,0.35,-0.4285714285714285
ST-018,2024-04-25 05:00:00,0.25,0.30916629595744033,0.2322594126120306,0.2497806048245084,0.24976610459084622,0.24976610459084622,gradient_boosting,0.2,optimized_offpeak_growth,0.35,-0.4285714285714285
ST-013,2024-04-25 05:00:00,0.5,0.30916629595744033,0.4829575323939146,0.4978933626847942,0.4941838597035564,0.4941838597035564,gradient_boosting,0.5723,optimized_balanced_pricing,0.35,0.6351428571428572
ST-012,2024-04-25 06:00:00,0.25,0.2631971711331652,0.23861205659329468,0.25,0.2500360422006034,0.2500360422006034,gradient_boosting,0.2,optimized_offpeak_growth,0.35,-0.4285714285714285
ST-001,2024-04-25 06:00:00,0.5696565778317362,0.2631971711331652,0.7111054479069822,0.7340853705347883,0.7258167744143204,0.7258167744143204,gradient_boosting,0.6,optimized_balanced_pricing,0.35,0.7142857142857144
ST-014,2024-04-25 06:00:00,0.18900556184798611,0.2631971711331652,0.23054959573492514,0.22516422363512592,0.2222947668322799,0.2222947668322799,gradient_boosting,0.2,optimized_offpeak_growth,0.35,-0.4285714285714285
ST-006,2024-04-25 06:00:00,0.24357393270444444,0.2631971711331652,0.23327325758366782,0.2493167811544921,0.24939123598633653,0.24939123598633653,gradient_boosting,0.2,optimized_offpeak_growth,0.35,-0.4285714285714285
ST-018,2024-04-25 06:00:00,0.25,0.2631971711331652,0.2547085784192847,0.25,0.2509105440605083,0.2509105440605083,gradient_boosting,0.2,optimized_offpeak_growth,0.35,-0.4285714285714285
ST-016,2024-04-25 06:00:00,0.25,0.2631971711331652,0.23346819906576774,0.25,0.2499691788274255,0.2499691788274255,gradient_boosting,0.2,optimized_offpeak_growth,0.35,-0.4285714285714285
ST-008,2024-04-25 06:00:00,0.25,0.2631971711331652,0.23746029022274923,0.25,0.2502495979531665,0.2502495979531665,gradient_boosting,0.2,optimized_offpeak_growth,0.35,-0.4285714285714285
ST-014,2024-04-25 07:00:00,0.75,0.2881944444444444,0.7403815149619837,0.7491813969245827,0.7483864733274819,0.7483864733274819,gradient_boosting,0.6,optimized_balanced_pricing,0.35,0.7142857142857144
ST-015,2024-04-25 07:00:00,0.25,0.2881944444444444,0.24735521072093097,0.25,0.25054209847679654,0.25054209847679654,gradient_boosting,0.2,optimized_offpeak_growth,0.35,-0.4285714285714285
ST-011,2024-04-25 07:00:00,0.5,0.2881944444444444,0.49192076718172884,0.4997559390660074,0.5007323345550792,0.5007323345550792,gradient_boosting,0.5847,optimized_balanced_pricing,0.35,0.6705714285714286
ST-001,2024-04-25 07:00:00,0.25,0.2881944444444444,0.270059396916685,0.25,0.2507744244491945,0.2507744244491945,gradient_boosting,0.2,optimized_offpeak_growth,0.35,-0.4285714285714285
ST-004,2024-04-25 07:00:00,0.25,0.2881944444444444,0.24617558361456712,0.25,0.2506909130321297,0.2506909130321297,gradient_boosting,0.2,optimized_offpeak_growth,0.35,-0.4285714285714285
ST-008,2024-04-25 08:00:00,0.25,0.290625,0.25233347965670944,0.25,0.2505357810645804,0.2505357810645804,gradient_boosting,0.2,optimized_offpeak_growth,0.35,-0.4285714285714285
ST-016,2024-04-25 08:00:00,0.25,0.290625,0.24432692187637717,0.25,0.2507612930088083,0.2507612930088083,gradient_boosting,0.2,optimized_offpeak_growth,0.35,-0.4285714285714285
ST-005,2024-04-25 08:00:00,0.5,0.290625,0.5113457501418628,0.49999789312396065,0.5016152803025384,0.5016152803025384,gradient_boosting,0.5863,optimized_balanced_pricing,0.35,0.6751428571428573
ST-001,2024-04-25 09:00:00,0.25,0.27702702702702703,0.2427990327075908,0.25,0.25076922805200064,0.25076922805200064,gradient_boosting,0.2,optimized_offpeak_growth,0.35,-0.4285714285714285
ST-005,2024-04-25 09:00:00,0.25,0.27702702702702703,0.25497302808086386,0.25,0.2505556722994376,0.2505556722994376,gradient_boosting,0.2,optimized_offpeak_growth,0.35,-0.4285714285714285
ST-008,2024-04-25 09:00:00,0.25,0.27702702702702703,0.23876511165172756,0.24610441490281615,0.24659946513671147,0.24659946513671147,gradient_boosting,0.2,optimized_offpeak_growth,0.35,-0.4285714285714285
ST-016,2024-04-25 09:00:00,0.25,0.27702702702702703,0.25674025465171246,0.25,0.25051589622474646,0.25051589622474646,gradient_boosting,0.2,optimized_offpeak_growth,0.35,-0.4285714285714285
ST-009,2024-04-25 09:00:00,0.25,0.27702702702702703,0.2586242336305353,0.25,0.2503541278859144,0.2503541278859144,gradient_boosting,0.2,optimized_offpeak_growth,0.35,-0.4285714285714285
ST-018,2024-04-25 09:00:00,0.25,0.27702702702702703,0.24082704598049207,0.25,0.25039540609741134,0.25039540609741134,gradient_boosting,0.2,optimized_offpeak_growth,0.35,-0.4285714285714285
ST-003,2024-04-25 09:00:00,0.25,0.27702702702702703,0.24702756726067623,0.25,0.2503285427242335,0.2503285427242335,gradient_boosting,0.2,optimized_offpeak_growth,0.35,-0.4285714285714285
ST-011,2024-04-25 10:00:00,0.25,0.27816901408450706,0.24384751452243236,0.25,0.25063078396989225,0.25063078396989225,gradient_boosting,0.2,optimized_offpeak_growth,0.35,-0.4285714285714285
ST-006,2024-04-25 10:00:00,0.25,0.27816901408450706,0.24565290149724112,0.25,0.2502495979531665,0.2502495979531665,gradient_boosting,0.2,optimized_offpeak_growth,0.35,-0.4285714285714285
ST-015,2024-04-25 10:00:00,0.75,0.27816901408450706,0.7296736395333996,0.7408579243268255,0.729463401664849,0.729463401664849,gradient_boosting,0.6,optimized_balanced_pricing,0.35,0.7142857142857144
ST-014,2024-04-25 10:00:00,0.25,0.27816901408450706,0.23727285221580532,0.25,0.2504830449405867,0.2504830449405867,gradient_boosting,0.2,optimized_offpeak_growth,0.35,-0.4285714285714285
ST-008,2024-04-25 10:00:00,0.25,0.27816901408450706,0.2356870017613705,0.25,0.2502888899191585,0.2502888899191585,gradient_boosting,0.2,optimized_offpeak_growth,0.35,-0.4285714285714285
ST-016,2024-04-25 10:00:00,0.25,0.27816901408450706,0.2356495111950311,0.25,0.2502559153653826,0.2502559153653826,gradient_boosting,0.2,optimized_offpeak_growth,0.35,-0.4285714285714285
ST-018,2024-04-25 10:00:00,0.5,0.27816901408450706,0.5229722051823195,0.49947424945731955,0.4973624880839383,0.4973624880839383,gradient_boosting,0.5784,optimized_balanced_pricing,0.35,0.6525714285714288
ST-009,2024-04-25 11:00:00,0.25,0.2889100966052505,0.25195974288161205,0.25,0.25001203427175656,0.25001203427175656,gradient_boosting,0.2,optimized_offpeak_growth,0.35,-0.4285714285714285
ST-001,2024-04-25 11:00:00,0.5,0.2889100966052505,0.4756228595406893,0.49739220625084296,0.4889383073625604,0.4889383073625604,gradient_boosting,0.5622,optimized_balanced_pricing,0.35,0.6062857142857145
ST-005,2024-04-25 11:00:00,0.25,0.2889100966052505,0.23500208999700745,0.25,0.2502559153653826,0.2502559153653826,gradient_boosting,0.2,optimized_offpeak_growth,0.35,-0.4285714285714285
ST-011,2024-04-25 11:00:00,0.25,0.2889100966052505,0.23430206496742825,0.25,0.2502495979531665,0.2502495979531665,gradient_boosting,0.2,optimized_offpeak_growth,0.35,-0.4285714285714285
ST-012,2024-04-25 11:00:00,0.25,0.2889100966052505,0.230769120673661,0.20690355233603436,0.221385467099189,0.221385467099189,gradient_boosting,0.2,optimized_offpeak_growth,0.35,-0.4285714285714285
ST-001,2024-04-25 12:00:00,0.25,0.27836231580437587,0.24782909135304187,0.25,0.2502495979531665,0.2502495979531665,gradient_boosting,0.2,optimized_offpeak_growth,0.35,-0.4285714285714285
ST-017,2024-04-25 12:00:00,0.25,0.27836231580437587,0.23669949406820684,0.25,0.2502110590079866,0.2502110590079866,gradient_boosting,0.2,optimized_offpeak_growth,0.35,-0.4285714285714285
ST-007,2024-04-25 12:00:00,0.25,0.27836231580437587,0.2399358304075017,0.25,0.2504830449405867,0.2504830449405867,gradient_boosting,0.2,optimized_offpeak_growth,0.35,-0.4285714285714285
ST-016,2024-04-25 12:00:00,0.25,0.27836231580437587,0.23681042278116737,0.25,0.2501628497401546,0.2501628497401546,gradient_boosting,0.2,optimized_offpeak_growth,0.35,-0.4285714285714285
ST-008,2024-04-25 12:00:00,0.25,0.27836231580437587,0.23586130579148068,0.25,0.2501628497401546,0.2501628497401546,gradient_boosting,0.2,optimized_offpeak_growth,0.35,-0.4285714285714285
ST-002,2024-04-25 12:00:00,0.5,0.27836231580437587,0.4766057763117204,0.4886604772780852,0.4910291756923977,0.4910291756923977,gradient_boosting,0.5663,optimized_balanced_pricing,0.35,0.6180000000000001
ST-015,2024-04-25 13:00:00,0.25,0.27813733844522476,0.2349412266622607,0.25,0.2504830449405867,0.2504830449405867,gradient_boosting,0.2,optimized_offpeak_growth,0.35,-0.4285714285714285
ST-005,2024-04-25 13:00:00,0.25,0.27813733844522476,0.23780419218048685,0.25,0.2502495979531665,0.2502495979531665,gradient_boosting,0.2,optimized_offpeak_growth,0.35,-0.4285714285714285
ST-011,2024-04-25 13:00:00,0.25,0.27813733844522476,0.23470352718370796,0.25,0.2501628497401546,0.2501628497401546,gradient_boosting,0.2,optimized_offpeak_growth,0.35,-0.4285714285714285
ST-002,2024-04-25 13:00:00,0.25,0.27813733844522476,0.2501851948586653,0.25,0.2501628497401546,0.2501628497401546,gradient_boosting,0.2,optimized_offpeak_growth,0.35,-0.4285714285714285
ST-010,2024-04-25 13:00:00,0.25,0.27813733844522476,0.24018758124768272,0.25,0.2502559153653826,0.2502559153653826,gradient_boosting,0.2,optimized_offpeak_growth,0.35,-0.4285714285714285
ST-014,2024-04-25 14:00:00,0.25,0.2867333486815413,0.233415029874095,0.24453350295871143,0.2439173917890888,0.2439173917890888,gradient_boosting,0.2,optimized_offpeak_growth,0.35,-0.4285714285714285
ST-002,2024-04-25 14:00:00,0.25,0.2867333486815413,0.23274588403995203,0.25,0.2502559153653826,0.2502559153653826,gradient_boosting,0.2,optimized_offpeak_growth,0.35,-0.4285714285714285
ST-017,2024-04-25 14:00:00,0.25,0.2867333486815413,0.24422762113064234,0.25,0.2502495979531665,0.2502495979531665,gradient_boosting,0.2,optimized_offpeak_growth,0.35,-0.4285714285714285
ST-010,2024-04-25 14:00:00,0.25,0.2867333486815413,0.24864804706736698,0.25,0.2501628497401546,0.2501628497401546,gradient_boosting,0.2,optimized_offpeak_growth,0.35,-0.4285714285714285
ST-012,2024-04-25 14:00:00,0.25,0.2867333486815413,0.23455096929556776,0.25,0.2504246147605497,0.2504246147605497,gradient_boosting,0.2,optimized_offpeak_growth,0.35,-0.4285714285714285
ST-004,2024-04-25 14:00:00,0.5,0.2867333486815413,0.4789732123271366,0.4960550053894645,0.4927981276276816,0.4927981276276816,gradient_boosting,0.5697,optimized_balanced_pricing,0.35,0.6277142857142857
ST-006,2024-04-25 14:00:00,0.25,0.2867333486815413,0.24402843017227532,0.25,0.2501628497401546,0.2501628497401546,gradient_boosting,0.2,optimized_offpeak_growth,0.35,-0.4285714285714285
ST-001,2024-04-25 15:00:00,0.25,0.3039174835162113,0.24953200679311682,0.25,0.2502559153653826,0.2502559153653826,gradient_boosting,0.2,optimized_offpeak_growth,0.35,-0.4285714285714285
ST-007,2024-04-25 15:00:00,0.25,0.3039174835162113,0.23537703265053417,0.25,0.2501628497401546,0.2501628497401546,gradient_boosting,0.2,optimized_offpeak_growth,0.35,-0.4285714285714285
ST-004,2024-04-25 15:00:00,0.25,0.3039174835162113,0.23625362615891554,0.25,0.25016916715237075,0.25016916715237075,gradient_boosting,0.2,optimized_offpeak_growth,0.35,-0.4285714285714285
ST-013,2024-04-25 15:00:00,0.25,0.3039174835162113,0.24490888534852817,0.25,0.25018905199220476,0.25018905199220476,gradient_boosting,0.2,optimized_offpeak_growth,0.35,-0.4285714285714285
ST-008,2024-04-25 16:00:00,0.25,0.2966428871990171,0.24960756522319458,0.25,0.2500959863669768,0.2500959863669768,gradient_boosting,0.2,optimized_offpeak_growth,0.35,-0.4285714285714285
ST-003,2024-04-25 16:00:00,0.25,0.2966428871990171,0.23784039474202948,0.25,0.2499691788274255,0.2499691788274255,gradient_boosting,0.2,optimized_offpeak_growth,0.35,-0.4285714285714285
ST-015,2024-04-25 16:00:00,0.11262874105097222,0.2966428871990171,0.2316311350402121,0.13364185291708117,0.1605676918707789,0.1605676918707789,gradient_boosting,0.2,optimized_offpeak_growth,0.35,-0.4285714285714285
ST-011,2024-04-25 16:00:00,0.25,0.2966428871990171,0.24815685618315228,0.25,0.2500959863669768,0.2500959863669768,gradient_boosting,0.2,optimized_offpeak_growth,0.35,-0.4285714285714285
ST-008,2024-04-25 17:00:00,0.5,0.28289473684210525,0.49041053386566824,0.49999789312396065,0.500007930362292,0.500007930362292,gradient_boosting,0.5833,optimized_balanced_pricing,0.35,0.6665714285714288
ST-018,2024-04-25 17:00:00,0.5,0.28289473684210525,0.493039860479615,0.4900595399186965,0.5004177490031101,0.5004177490031101,gradient_boosting,0.5841,optimized_balanced_pricing,0.35,0.6688571428571428
ST-015,2024-04-25 17:00:00,0.25,0.28289473684210525,0.2510250598070109,0.25,0.2504972421194006,0.2504972421194006,gradient_boosting,0.2,optimized_offpeak_growth,0.35,-0.4285714285714285
ST-011,2024-04-25 17:00:00,0.25,0.28289473684210525,0.24219836142712298,0.25,0.25045535026378474,0.25045535026378474,gradient_boosting,0.2,optimized_offpeak_growth,0.35,-0.4285714285714285
ST-007,2024-04-25 17:00:00,0.25,0.28289473684210525,0.2420935561324026,0.25,0.25032222531201737,0.25032222531201737,gradient_boosting,0.2,optimized_offpeak_growth,0.35,-0.4285714285714285
ST-006,2024-04-25 17:00:00,0.25,0.28289473684210525,0.24352164025256395,0.25,0.2505357810645804,0.2505357810645804,gradient_boosting,0.2,optimized_offpeak_growth,0.35,-0.4285714285714285
ST-014,2024-04-25 17:00:00,0.25,0.28289473684210525,0.26189186452484803,0.25,0.2500817906744058,0.2500817906744058,gradient_boosting,0.2,optimized_offpeak_growth,0.35,-0.4285714285714285
ST-012,2024-04-25 17:00:00,0.25,0.28289473684210525,0.25392319992119566,0.25,0.2505357810645804,0.2505357810645804,gradient_boosting,0.2,optimized_offpeak_growth,0.35,-0.4285714285714285
ST-013,2024-04-25 18:00:00,0.25,0.3024193548387097,0.25138896730671806,0.25,0.25051589622474646,0.25051589622474646,gradient_boosting,0.2,optimized_offpeak_growth,0.35,-0.4285714285714285
ST-009,2024-04-25 18:00:00,0.25,0.3024193548387097,0.2503271870333691,0.25,0.25054209847679654,0.25054209847679654,gradient_boosting,0.2,optimized_offpeak_growth,0.35,-0.4285714285714285
ST-011,2024-04-25 19:00:00,0.25,0.3005952380952381,0.24231878021526354,0.25,0.25060264443775826,0.25060264443775826,gradient_boosting,0.2,optimized_offpeak_growth,0.35,-0.4285714285714285
ST-014,2024-04-25 19:00:00,0.25,0.3005952380952381,0.25908793180972,0.25,0.25056086869663147,0.25056086869663147,gradient_boosting,0.2,optimized_offpeak_growth,0.35,-0.4285714285714285
ST-004,2024-04-25 19:00:00,0.25,0.3005952380952381,0.2531778794776789,0.25,0.25051589622474646,0.25051589622474646,gradient_boosting,0.2,optimized_offpeak_growth,0.35,-0.4285714285714285
ST-018,2024-04-25 19:00:00,0.25,0.3005952380952381,0.25729094765658467,0.25,0.2506089618499744,0.2506089618499744,gradient_boosting,0.2,optimized_offpeak_growth,0.35,-0.4285714285714285
ST-007,2024-04-25 20:00:00,0.25,0.2916666666666667,0.24549852671930686,0.25,0.2504490328515686,0.2504490328515686,gradient_boosting,0.2,optimized_offpeak_growth,0.35,-0.4285714285714285
ST-004,2024-04-25 20:00:00,0.25,0.2916666666666667,0.24922551147828642,0.25,0.2505357810645804,0.2505357810645804,gradient_boosting,0.2,optimized_offpeak_growth,0.35,-0.4285714285714285
ST-001,2024-04-25 20:00:00,0.5,0.2916666666666667,0.5137019849706215,0.4999106969067085,0.5023638619713491,0.5023638619713491,gradient_boosting,0.5877,optimized_balanced_pricing,0.35,0.6791428571428573
ST-018,2024-04-25 20:00:00,0.25,0.2916666666666667,0.26062954656431214,0.25,0.2507744244491945,0.2507744244491945,gradient_boosting,0.2,optimized_offpeak_growth,0.35,-0.4285714285714285
ST-002,2024-04-25 21:00:00,0.25,0.27364864864864863,0.2485582866650194,0.25,0.25060264443775826,0.25060264443775826,gradient_boosting,0.2,optimized_offpeak_growth,0.35,-0.4285714285714285
ST-012,2024-04-25 21:00:00,0.25,0.27364864864864863,0.2600103719479146,0.25,0.2507681070369784,0.2507681070369784,gradient_boosting,0.2,optimized_offpeak_growth,0.35,-0.4285714285714285
ST-009,2024-04-25 22:00:00,0.25,0.2757629628529657,0.25460605780591034,0.25,0.2502467217659748,0.2502467217659748,gradient_boosting,0.2,optimized_offpeak_growth,0.35,-0.4285714285714285
ST-011,2024-04-25 22:00:00,0.25,0.2757629628529657,0.24338981709020946,0.25,0.25049109262228936,0.25049109262228936,gradient_boosting,0.2,optimized_offpeak_growth,0.35,-0.4285714285714285
ST-014,2024-04-25 22:00:00,0.25,0.2757629628529657,0.24147581939423018,0.25,0.25016916715237075,0.25016916715237075,gradient_boosting,0.2,optimized_offpeak_growth,0.35,-0.4285714285714285
ST-002,2024-04-25 23:00:00,0.25,0.2851117341511356,0.23890025131975573,0.25,0.2501162240177797,0.2501162240177797,gradient_boosting,0.2,optimized_offpeak_growth,0.35,-0.4285714285714285
ST-018,2024-04-25 23:00:00,0.5,0.2851117341511356,0.492732180675825,0.4801278716216017,0.4928668510201716,0.4928668510201716,gradient_boosting,0.5698,optimized_balanced_pricing,0.35,0.6280000000000001
ST-012,2024-04-25 23:00:00,0.25,0.2851117341511356,0.2380724048576779,0.25,0.2502559153653826,0.2502559153653826,gradient_boosting,0.2,optimized_offpeak_growth,0.35,-0.4285714285714285
ST-004,2024-04-26 00:00:00,0.25,0.2706384018118832,0.24539445443845176,0.24994886325616075,0.24997924325037932,0.24997924325037932,gradient_boosting,0.2,optimized_offpeak_growth,0.35,-0.4285714285714285
ST-002,2024-04-26 00:00:00,0.20489554023,0.2706384018118832,0.22964889433017488,0.1811904438030057,0.19154932529772714,0.19154932529772714,gradient_boosting,0.2,optimized_offpeak_growth,0.35,-0.4285714285714285
ST-008,2024-04-26 00:00:00,0.25,0.2706384018118832,0.2415462574922444,0.24994886325616075,0.2498988124495837,0.2498988124495837,gradient_boosting,0.2,optimized_offpeak_growth,0.35,-0.4285714285714285
ST-006,2024-04-26 00:00:00,0.5,0.2706384018118832,0.47095014084315956,0.45802060181317855,0.46909376060448893,0.46909376060448893,gradient_boosting,0.5218,optimized_balanced_pricing,0.35,0.4908571428571431
ST-001,2024-04-26 00:00:00,0.3985158729686805,0.2706384018118832,0.46296703989309423,0.4007912426842417,0.3976162911557723,0.3976162911557723,gradient_boosting,0.343,optimized_balanced_pricing,0.35,-0.019999999999999907
ST-016,2024-04-26 00:00:00,0.25,0.2706384018118832,0.24347139584158728,0.25,0.24989249503736757,0.24989249503736757,gradient_boosting,0.2,optimized_offpeak_growth,0.35,-0.4285714285714285
ST-015,2024-04-26 00:00:00,0.25,0.2706384018118832,0.2326343468925565,0.25,0.24989249503736757,0.24989249503736757,gradient_boosting,0.2,optimized_offpeak_growth,0.35,-0.4285714285714285
ST-012,2024-04-26 00:00:00,0.25,0.2706384018118832,0.24522237002522382,0.24994886325616075,0.24989249503736757,0.24989249503736757,gradient_boosting,0.2,optimized_offpeak_growth,0.35,-0.4285714285714285
ST-010,2024-04-26 00:00:00,0.25,0.2706384018118832,0.24254644266917968,0.24994886325616075,0.24998556066259547,0.24998556066259547,gradient_boosting,0.2,optimized_offpeak_growth,0.35,-0.4285714285714285
ST-006,2024-04-26 01:00:00,0.25,0.28940477155597016,0.2330861742529909,0.25,0.2504119933400478,0.2504119933400478,gradient_boosting,0.2,optimized_offpeak_growth,0.35,-0.4285714285714285
ST-013,2024-04-26 01:00:00,0.25,0.28940477155597016,0.23783097659682556,0.25,0.24995037652252636,0.24995037652252636,gradient_boosting,0.2,optimized_offpeak_growth,0.35,-0.4285714285714285
ST-005,2024-04-26 01:00:00,0.33830598933395833,0.28940477155597016,0.4622860669896198,0.37831209156225,0.3670303006664826,0.3670303006664826,gradient_boosting,0.2452,optimized_balanced_pricing,0.35,-0.2994285714285714
ST-004,2024-04-26 01:00:00,0.25,0.28940477155597016,0.2393911550500993,0.25,0.24995037652252636,0.24995037652252636,gradient_boosting,0.2,optimized_offpeak_growth,0.35,-0.4285714285714285
ST-006,2024-04-26 02:00:00,0.25,0.2871855678489556,0.23464322724692174,0.25,0.2501628497401546,0.2501628497401546,gradient_boosting,0.2,optimized_offpeak_growth,0.35,-0.4285714285714285
ST-012,2024-04-26 02:00:00,0.25,0.2871855678489556,0.23090566128689638,0.24524844595012135,0.2444801618939978,0.2444801618939978,gradient_boosting,0.2,optimized_offpeak_growth,0.35,-0.4285714285714285
ST-003,2024-04-26 02:00:00,0.25,0.2871855678489556,0.2406640400905145,0.25,0.2502495979531665,0.2502495979531665,gradient_boosting,0.2,optimized_offpeak_growth,0.35,-0.4285714285714285
ST-004,2024-04-26 02:00:00,0.5,0.2871855678489556,0.47804902549321104,0.4811472191829291,0.49228742164880634,0.49228742164880634,gradient_boosting,0.5687,optimized_balanced_pricing,0.35,0.624857142857143
ST-017,2024-04-26 02:00:00,0.5,0.2871855678489556,0.48689721179087797,0.47933255056641705,0.49443774202028473,0.49443774202028473,gradient_boosting,0.5728,optimized_balanced_pricing,0.35,0.6365714285714286
ST-014,2024-04-26 02:00:00,0.25,0.2871855678489556,0.23172962651783488,0.25,0.2502495979531665,0.2502495979531665,gradient_boosting,0.2,optimized_offpeak_growth,0.35,-0.4285714285714285
ST-013,2024-04-26 02:00:00,0.25,0.2871855678489556,0.23887206068963623,0.25,0.2506244665576761,0.2506244665576761,gradient_boosting,0.2,optimized_offpeak_growth,0.35,-0.4285714285714285
ST-008,2024-04-26 02:00:00,0.25,0.2871855678489556,0.23474229717154238,0.25,0.2502495979531665,0.2502495979531665,gradient_boosting,0.2,optimized_offpeak_growth,0.35,-0.4285714285714285
ST-018,2024-04-26 02:00:00,0.41844176030194447,0.2871855678489556,0.46435243300132506,0.42467655782154473,0.42550885795353666,0.42550885795353666,gradient_boosting,0.4199,optimized_balanced_pricing,0.35,0.19971428571428573
ST-001,2024-04-26 02:00:00,0.25,0.2871855678489556,0.24063460611940424,0.25,0.2501628497401546,0.2501628497401546,gradient_boosting,0.2,optimized_offpeak_growth,0.35,-0.4285714285714285
ST-011,2024-04-26 03:00:00,0.25,0.2756903263058541,0.23342456989609178,0.25,0.2500360422006034,0.2500360422006034,gradient_boosting,0.2,optimized_offpeak_growth,0.35,-0.4285714285714285
ST-014,2024-04-26 03:00:00,0.07495388678020834,0.2756903263058541,0.2284995610106696,0.12497564703844206,0.1002688530425893,0.1002688530425893,gradient_boosting,0.2,optimized_offpeak_growth,0.35,-0.4285714285714285
ST-012,2024-04-26 03:00:00,0.25,0.2756903263058541,0.23105156385107464,0.2239436114792265,0.23298700437107384,0.23298700437107384,gradient_boosting,0.2,optimized_offpeak_growth,0.35,-0.4285714285714285
ST-005,2024-04-26 04:00:00,0.5,0.2888833497546655,0.471740917633129,0.47760461814710087,0.48236315024241366,0.48236315024241366,gradient_boosting,0.5492,optimized_balanced_pricing,0.35,0.5691428571428574
ST-006,2024-04-26 04:00:00,0.25,0.2888833497546655,0.25865995848513734,0.25,0.2505356754559986,0.2505356754559986,gradient_boosting,0.2,optimized_offpeak_growth,0.35,-0.4285714285714285
ST-014,2024-04-26 04:00:00,0.25,0.2888833497546655,0.23138159817050336,0.2378163808700994,0.2483023855434733,0.2483023855434733,gradient_boosting,0.2,optimized_offpeak_growth,0.35,-0.4285714285714285
ST-003,2024-04-26 04:00:00,0.25,0.2888833497546655,0.23616811829318626,0.25,0.2502495979531665,0.2502495979531665,gradient_boosting,0.2,optimized_offpeak_growth,0.35,-0.4285714285714285
ST-001,2024-04-26 04:00:00,0.25,0.2888833497546655,0.24035280289135472,0.25,0.2506244665576761,0.2506244665576761,gradient_boosting,0.2,optimized_offpeak_growth,0.35,-0.4285714285714285
ST-009,2024-04-26 04:00:00,0.25,0.2888833497546655,0.2723584717708845,0.25,0.25058744384592785,0.25058744384592785,gradient_boosting,0.2,optimized_offpeak_growth,0.35,-0.4285714285714285
ST-003,2024-04-26 05:00:00,0.25,0.28885664485850937,0.23573235962198458,0.25,0.2502495979531665,0.2502495979531665,gradient_boosting,0.2,optimized_offpeak_growth,0.35,-0.4285714285714285
ST-008,2024-04-26 05:00:00,0.25,0.28885664485850937,0.23985439216910343,0.25,0.2501628497401546,0.2501628497401546,gradient_boosting,0.2,optimized_offpeak_growth,0.35,-0.4285714285714285
ST-016,2024-04-26 05:00:00,0.19789745233444442,0.28885664485850937,0.22990975298179525,0.2186302304459189,0.22243285684983838,0.22243285684983838,gradient_boosting,0.2,optimized_offpeak_growth,0.35,-0.4285714285714285
ST-018,2024-04-26 05:00:00,0.25,0.28885664485850937,0.2445831071172646,0.25,0.2501628497401546,0.2501628497401546,gradient_boosting,0.2,optimized_offpeak_growth,0.35,-0.4285714285714285
ST-011,2024-04-26 06:00:00,0.18214794435819445,0.25441876064796365,0.22983738269710177,0.1683950403077116,0.1747975993493725,0.1747975993493725,gradient_boosting,0.2,optimized_offpeak_growth,0.35,-0.4285714285714285
ST-014,2024-04-26 06:00:00,0.25,0.25441876064796365,0.2426052817100879,0.25,0.2506637585236681,0.2506637585236681,gradient_boosting,0.2,optimized_offpeak_growth,0.35,-0.4285714285714285
ST-010,2024-04-26 06:00:00,0.25,0.25441876064796365,0.23178147205665334,0.2499597022885012,0.24937135114650258,0.24937135114650258,gradient_boosting,0.2,optimized_offpeak_growth,0.35,-0.4285714285714285
ST-002,2024-04-26 06:00:00,0.5,0.25441876064796365,0.49164091442473196,0.4758611250602246,0.49691250878944604,0.49691250878944604,gradient_boosting,0.5775,optimized_balanced_pricing,0.35,0.6500000000000001
ST-012,2024-04-26 06:00:00,0.25,0.25441876064796365,0.2416353995254241,0.25,0.25079948336505936,0.25079948336505936,gradient_boosting,0.2,optimized_offpeak_growth,0.35,-0.4285714285714285
ST-001,2024-04-26 06:00:00,0.25,0.25441876064796365,0.23713618199936265,0.25,0.2502495979531665,0.2502495979531665,gradient_boosting,0.2,optimized_offpeak_growth,0.35,-0.4285714285714285
ST-006,2024-04-26 06:00:00,0.25,0.25441876064796365,0.2334233221817041,0.25,0.25016916715237075,0.25016916715237075,gradient_boosting,0.2,optimized_offpeak_growth,0.35,-0.4285714285714285
ST-010,2024-04-26 07:00:00,0.25,0.30126501635434527,0.24875718235311065,0.25,0.2503890886851952,0.2503890886851952,gradient_boosting,0.2,optimized_offpeak_growth,0.35,-0.4285714285714285
ST-003,2024-04-26 07:00:00,0.25,0.30126501635434527,0.24767867084824788,0.25,0.25051589622474646,0.25051589622474646,gradient_boosting,0.2,optimized_offpeak_growth,0.35,-0.4285714285714285
ST-007,2024-04-26 07:00:00,0.25,0.30126501635434527,0.25535204248978133,0.25,0.25060264443775826,0.25060264443775826,gradient_boosting,0.2,optimized_offpeak_growth,0.35,-0.4285714285714285
ST-001,2024-04-26 07:00:00,0.5,0.30126501635434527,0.503337833188588,0.4994728853702995,0.5012278096935197,0.5012278096935197,gradient_boosting,0.5856,optimized_balanced_pricing,0.35,0.6731428571428573
ST-005,2024-04-26 07:00:00,0.5,0.30126501635434527,0.485419755553429,0.4976147163071638,0.4989281410314407,0.4989281410314407,gradient_boosting,0.5813,optimized_balanced_pricing,0.35,0.660857142857143
ST-013,2024-04-26 07:00:00,0.25,0.30126501635434527,0.24279827118030647,0.25,0.25060264443775826,0.25060264443775826,gradient_boosting,0.2,optimized_offpeak_growth,0.35,-0.4285714285714285
ST-013,2024-04-26 08:00:00,0.25,0.29605263157894735,0.2447888663970193,0.25,0.25082815638198613,0.25082815638198613,gradient_boosting,0.2,optimized_offpeak_growth,0.35,-0.4285714285714285
ST-016,2024-04-26 08:00:00,0.25,0.29605263157894735,0.2406653120672933,0.25,0.2507776612451415,0.2507776612451415,gradient_boosting,0.2,optimized_offpeak_growth,0.35,-0.4285714285714285
ST-004,2024-04-26 08:00:00,0.25,0.29605263157894735,0.24546188879242745,0.25,0.2505222136369626,0.2505222136369626,gradient_boosting,0.2,optimized_offpeak_growth,0.35,-0.4285714285714285
ST-007,2024-04-26 08:00:00,0.25,0.29605263157894735,0.24255833286235026,0.25,0.2505222136369626,0.2505222136369626,gradient_boosting,0.2,optimized_offpeak_growth,0.35,-0.4285714285714285
ST-009,2024-04-26 08:00:00,0.25,0.29605263157894735,0.25019434424761855,0.25,0.25106160336940636,0.25106160336940636,gradient_boosting,0.2,optimized_offpeak_growth,0.35,-0.4285714285714285
ST-008,2024-04-26 08:00:00,0.25,0.29605263157894735,0.24664958460920597,0.25,0.25060264443775826,0.25060264443775826,gradient_boosting,0.2,optimized_offpeak_growth,0.35,-0.4285714285714285
ST-011,2024-04-26 08:00:00,0.5,0.29605263157894735,0.5218601822422013,0.49994345453662387,0.5043616646759583,0.5043616646759583,gradient_boosting,0.5914,optimized_balanced_pricing,0.35,0.689714285714286
ST-002,2024-04-26 08:00:00,0.25,0.29605263157894735,0.2510842448745846,0.25,0.25039540609741134,0.25039540609741134,gradient_boosting,0.2,optimized_offpeak_growth,0.35,-0.4285714285714285
ST-018,2024-04-26 09:00:00,0.25,0.28214285714285714,0.2628993927076055,0.25,0.2507681070369784,0.2507681070369784,gradient_boosting,0.2,optimized_offpeak_growth,0.35,-0.4285714285714285
ST-004,2024-04-26 09:00:00,0.25,0.28214285714285714,0.2570799109751305,0.25,0.25060264443775826,0.25060264443775826,gradient_boosting,0.2,optimized_offpeak_growth,0.35,-0.4285714285714285
ST-008,2024-04-26 09:00:00,0.5,0.28214285714285714,0.4962753505283831,0.49999758210733003,0.5008190827680908,0.5008190827680908,gradient_boosting,0.5849,optimized_balanced_pricing,0.35,0.6711428571428573
ST-012,2024-04-26 09:00:00,0.25,0.28214285714285714,0.2563422767445913,0.25,0.2505357810645804,0.2505357810645804,gradient_boosting,0.2,optimized_offpeak_growth,0.35,-0.4285714285714285
ST-011,2024-04-26 09:00:00,0.25,0.28214285714285714,0.2448095058805968,0.25,0.2505311456063626,0.2505311456063626,gradient_boosting,0.2,optimized_offpeak_growth,0.35,-0.4285714285714285
ST-014,2024-04-26 09:00:00,0.25,0.28214285714285714,0.24705436884858106,0.25,0.2505357810645804,0.2505357810645804,gradient_boosting,0.2,optimized_offpeak_growth,0.35,-0.4285714285714285
ST-017,2024-04-26 10:00:00,0.25,0.3233333333333333,0.25080609084357325,0.25,0.25022559002431966,0.25022559002431966,gradient_boosting,0.2,optimized_offpeak_growth,0.35,-0.4285714285714285
ST-010,2024-04-26 10:00:00,0.25,0.3233333333333333,0.23689368468700095,0.25,0.2500959863669768,0.2500959863669768,gradient_boosting,0.2,optimized_offpeak_growth,0.35,-0.4285714285714285
ST-003,2024-04-26 10:00:00,0.25,0.3233333333333333,0.2623388860652345,0.25,0.2505356754559986,0.2505356754559986,gradient_boosting,0.2,optimized_offpeak_growth,0.35,-0.4285714285714285
ST-001,2024-04-26 10:00:00,0.25,0.3233333333333333,0.2341682690613787,0.25,0.2507910501719185,0.2507910501719185,gradient_boosting,0.2,optimized_offpeak_growth,0.35,-0.4285714285714285
ST-015,2024-04-26 10:00:00,0.5,0.3233333333333333,0.47768014957533705,0.49376344055793797,0.48924631259389223,0.48924631259389223,gradient_boosting,0.5628,optimized_balanced_pricing,0.35,0.6080000000000001
ST-014,2024-04-26 10:00:00,0.25,0.3233333333333333,0.2650548498363712,0.25,0.25032211970343554,0.25032211970343554,gradient_boosting,0.2,optimized_offpeak_growth,0.35,-0.4285714285714285
ST-006,2024-04-26 11:00:00,0.25,0.2912414379625311,0.23749306069822557,0.25,0.25018273457998863,0.25018273457998863,gradient_boosting,0.2,optimized_offpeak_growth,0.35,-0.4285714285714285
ST-002,2024-04-26 11:00:00,0.25,0.2912414379625311,0.23751562898188966,0.25,0.25055760318449827,0.25055760318449827,gradient_boosting,0.2,optimized_offpeak_growth,0.35,-0.4285714285714285
ST-011,2024-04-26 11:00:00,0.25,0.2912414379625311,0.24419235024469987,0.25,0.25018273457998863,0.25018273457998863,gradient_boosting,0.2,optimized_offpeak_growth,0.35,-0.4285714285714285
ST-008,2024-04-26 11:00:00,0.25,0.2912414379625311,0.2317926327706397,0.22500444084285398,0.23858763717144035,0.23858763717144035,gradient_boosting,0.2,optimized_offpeak_growth,0.35,-0.4285714285714285
ST-004,2024-04-26 11:00:00,0.25,0.2912414379625311,0.24333072050749027,0.25,0.2501023037791929,0.2501023037791929,gradient_boosting,0.2,optimized_offpeak_growth,0.35,-0.4285714285714285
ST-017,2024-04-26 11:00:00,0.25,0.2912414379625311,0.2455068998811381,0.25,0.2505639205967144,0.2505639205967144,gradient_boosting,0.2,optimized_offpeak_growth,0.35,-0.4285714285714285
ST-018,2024-04-26 11:00:00,0.5,0.2912414379625311,0.49083098948052595,0.499423131139142,0.4950415136243879,0.4950415136243879,gradient_boosting,0.574,optimized_balanced_pricing,0.35,0.6399999999999999
ST-013,2024-04-26 12:00:00,0.25,0.28468447246303796,0.23670416190183127,0.25,0.2499691788274255,0.2499691788274255,gradient_boosting,0.2,optimized_offpeak_growth,0.35,-0.4285714285714285
ST-007,2024-04-26 12:00:00,0.25,0.28468447246303796,0.23520239110730773,0.25,0.25018273457998863,0.25018273457998863,gradient_boosting,0.2,optimized_offpeak_growth,0.35,-0.4285714285714285
ST-010,2024-04-26 12:00:00,0.25,0.28468447246303796,0.2427537295860329,0.25,0.25018273457998863,0.25018273457998863,gradient_boosting,0.2,optimized_offpeak_growth,0.35,-0.4285714285714285
ST-012,2024-04-26 12:00:00,0.25,0.28468447246303796,0.2425216249768134,0.25,0.25018905199220476,0.25018905199220476,gradient_boosting,0.2,optimized_offpeak_growth,0.35,-0.4285714285714285
ST-018,2024-04-26 12:00:00,0.25,0.28468447246303796,0.250964445625091,0.25,0.25022559002431966,0.25022559002431966,gradient_boosting,0.2,optimized_offpeak_growth,0.35,-0.4285714285714285
ST-017,2024-04-26 12:00:00,0.25,0.28468447246303796,0.23648237263772437,0.25,0.25018273457998863,0.25018273457998863,gradient_boosting,0.2,optimized_offpeak_growth,0.35,-0.4285714285714285
ST-008,2024-04-26 12:00:00,0.25,0.28468447246303796,0.23460759824962416,0.24895412661104974,0.24998845045329826,0.24998845045329826,gradient_boosting,0.2,optimized_offpeak_growth,0.35,-0.4285714285714285
ST-018,2024-04-26 13:00:00,0.5,0.2592968706573037,0.4696025861011992,0.4522819745645818,0.4665286235796062,0.4665286235796062,gradient_boosting,0.5164,optimized_balanced_pricing,0.35,0.47542857142857153
ST-013,2024-04-26 13:00:00,0.18766152372020833,0.2592968706573037,0.23270673132433775,0.2449401038748284,0.24432655030780814,0.24432655030780814,gradient_boosting,0.2,optimized_offpeak_growth,0.35,-0.4285714285714285
ST-002,2024-04-26 13:00:00,0.25,0.2592968706573037,0.24006545723201383,0.25,0.25055760318449827,0.25055760318449827,gradient_boosting,0.2,optimized_offpeak_growth,0.35,-0.4285714285714285
ST-006,2024-04-26 13:00:00,0.25,0.2592968706573037,0.2309395857267192,0.17538690797317516,0.189633759250795,0.189633759250795,gradient_boosting,0.2,optimized_offpeak_growth,0.35,-0.4285714285714285
ST-010,2024-04-26 13:00:00,0.25,0.2592968706573037,0.2434064755439923,0.25,0.2500959863669768,0.2500959863669768,gradient_boosting,0.2,optimized_offpeak_growth,0.35,-0.4285714285714285
ST-001,2024-04-26 13:00:00,0.25,0.2592968706573037,0.23180615719974276,0.2017045875194236,0.19726931561073616,0.19726931561073616,gradient_boosting,0.2,optimized_offpeak_growth,0.35,-0.4285714285714285
ST-009,2024-04-26 14:00:00,0.21585202420597221,0.28080558099837993,0.23018731505628667,0.19801851786761038,0.19735606382374796,0.19735606382374796,gradient_boosting,0.2,optimized_offpeak_growth,0.35,-0.4285714285714285
ST-010,2024-04-26 14:00:00,0.25,0.28080558099837993,0.2584796696007502,0.25,0.2505356754559986,0.2505356754559986,gradient_boosting,0.2,optimized_offpeak_growth,0.35,-0.4285714285714285
ST-018,2024-04-26 14:00:00,0.25,0.28080558099837993,0.23440512122551727,0.25,0.2500959863669768,0.2500959863669768,gradient_boosting,0.2,optimized_offpeak_growth,0.35,-0.4285714285714285
ST-014,2024-04-26 14:00:00,0.25,0.28080558099837993,0.2388245792229688,0.25,0.25020262581484576,0.25020262581484576,gradient_boosting,0.2,optimized_offpeak_growth,0.35,-0.4285714285714285
ST-004,2024-04-26 14:00:00,0.12737580487069444,0.28080558099837993,0.22908063423623057,0.16803149074748808,0.16020306153778424,0.16020306153778424,gradient_boosting,0.2,optimized_offpeak_growth,0.35,-0.4285714285714285
ST-002,2024-04-26 15:00:00,0.25,0.28565712303201046,0.24265129923244344,0.25,0.25018273457998863,0.25018273457998863,gradient_boosting,0.2,optimized_offpeak_growth,0.35,-0.4285714285714285
ST-014,2024-04-26 15:00:00,0.25,0.28565712303201046,0.2596274563184797,0.25,0.2504489272429868,0.2504489272429868,gradient_boosting,0.2,optimized_offpeak_growth,0.35,-0.4285714285714285
ST-016,2024-04-26 15:00:00,0.25,0.28565712303201046,0.2427064665653671,0.25,0.2500360422006034,0.2500360422006034,gradient_boosting,0.2,optimized_offpeak_growth,0.35,-0.4285714285714285
ST-012,2024-04-26 15:00:00,0.25,0.28565712303201046,0.24328603606229182,0.25,0.25018273457998863,0.25018273457998863,gradient_boosting,0.2,optimized_offpeak_growth,0.35,-0.4285714285714285
ST-010,2024-04-26 16:00:00,0.25,0.283728034429347,0.23568397988770054,0.25,0.2505639205967144,0.2505639205967144,gradient_boosting,0.2,optimized_offpeak_growth,0.35,-0.4285714285714285
ST-009,2024-04-26 16:00:00,0.25,0.283728034429347,0.24346218268536995,0.25,0.2503577513873719,0.2503577513873719,gradient_boosting,0.2,optimized_offpeak_growth,0.35,-0.4285714285714285
ST-011,2024-04-26 16:00:00,0.25,0.283728034429347,0.25151615806643124,0.25,0.2502192726121035,0.2502192726121035,gradient_boosting,0.2,optimized_offpeak_growth,0.35,-0.4285714285714285
ST-005,2024-04-26 17:00:00,0.25,0.2972972972972973,0.24494936264507183,0.25,0.2506089618499744,0.2506089618499744,gradient_boosting,0.2,optimized_offpeak_growth,0.35,-0.4285714285714285
ST-001,2024-04-26 17:00:00,0.25,0.2972972972972973,0.25511841154691883,0.25,0.25062404965895185,0.25062404965895185,gradient_boosting,0.2,optimized_offpeak_growth,0.35,-0.4285714285714285
ST-002,2024-04-26 17:00:00,0.25,0.2972972972972973,0.24197784673089787,0.25,0.2504490328515686,0.2504490328515686,gradient_boosting,0.2,optimized_offpeak_growth,0.35,-0.4285714285714285
ST-008,2024-04-26 17:00:00,0.25,0.2972972972972973,0.2502163267609173,0.25,0.25051589622474646,0.25051589622474646,gradient_boosting,0.2,optimized_offpeak_growth,0.35,-0.4285714285714285
ST-017,2024-04-26 17:00:00,0.25,0.2972972972972973,0.24422359725608,0.25,0.25051589622474646,0.25051589622474646,gradient_boosting,0.2,optimized_offpeak_growth,0.35,-0.4285714285714285
ST-012,2024-04-26 17:00:00,0.25,0.2972972972972973,0.2540058417623474,0.25,0.25060264443775826,0.25060264443775826,gradient_boosting,0.2,optimized_offpeak_growth,0.35,-0.4285714285714285
ST-007,2024-04-26 17:00:00,0.5,0.2972972972972973,0.5045658342527075,0.49999340964063277,0.5010022977492918,0.5010022977492918,gradient_boosting,0.5852,optimized_balanced_pricing,0.35,0.6720000000000002
ST-006,2024-04-26 18:00:00,0.25,0.30357142857142855,0.2536548313307896,0.25,0.25056410549257846,0.25056410549257846,gradient_boosting,0.2,optimized_offpeak_growth,0.35,-0.4285714285714285
ST-004,2024-04-26 18:00:00,0.25,0.30357142857142855,0.2446801860964449,0.25,0.2506909130321297,0.2506909130321297,gradient_boosting,0.2,optimized_offpeak_growth,0.35,-0.4285714285714285
ST-003,2024-04-26 18:00:00,0.25,0.30357142857142855,0.24482679416603265,0.25,0.2506089618499744,0.2506089618499744,gradient_boosting,0.2,optimized_offpeak_growth,0.35,-0.4285714285714285
ST-013,2024-04-26 18:00:00,0.25,0.30357142857142855,0.2412172227718592,0.25,0.25064193640375027,0.25064193640375027,gradient_boosting,0.2,optimized_offpeak_growth,0.35,-0.4285714285714285
ST-016,2024-04-26 18:00:00,0.5,0.30357142857142855,0.5148904212671828,0.49999789312396065,0.5023575445591328,0.5023575445591328,gradient_boosting,0.5877,optimized_balanced_pricing,0.35,0.6791428571428573
ST-015,2024-04-26 19:00:00,0.5,0.30625,0.48920733045267184,0.49996454761770814,0.49987480541052454,0.49987480541052454,gradient_boosting,0.5831,optimized_balanced_pricing,0.35,0.6659999999999999
ST-014,2024-04-26 19:00:00,0.25,0.30625,0.24374590672218183,0.25,0.2506089618499744,0.2506089618499744,gradient_boosting,0.2,optimized_offpeak_growth,0.35,-0.4285714285714285
ST-010,2024-04-26 19:00:00,0.25,0.30625,0.24520904777338284,0.25,0.25060264443775826,0.25060264443775826,gradient_boosting,0.2,optimized_offpeak_growth,0.35,-0.4285714285714285
ST-005,2024-04-26 19:00:00,0.25,0.30625,0.2534374950343828,0.25,0.25060264443775826,0.25060264443775826,gradient_boosting,0.2,optimized_offpeak_growth,0.35,-0.4285714285714285
ST-007,2024-04-26 19:00:00,0.25,0.30625,0.24948796837794876,0.25,0.2508360914251785,0.2508360914251785,gradient_boosting,0.2,optimized_offpeak_growth,0.35,-0.4285714285714285
ST-017,2024-04-26 19:00:00,0.25,0.30625,0.2530305951451408,0.25,0.25060264443775826,0.25060264443775826,gradient_boosting,0.2,optimized_offpeak_growth,0.35,-0.4285714285714285
ST-011,2024-04-26 20:00:00,0.25,0.2939189189189189,0.24046495659735978,0.25,0.25039540609741134,0.25039540609741134,gradient_boosting,0.2,optimized_offpeak_growth,0.35,-0.4285714285714285
ST-006,2024-04-26 20:00:00,0.25,0.2939189189189189,0.250407830895396,0.25,0.2506089618499744,0.2506089618499744,gradient_boosting,0.2,optimized_offpeak_growth,0.35,-0.4285714285714285
ST-010,2024-04-26 20:00:00,0.5,0.2939189189189189,0.5003387434739061,0.4999968723838681,0.5008190827680908,0.5008190827680908,gradient_boosting,0.5849,optimized_balanced_pricing,0.35,0.6711428571428573
ST-003,2024-04-26 20:00:00,0.25,0.2939189189189189,0.24467779912706955,0.25,0.25060264443775826,0.25060264443775826,gradient_boosting,0.2,optimized_offpeak_growth,0.35,-0.4285714285714285
ST-012,2024-04-26 20:00:00,0.5,0.2939189189189189,0.4940942882670806,0.4999908064084836,0.5008254001803071,0.5008254001803071,gradient_boosting,0.5849,optimized_balanced_pricing,0.35,0.6711428571428573
ST-002,2024-04-26 21:00:00,0.75,0.3038461538461538,0.7404313693958895,0.7499371845973763,0.7440740176836057,0.7440740176836057,gradient_boosting,0.6,optimized_balanced_pricing,0.35,0.7142857142857144
ST-014,2024-04-26 21:00:00,0.5,0.3038461538461538,0.500809050998996,0.4999968723838681,0.5006055270155279,0.5006055270155279,gradient_boosting,0.5845,optimized_balanced_pricing,0.35,0.6700000000000002
ST-007,2024-04-26 21:00:00,0.25,0.3038461538461538,0.2579023799341134,0.25,0.25048557088368345,0.25048557088368345,gradient_boosting,0.2,optimized_offpeak_growth,0.35,-0.4285714285714285
ST-010,2024-04-26 21:00:00,0.25,0.3038461538461538,0.2726082349507567,0.25,0.2509576394303957,0.2509576394303957,gradient_boosting,0.2,optimized_offpeak_growth,0.35,-0.4285714285714285
ST-014,2024-04-26 22:00:00,0.5,0.27610157121241957,0.48461852233455516,0.4886405965720544,0.4950330234722437,0.4950330234722437,gradient_boosting,0.574,optimized_balanced_pricing,0.35,0.6399999999999999
ST-017,2024-04-26 22:00:00,0.25,0.27610157121241957,0.23284442177629877,0.24588728681439898,0.248415300074858,0.248415300074858,gradient_boosting,0.2,optimized_offpeak_growth,0.35,-0.4285714285714285
ST-011,2024-04-26 22:00:00,0.25,0.27610157121241957,0.23653137790188758,0.25,0.2501162240177797,0.2501162240177797,gradient_boosting,0.2,optimized_offpeak_growth,0.35,-0.4285714285714285
ST-007,2024-04-26 22:00:00,0.20161129892500002,0.27610157121241957,0.2302559158329784,0.20453861413369506,0.18978159938577055,0.18978159938577055,gradient_boosting,0.2,optimized_offpeak_growth,0.35,-0.4285714285714285
ST-006,2024-04-26 22:00:00,0.25,0.27610157121241957,0.23107189593351035,0.19300956332699654,0.19359382475098605,0.19359382475098605,gradient_boosting,0.2,optimized_offpeak_growth,0.35,-0.4285714285714285
ST-002,2024-04-26 22:00:00,0.25,0.27610157121241957,0.23710477848374611,0.25,0.2504830449405867,0.2504830449405867,gradient_boosting,0.2,optimized_offpeak_growth,0.35,-0.4285714285714285
ST-008,2024-04-26 23:00:00,0.25,0.2615701048412356,0.24298790828101854,0.25,0.24990266826521665,0.24990266826521665,gradient_boosting,0.2,optimized_offpeak_growth,0.35,-0.4285714285714285
ST-003,2024-04-26 23:00:00,0.25,0.2615701048412356,0.24689475708358258,0.25,0.2501162240177797,0.2501162240177797,gradient_boosting,0.2,optimized_offpeak_growth,0.35,-0.4285714285714285
ST-015,2024-04-26 23:00:00,0.5,0.2615701048412356,0.47769453011202845,0.4936212982451776,0.4899773720870872,0.4899773720870872,gradient_boosting,0.5642,optimized_balanced_pricing,0.35,0.6120000000000001
ST-018,2024-04-26 23:00:00,0.25,0.2615701048412356,0.24122332616064052,0.25,0.2501162240177797,0.2501162240177797,gradient_boosting,0.2,optimized_offpeak_growth,0.35,-0.4285714285714285
ST-009,2024-04-26 23:00:00,0.25,0.2615701048412356,0.23479354449248407,0.25,0.24990266826521665,0.24990266826521665,gradient_boosting,0.2,optimized_offpeak_growth,0.35,-0.4285714285714285
ST-004,2024-04-26 23:00:00,0.2322649945297222,0.2615701048412356,0.23305390138716617,0.24476074885613447,0.2479072465876916,0.2479072465876916,gradient_boosting,0.2,optimized_offpeak_growth,0.35,-0.4285714285714285
ST-017,2024-04-27 00:00:00,0.25,0.29273142196453594,0.24927288375130147,0.25,0.24997924325037932,0.24997924325037932,gradient_boosting,0.2,optimized_offpeak_growth,0.35,-0.4285714285714285
ST-001,2024-04-27 00:00:00,0.5,0.29273142196453594,0.4826399747726241,0.4843840820682871,0.4935952963636762,0.4935952963636762,gradient_boosting,0.5712,optimized_balanced_pricing,0.35,0.6320000000000001
ST-008,2024-04-27 01:00:00,0.25,0.2816307325385315,0.2463667583273241,0.25,0.25003712473553813,0.25003712473553813,gradient_boosting,0.2,optimized_offpeak_growth,0.35,-0.4285714285714285
ST-018,2024-04-27 01:00:00,0.25,0.2816307325385315,0.24413273409290986,0.25,0.2504119933400478,0.2504119933400478,gradient_boosting,0.2,optimized_offpeak_growth,0.35,-0.4285714285714285
ST-009,2024-04-27 01:00:00,0.25,0.2816307325385315,0.23212374719567636,0.19691321669849143,0.1983232989231134,0.1983232989231134,gradient_boosting,0.2,optimized_offpeak_growth,0.35,-0.4285714285714285
ST-013,2024-04-27 01:00:00,0.5,0.2816307325385315,0.48224492885107045,0.4939534846556257,0.49299642902716334,0.49299642902716334,gradient_boosting,0.5701,optimized_balanced_pricing,0.35,0.628857142857143
ST-003,2024-04-27 01:00:00,0.25,0.2816307325385315,0.24454484220819037,0.25,0.24995037652252636,0.24995037652252636,gradient_boosting,0.2,optimized_offpeak_growth,0.35,-0.4285714285714285
ST-018,2024-04-27 02:00:00,0.25,0.27706113569346424,0.2448238585971854,0.25,0.25018273457998863,0.25018273457998863,gradient_boosting,0.2,optimized_offpeak_growth,0.35,-0.4285714285714285
ST-001,2024-04-27 02:00:00,0.25,0.27706113569346424,0.24014163220525428,0.25,0.25016916715237075,0.25016916715237075,gradient_boosting,0.2,optimized_offpeak_growth,0.35,-0.4285714285714285
ST-013,2024-04-27 02:00:00,0.2145558491275,0.27706113569346424,0.23264311366994656,0.21982654921488437,0.23295402981729801,0.23295402981729801,gradient_boosting,0.2,optimized_offpeak_growth,0.35,-0.4285714285714285
ST-012,2024-04-27 02:00:00,0.10184043779673611,0.27706113569346424,0.22990014347026297,0.14852212159724237,0.13615401799194302,0.13615401799194302,gradient_boosting,0.2,optimized_offpeak_growth,0.35,-0.4285714285714285
ST-017,2024-04-27 03:00:00,0.5,0.2957832489868909,0.4759911807721299,0.48881947480146143,0.4883670554227234,0.4883670554227234,gradient_boosting,0.5611,optimized_balanced_pricing,0.35,0.6031428571428574
ST-012,2024-04-27 03:00:00,0.24503916274624998,0.2957832489868909,0.23214666978455678,0.1915466792526372,0.18980877605817822,0.18980877605817822,gradient_boosting,0.2,optimized_offpeak_growth,0.35,-0.4285714285714285
ST-009,2024-04-27 03:00:00,0.5,0.2957832489868909,0.4800360572421979,0.4916703878246271,0.4943114266054658,0.4943114266054658,gradient_boosting,0.5726,optimized_balanced_pricing,0.35,0.6360000000000001
ST-004,2024-04-27 03:00:00,0.25,0.2957832489868909,0.24387302156874602,0.25,0.25022202654598064,0.25022202654598064,gradient_boosting,0.2,optimized_offpeak_growth,0.35,-0.4285714285714285
ST-005,2024-04-27 03:00:00,0.08549392992645834,0.2957832489868909,0.22980602831597072,0.11335996775842401,0.10667268561266115,0.10667268561266115,gradient_boosting,0.2,optimized_offpeak_growth,0.35,-0.4285714285714285
ST-010,2024-04-27 03:00:00,0.25,0.2957832489868909,0.23258691917070928,0.2449420707098351,0.24871525762448704,0.24871525762448704,gradient_boosting,0.2,optimized_offpeak_growth,0.35,-0.4285714285714285
ST-002,2024-04-27 04:00:00,0.9975119656319446,0.2811836258654831,0.9502017466351285,0.9863008294106811,0.9562698714177928,0.9562698714177928,gradient_boosting,0.6,optimized_peak_management,0.35,0.7142857142857144
ST-001,2024-04-27 04:00:00,0.25,0.2811836258654831,0.236170279618667,0.25,0.25055760318449827,0.25055760318449827,gradient_boosting,0.2,optimized_offpeak_growth,0.35,-0.4285714285714285
ST-012,2024-04-27 04:00:00,0.25,0.2811836258654831,0.2332681729062255,0.23700174646606703,0.24400566038346022,0.24400566038346022,gradient_boosting,0.2,optimized_offpeak_growth,0.35,-0.4285714285714285
ST-010,2024-04-27 04:00:00,0.25,0.2811836258654831,0.24391160362886433,0.25,0.2502495979531665,0.2502495979531665,gradient_boosting,0.2,optimized_offpeak_growth,0.35,-0.4285714285714285
ST-006,2024-04-27 04:00:00,0.24321095314770835,0.2811836258654831,0.23424645213145928,0.24845427498381772,0.2483023855434733,0.2483023855434733,gradient_boosting,0.2,optimized_offpeak_growth,0.35,-0.4285714285714285
ST-008,2024-04-27 04:00:00,0.25,0.2811836258654831,0.23688094839936238,0.25,0.2506244665576761,0.2506244665576761,gradient_boosting,0.2,optimized_offpeak_growth,0.35,-0.4285714285714285
ST-004,2024-04-27 04:00:00,0.25,0.2811836258654831,0.23919796536508162,0.25,0.2500360422006034,0.2500360422006034,gradient_boosting,0.2,optimized_offpeak_growth,0.35,-0.4285714285714285
ST-011,2024-04-27 04:00:00,0.25,0.2811836258654831,0.23799680789043046,0.25,0.2500360422006034,0.2500360422006034,gradient_boosting,0.2,optimized_offpeak_growth,0.35,-0.4285714285714285
ST-005,2024-04-27 05:00:00,0.2112840891692361,0.29863810459611684,0.2322254072557214,0.21149005290265102,0.22443387504882714,0.22443387504882714,gradient_boosting,0.2,optimized_offpeak_growth,0.35,-0.4285714285714285
ST-013,2024-04-27 05:00:00,0.25,0.29863810459611684,0.23462968283260027,0.24972502735489951,0.2495463679538858,0.2495463679538858,gradient_boosting,0.2,optimized_offpeak_growth,0.35,-0.4285714285714285
ST-001,2024-04-27 05:00:00,0.25,0.29863810459611684,0.2354004774531018,0.25,0.2501628497401546,0.2501628497401546,gradient_boosting,0.2,optimized_offpeak_growth,0.35,-0.4285714285714285
ST-015,2024-04-27 05:00:00,0.25,0.29863810459611684,0.2473977981394072,0.25,0.2506244665576761,0.2506244665576761,gradient_boosting,0.2,optimized_offpeak_growth,0.35,-0.4285714285714285
ST-003,2024-04-27 06:00:00,0.25,0.296669832477174,0.2475195404682971,0.25,0.2501628497401546,0.2501628497401546,gradient_boosting,0.2,optimized_offpeak_growth,0.35,-0.4285714285714285
ST-008,2024-04-27 06:00:00,0.5,0.296669832477174,0.47849495044939017,0.4909430405330327,0.48872475160999734,0.48872475160999734,gradient_boosting,0.5618,optimized_balanced_pricing,0.35,0.6051428571428572
ST-008,2024-04-27 07:00:00,0.25,0.2916666666666667,0.2496400487019789,0.25,0.25082815638198613,0.25082815638198613,gradient_boosting,0.2,optimized_offpeak_growth,0.35,-0.4285714285714285
ST-016,2024-04-27 07:00:00,0.25,0.2916666666666667,0.2522155777025314,0.25,0.2507493432121667,0.2507493432121667,gradient_boosting,0.2,optimized_offpeak_growth,0.35,-0.4285714285714285
ST-009,2024-04-27 08:00:00,0.25,0.3143939393939394,0.2602579509405803,0.25,0.2505786365089114,0.2505786365089114,gradient_boosting,0.2,optimized_offpeak_growth,0.35,-0.4285714285714285
ST-015,2024-04-27 08:00:00,0.5,0.3143939393939394,0.5092212539406473,0.4999908064084836,0.5010022977492918,0.5010022977492918,gradient_boosting,0.5852,optimized_balanced_pricing,0.35,0.6720000000000002
ST-002,2024-04-27 08:00:00,0.25,0.3143939393939394,0.2447348528195635,0.25,0.2505222136369626,0.2505222136369626,gradient_boosting,0.2,optimized_offpeak_growth,0.35,-0.4285714285714285
ST-004,2024-04-27 08:00:00,0.25,0.3143939393939394,0.24883617164151442,0.25,0.25060264443775826,0.25060264443775826,gradient_boosting,0.2,optimized_offpeak_growth,0.35,-0.4285714285714285
ST-016,2024-04-27 08:00:00,0.25,0.3143939393939394,0.2460842414795738,0.25,0.25082815638198613,0.25082815638198613,gradient_boosting,0.2,optimized_offpeak_growth,0.35,-0.4285714285714285
ST-003,2024-04-27 09:00:00,0.25,0.28308823529411764,0.24807313717953275,0.25,0.2505222136369626,0.2505222136369626,gradient_boosting,0.2,optimized_offpeak_growth,0.35,-0.4285714285714285
ST-012,2024-04-27 09:00:00,0.25,0.28308823529411764,0.24352178859093224,0.25,0.24978952053563433,0.24978952053563433,gradient_boosting,0.2,optimized_offpeak_growth,0.35,-0.4285714285714285
ST-009,2024-04-27 09:00:00,0.25,0.28308823529411764,0.25110858646713846,0.25,0.25039540609741134,0.25039540609741134,gradient_boosting,0.2,optimized_offpeak_growth,0.35,-0.4285714285714285
ST-015,2024-04-27 09:00:00,0.25,0.28308823529411764,0.24686544281090655,0.25,0.2508360914251785,0.2508360914251785,gradient_boosting,0.2,optimized_offpeak_growth,0.35,-0.4285714285714285
ST-006,2024-04-27 10:00:00,0.25,0.2796610169491525,0.23860056117788886,0.25,0.2502888899191585,0.2502888899191585,gradient_boosting,0.2,optimized_offpeak_growth,0.35,-0.4285714285714285
ST-004,2024-04-27 10:00:00,0.25,0.2796610169491525,0.24380964823220125,0.25,0.2506244665576761,0.2506244665576761,gradient_boosting,0.2,optimized_offpeak_growth,0.35,-0.4285714285714285
ST-013,2024-04-27 10:00:00,0.25,0.2796610169491525,0.23995899482107325,0.25,0.2501628497401546,0.2501628497401546,gradient_boosting,0.2,optimized_offpeak_growth,0.35,-0.4285714285714285
ST-018,2024-04-27 10:00:00,0.25,0.2796610169491525,0.2521381563144802,0.25,0.25000571685954043,0.25000571685954043,gradient_boosting,0.2,optimized_offpeak_growth,0.35,-0.4285714285714285
ST-006,2024-04-27 11:00:00,0.25,0.2781064389093479,0.23196279005628817,0.21794410609578388,0.20957191752507134,0.20957191752507134,gradient_boosting,0.2,optimized_offpeak_growth,0.35,-0.4285714285714285
ST-011,2024-04-27 11:00:00,0.25,0.2781064389093479,0.23289287838756637,0.22096514998728373,0.23294771240508189,0.23294771240508189,gradient_boosting,0.2,optimized_offpeak_growth,0.35,-0.4285714285714285
ST-009,2024-04-27 11:00:00,0.5,0.2781064389093479,0.47861836697455257,0.4932162520827341,0.4927981276276816,0.4927981276276816,gradient_boosting,0.5697,optimized_balanced_pricing,0.35,0.6277142857142857
ST-010,2024-04-27 11:00:00,0.5,0.2781064389093479,0.4773912381118195,0.487624552496641,0.4888515591495486,0.4888515591495486,gradient_boosting,0.562,optimized_balanced_pricing,0.35,0.6057142857142859
ST-001,2024-04-27 11:00:00,0.25,0.2781064389093479,0.23513101987402238,0.25,0.2502495979531665,0.2502495979531665,gradient_boosting,0.2,optimized_offpeak_growth,0.35,-0.4285714285714285
ST-016,2024-04-27 11:00:00,0.25,0.2781064389093479,0.23973113286470515,0.25,0.2501628497401546,0.2501628497401546,gradient_boosting,0.2,optimized_offpeak_growth,0.35,-0.4285714285714285
ST-005,2024-04-27 11:00:00,0.5,0.2781064389093479,0.47286889250650777,0.46254640385669504,0.472063670809199,0.472063670809199,gradient_boosting,0.5281,optimized_balanced_pricing,0.35,0.5088571428571429
ST-012,2024-04-27 12:00:00,0.25,0.2804425749217195,0.25277976255983076,0.25,0.2502192726121035,0.2502192726121035,gradient_boosting,0.2,optimized_offpeak_growth,0.35,-0.4285714285714285
ST-015,2024-04-27 12:00:00,0.25,0.2804425749217195,0.23527073598813433,0.25,0.2500360422006034,0.2500360422006034,gradient_boosting,0.2,optimized_offpeak_growth,0.35,-0.4285714285714285
ST-005,2024-04-27 12:00:00,0.25,0.2804425749217195,0.2427949574515173,0.25,0.2502495979531665,0.2502495979531665,gradient_boosting,0.2,optimized_offpeak_growth,0.35,-0.4285714285714285
ST-017,2024-04-27 12:00:00,0.25,0.2804425749217195,0.24304055367137298,0.25,0.2502495979531665,0.2502495979531665,gradient_boosting,0.2,optimized_offpeak_growth,0.35,-0.4285714285714285
ST-006,2024-04-27 12:00:00,0.25,0.2804425749217195,0.24203941318717823,0.25,0.2504246147605497,0.2504246147605497,gradient_boosting,0.2,optimized_offpeak_growth,0.35,-0.4285714285714285
ST-013,2024-04-27 13:00:00,0.25,0.27784462404110555,0.25205302225824633,0.25,0.2502192726121035,0.2502192726121035,gradient_boosting,0.2,optimized_offpeak_growth,0.35,-0.4285714285714285
ST-009,2024-04-27 13:00:00,0.5,0.27784462404110555,0.4901705310876245,0.49933904558680536,0.4950415136243879,0.4950415136243879,gradient_boosting,0.574,optimized_balanced_pricing,0.35,0.6399999999999999
ST-010,2024-04-27 13:00:00,0.33538802819194447,0.27784462404110555,0.47437972343157264,0.4840376057272251,0.48236315024241366,0.48236315024241366,gradient_boosting,0.5492,optimized_balanced_pricing,0.35,0.5691428571428574
ST-006,2024-04-27 13:00:00,0.25,0.27784462404110555,0.23551301498103566,0.25,0.25092064484174276,0.25092064484174276,gradient_boosting,0.2,optimized_offpeak_growth,0.35,-0.4285714285714285
ST-002,2024-04-27 13:00:00,0.5,0.27784462404110555,0.47473771907391094,0.4673926923263793,0.48227640202940186,0.48227640202940186,gradient_boosting,0.549,optimized_balanced_pricing,0.35,0.5685714285714287
ST-014,2024-04-27 13:00:00,0.21305223269597223,0.27784462404110555,0.23201960409723746,0.19205666436910881,0.1880480845919034,0.1880480845919034,gradient_boosting,0.2,optimized_offpeak_growth,0.35,-0.4285714285714285
ST-018,2024-04-27 14:00:00,0.5,0.30117796875909164,0.4793933826179817,0.49346856768801217,0.49280444503989773,0.49280444503989773,gradient_boosting,0.5697,optimized_balanced_pricing,0.35,0.6277142857142857
ST-003,2024-04-27 14:00:00,0.25,0.30117796875909164,0.23331797341134652,0.2443023083988376,0.24504362725057793,0.24504362725057793,gradient_boosting,0.2,optimized_offpeak_growth,0.35,-0.4285714285714285
ST-010,2024-04-27 14:00:00,0.25,0.30117796875909164,0.24660329738797832,0.25,0.2502495979531665,0.2502495979531665,gradient_boosting,0.2,optimized_offpeak_growth,0.35,-0.4285714285714285
ST-009,2024-04-27 14:00:00,0.5,0.30117796875909164,0.4757172158146845,0.48375137616474384,0.4853215436055226,0.4853215436055226,gradient_boosting,0.5551,optimized_balanced_pricing,0.35,0.5860000000000003
ST-004,2024-04-27 14:00:00,0.25,0.30117796875909164,0.2388963149253217,0.25,0.2500360422006034,0.2500360422006034,gradient_boosting,0.2,optimized_offpeak_growth,0.35,-0.4285714285714285
ST-018,2024-04-27 15:00:00,0.25,0.26607965127231453,0.23756173215923376,0.25,0.2502559153653826,0.2502559153653826,gradient_boosting,0.2,optimized_offpeak_growth,0.35,-0.4285714285714285
ST-008,2024-04-27 15:00:00,0.25,0.26607965127231453,0.2444193602838788,0.25,0.2502495979531665,0.2502495979531665,gradient_boosting,0.2,optimized_offpeak_growth,0.35,-0.4285714285714285
ST-002,2024-04-27 15:00:00,0.25,0.26607965127231453,0.23489840965935166,0.24953781721217502,0.24945809935951438,0.24945809935951438,gradient_boosting,0.2,optimized_offpeak_growth,0.35,-0.4285714285714285
ST-005,2024-04-27 15:00:00,0.25,0.26607965127231453,0.2440407236210312,0.25,0.2500360422006034,0.2500360422006034,gradient_boosting,0.2,optimized_offpeak_growth,0.35,-0.4285714285714285
ST-004,2024-04-27 15:00:00,0.25,0.26607965127231453,0.2589123824164145,0.25,0.2504489272429868,0.2504489272429868,gradient_boosting,0.2,optimized_offpeak_growth,0.35,-0.4285714285714285
ST-001,2024-04-27 15:00:00,0.25,0.26607965127231453,0.2442980822259786,0.25,0.2502495979531665,0.2502495979531665,gradient_boosting,0.2,optimized_offpeak_growth,0.35,-0.4285714285714285
ST-014,2024-04-27 15:00:00,0.1965574767317361,0.26607965127231453,0.2333854772902728,0.22562711362499369,0.2331227292124651,0.2331227292124651,gradient_boosting,0.2,optimized_offpeak_growth,0.35,-0.4285714285714285
ST-003,2024-04-27 15:00:00,0.25,0.26607965127231453,0.2546652901778971,0.25,0.2505749674219906,0.2505749674219906,gradient_boosting,0.2,optimized_offpeak_growth,0.35,-0.4285714285714285
ST-003,2024-04-27 16:00:00,0.09517347416999998,0.2925533495072557,0.2302433242926753,0.13576915614474225,0.11892100775173041,0.11892100775173041,gradient_boosting,0.2,optimized_offpeak_growth,0.35,-0.4285714285714285
ST-016,2024-04-27 16:00:00,0.25,0.2925533495072557,0.23346064005189082,0.2374894607146179,0.23864818313240208,0.23864818313240208,gradient_boosting,0.2,optimized_offpeak_growth,0.35,-0.4285714285714285
ST-013,2024-04-27 16:00:00,0.25,0.2925533495072557,0.23451415271673187,0.25,0.2502559153653826,0.2502559153653826,gradient_boosting,0.2,optimized_offpeak_growth,0.35,-0.4285714285714285
ST-001,2024-04-27 16:00:00,0.5,0.2925533495072557,0.47817954314956923,0.4982612037754728,0.4889383073625604,0.4889383073625604,gradient_boosting,0.5622,optimized_balanced_pricing,0.35,0.6062857142857145
ST-008,2024-04-27 17:00:00,0.25,0.28846153846153844,0.24486671786607017,0.25,0.25060264443775826,0.25060264443775826,gradient_boosting,0.2,optimized_offpeak_growth,0.35,-0.4285714285714285
ST-003,2024-04-27 17:00:00,0.25,0.28846153846153844,0.2495416526678847,0.25,0.2510031731893694,0.2510031731893694,gradient_boosting,0.2,optimized_offpeak_growth,0.35,-0.4285714285714285
ST-002,2024-04-27 17:00:00,0.25,0.28846153846153844,0.26809343763907656,0.25,0.2507681070369784,0.2507681070369784,gradient_boosting,0.2,optimized_offpeak_growth,0.35,-0.4285714285714285
ST-007,2024-04-27 17:00:00,0.25,0.28846153846153844,0.24462047275701734,0.25,0.2507776612451415,0.2507776612451415,gradient_boosting,0.2,optimized_offpeak_growth,0.35,-0.4285714285714285
ST-011,2024-04-27 17:00:00,0.5,0.28846153846153844,0.5027081580223909,0.4993596016774189,0.5029099510979279,0.5029099510979279,gradient_boosting,0.5887,optimized_balanced_pricing,0.35,0.6820000000000002
ST-006,2024-04-27 17:00:00,0.25,0.28846153846153844,0.2539310731631711,0.25,0.25060264443775826,0.25060264443775826,gradient_boosting,0.2,optimized_offpeak_growth,0.35,-0.4285714285714285
ST-009,2024-04-27 18:00:00,0.25,0.2971698113207547,0.25810924969271626,0.25,0.25060264443775826,0.25060264443775826,gradient_boosting,0.2,optimized_offpeak_growth,0.35,-0.4285714285714285
ST-001,2024-04-27 18:00:00,0.25,0.2971698113207547,0.2521807251000344,0.25,0.25051589622474646,0.25051589622474646,gradient_boosting,0.2,optimized_offpeak_growth,0.35,-0.4285714285714285
ST-012,2024-04-27 18:00:00,0.25,0.2971698113207547,0.24929065274251275,0.25,0.2506089618499744,0.2506089618499744,gradient_boosting,0.2,optimized_offpeak_growth,0.35,-0.4285714285714285
ST-011,2024-04-27 18:00:00,0.25,0.2971698113207547,0.2822286621036515,0.25,0.2512725169463396,0.2512725169463396,gradient_boosting,0.2,optimized_offpeak_growth,0.35,-0.4285714285714285
ST-018,2024-04-27 18:00:00,0.25,0.2971698113207547,0.24329320677797195,0.25,0.25051589622474646,0.25051589622474646,gradient_boosting,0.2,optimized_offpeak_growth,0.35,-0.4285714285714285
ST-007,2024-04-27 18:00:00,0.25,0.2971698113207547,0.24604660358978536,0.25,0.2503890886851952,0.2503890886851952,gradient_boosting,0.2,optimized_offpeak_growth,0.35,-0.4285714285714285
ST-003,2024-04-27 18:00:00,0.5,0.2971698113207547,0.49396619446591544,0.49967505643588744,0.5008190827680908,0.5008190827680908,gradient_boosting,0.5849,optimized_balanced_pricing,0.35,0.6711428571428573
ST-014,2024-04-27 19:00:00,0.25,0.30597014925373134,0.2500124732302716,0.25,0.2506909130321297,0.2506909130321297,gradient_boosting,0.2,optimized_offpeak_growth,0.35,-0.4285714285714285
ST-003,2024-04-27 19:00:00,0.25,0.30597014925373134,0.2688248812059499,0.25,0.2509999363934224,0.2509999363934224,gradient_boosting,0.2,optimized_offpeak_growth,0.35,-0.4285714285714285
ST-001,2024-04-27 19:00:00,0.25,0.30597014925373134,0.24900819913012928,0.25,0.2503890886851952,0.2503890886851952,gradient_boosting,0.2,optimized_offpeak_growth,0.35,-0.4285714285714285
ST-015,2024-04-27 19:00:00,0.25,0.30597014925373134,0.24429153106191576,0.25,0.25060264443775826,0.25060264443775826,gradient_boosting,0.2,optimized_offpeak_growth,0.35,-0.4285714285714285
ST-006,2024-04-27 20:00:00,0.25,0.30333333333333334,0.2454479635996335,0.25,0.25060264443775826,0.25060264443775826,gradient_boosting,0.2,optimized_offpeak_growth,0.35,-0.4285714285714285
ST-017,2024-04-27 20:00:00,0.25,0.30333333333333334,0.24729923190513864,0.25,0.25060264443775826,0.25060264443775826,gradient_boosting,0.2,optimized_offpeak_growth,0.35,-0.4285714285714285
ST-008,2024-04-27 20:00:00,0.25,0.30333333333333334,0.24440653361735362,0.25,0.25060264443775826,0.25060264443775826,gradient_boosting,0.2,optimized_offpeak_growth,0.35,-0.4285714285714285
ST-014,2024-04-27 20:00:00,0.25,0.30333333333333334,0.2511888841215151,0.25,0.25060264443775826,0.25060264443775826,gradient_boosting,0.2,optimized_offpeak_growth,0.35,-0.4285714285714285
ST-001,2024-04-27 20:00:00,0.25,0.30333333333333334,0.2620760671439076,0.25,0.2507681070369784,0.2507681070369784,gradient_boosting,0.2,optimized_offpeak_growth,0.35,-0.4285714285714285
ST-012,2024-04-27 20:00:00,0.25,0.30333333333333334,0.25516202160998547,0.25,0.25082815638198613,0.25082815638198613,gradient_boosting,0.2,optimized_offpeak_growth,0.35,-0.4285714285714285
ST-005,2024-04-27 20:00:00,0.25,0.30333333333333334,0.2478834494197194,0.25,0.25051589622474646,0.25051589622474646,gradient_boosting,0.2,optimized_offpeak_growth,0.35,-0.4285714285714285
ST-010,2024-04-27 20:00:00,0.25,0.30333333333333334,0.24864044908950422,0.25,0.25060264443775826,0.25060264443775826,gradient_boosting,0.2,optimized_offpeak_growth,0.35,-0.4285714285714285
ST-007,2024-04-27 21:00:00,0.25,0.2916666666666667,0.26325981509272933,0.25,0.25055455128441534,0.25055455128441534,gradient_boosting,0.2,optimized_offpeak_growth,0.35,-0.4285714285714285
ST-006,2024-04-27 21:00:00,0.5,0.2916666666666667,0.5135432647193554,0.49999789312396065,0.5010022977492918,0.5010022977492918,gradient_boosting,0.5852,optimized_balanced_pricing,0.35,0.6720000000000002
ST-001,2024-04-27 21:00:00,0.25,0.2916666666666667,0.2516509401050421,0.25,0.25083447379420226,0.25083447379420226,gradient_boosting,0.2,optimized_offpeak_growth,0.35,-0.4285714285714285
ST-013,2024-04-27 22:00:00,0.12973087733770833,0.28625511394144015,0.23255240812716615,0.13860912942447046,0.1528327788494045,0.1528327788494045,gradient_boosting,0.2,optimized_offpeak_growth,0.35,-0.4285714285714285
ST-011,2024-04-27 22:00:00,0.25,0.28625511394144015,0.23557672583272884,0.25,0.25041618156740886,0.25041618156740886,gradient_boosting,0.2,optimized_offpeak_growth,0.35,-0.4285714285714285
ST-015,2024-04-27 22:00:00,0.25,0.28625511394144015,0.24031817760376423,0.25,0.25004936064460187,0.25004936064460187,gradient_boosting,0.2,optimized_offpeak_growth,0.35,-0.4285714285714285
ST-004,2024-04-27 22:00:00,0.25,0.28625511394144015,0.23560354458807767,0.25,0.25018905199220476,0.25018905199220476,gradient_boosting,0.2,optimized_offpeak_growth,0.35,-0.4285714285714285
ST-012,2024-04-27 22:00:00,0.25,0.28625511394144015,0.23455230550040315,0.2484532525348649,0.24827457229671987,0.24827457229671987,gradient_boosting,0.2,optimized_offpeak_growth,0.35,-0.4285714285714285
ST-016,2024-04-27 23:00:00,0.25,0.27220390898905344,0.25253424262786056,0.25,0.24976926321322668,0.24976926321322668,gradient_boosting,0.2,optimized_offpeak_growth,0.35,-0.4285714285714285
ST-012,2024-04-27 23:00:00,0.11996432704798611,0.27220390898905344,0.23253287764080055,0.14330239919920648,0.15274341076775458,0.15274341076775458,gradient_boosting,0.2,optimized_offpeak_growth,0.35,-0.4285714285714285
ST-017,2024-04-27 23:00:00,0.5,0.27220390898905344,0.4891181547785739,0.49920199025047324,0.4927271596725687,0.4927271596725687,gradient_boosting,0.5696,optimized_balanced_pricing,0.35,0.6274285714285714
ST-004,2024-04-27 23:00:00,0.25,0.27220390898905344,0.23763673803257412,0.25,0.25004936064460187,0.25004936064460187,gradient_boosting,0.2,optimized_offpeak_growth,0.35,-0.4285714285714285
ST-002,2024-04-28 00:00:00,0.25,0.2809424822966144,0.23434817136794966,0.25,0.24991869728941762,0.24991869728941762,gradient_boosting,0.2,optimized_offpeak_growth,0.35,-0.4285714285714285
ST-015,2024-04-28 00:00:00,0.25,0.2809424822966144,0.24609097657722556,0.25,0.24991237987720147,0.24991237987720147,gradient_boosting,0.2,optimized_offpeak_growth,0.35,-0.4285714285714285
ST-014,2024-04-28 00:00:00,0.25,0.2809424822966144,0.23400127937860957,0.25,0.24991237987720147,0.24991237987720147,gradient_boosting,0.2,optimized_offpeak_growth,0.35,-0.4285714285714285
ST-016,2024-04-28 00:00:00,0.25,0.2809424822966144,0.24262499638852147,0.25,0.25020285841219414,0.25020285841219414,gradient_boosting,0.2,optimized_offpeak_growth,0.35,-0.4285714285714285
ST-018,2024-04-28 00:00:00,0.25,0.2809424822966144,0.23612845718141454,0.25,0.24991237987720147,0.24991237987720147,gradient_boosting,0.2,optimized_offpeak_growth,0.35,-0.4285714285714285
ST-009,2024-04-28 00:00:00,0.11269031995395834,0.2809424822966144,0.23008204547614458,0.14313112219790705,0.15134171596766588,0.15134171596766588,gradient_boosting,0.2,optimized_offpeak_growth,0.35,-0.4285714285714285
ST-004,2024-04-28 00:00:00,0.10692003120819443,0.2809424822966144,0.2305525610236576,0.13313184948858028,0.15434157376830673,0.15434157376830673,gradient_boosting,0.2,optimized_offpeak_growth,0.35,-0.4285714285714285
ST-008,2024-04-28 01:00:00,0.25,0.2549889992129882,0.23514316066368898,0.25,0.2498835131493485,0.2498835131493485,gradient_boosting,0.2,optimized_offpeak_growth,0.35,-0.4285714285714285
ST-016,2024-04-28 01:00:00,0.5,0.2549889992129882,0.495253664373555,0.49450039805259066,0.49421403582245776,0.49421403582245776,gradient_boosting,0.5724,optimized_balanced_pricing,0.35,0.6354285714285717
ST-010,2024-04-28 01:00:00,0.25,0.2549889992129882,0.2569107026371166,0.25,0.2503232022383703,0.2503232022383703,gradient_boosting,0.2,optimized_offpeak_growth,0.35,-0.4285714285714285
ST-004,2024-04-28 01:00:00,0.24404263310395835,0.2549889992129882,0.23112700691395888,0.18150623239049787,0.1895963028405499,0.1895963028405499,gradient_boosting,0.2,optimized_offpeak_growth,0.35,-0.4285714285714285
ST-005,2024-04-28 02:00:00,0.25,0.28759556983134704,0.255538194536436,0.25,0.2504489272429868,0.2504489272429868,gradient_boosting,0.2,optimized_offpeak_growth,0.35,-0.4285714285714285
ST-009,2024-04-28 02:00:00,0.17561526908194444,0.28759556983134704,0.23136084289011616,0.18797122200375452,0.1908149884909037,0.1908149884909037,gradient_boosting,0.2,optimized_offpeak_growth,0.35,-0.4285714285714285
ST-008,2024-04-28 02:00:00,0.25,0.28759556983134704,0.24108311116902328,0.25,0.2499691788274255,0.2499691788274255,gradient_boosting,0.2,optimized_offpeak_growth,0.35,-0.4285714285714285
ST-004,2024-04-28 03:00:00,0.25,0.2898970000164358,0.23629167878603444,0.25,0.2503577513873719,0.2503577513873719,gradient_boosting,0.2,optimized_offpeak_growth,0.35,-0.4285714285714285
ST-003,2024-04-28 03:00:00,0.25,0.2898970000164358,0.2351137644837292,0.25,0.2505639205967144,0.2505639205967144,gradient_boosting,0.2,optimized_offpeak_growth,0.35,-0.4285714285714285
ST-005,2024-04-28 03:00:00,0.75,0.2898970000164358,0.7075289745325326,0.7200290468155222,0.708339073175879,0.708339073175879,gradient_boosting,0.6,optimized_balanced_pricing,0.35,0.7142857142857144
ST-011,2024-04-28 03:00:00,0.25,0.2898970000164358,0.23520968469496806,0.25,0.2500959863669768,0.2500959863669768,gradient_boosting,0.2,optimized_offpeak_growth,0.35,-0.4285714285714285
ST-008,2024-04-28 03:00:00,0.25,0.2898970000164358,0.23701762954724004,0.25,0.25018273457998863,0.25018273457998863,gradient_boosting,0.2,optimized_offpeak_growth,0.35,-0.4285714285714285
ST-013,2024-04-28 03:00:00,0.4588729258689584,0.2898970000164358,0.4722095838496983,0.4756587316690613,0.47148610145714587,0.47148610145714587,gradient_boosting,0.5269,optimized_balanced_pricing,0.35,0.5054285714285716
ST-007,2024-04-28 03:00:00,0.25,0.2898970000164358,0.2426671148043538,0.25,0.2501023037791929,0.2501023037791929,gradient_boosting,0.2,optimized_offpeak_growth,0.35,-0.4285714285714285
ST-010,2024-04-28 03:00:00,0.4275878749375,0.2898970000164358,0.4648713221729302,0.4026847400266715,0.3974064729806114,0.3974064729806114,gradient_boosting,0.3424,optimized_balanced_pricing,0.35,-0.021714285714285686
ST-014,2024-04-28 03:00:00,0.25,0.2898970000164358,0.24239695953347082,0.25,0.25018273457998863,0.25018273457998863,gradient_boosting,0.2,optimized_offpeak_growth,0.35,-0.4285714285714285
ST-014,2024-04-28 04:00:00,0.19556283790548612,0.2705343843358972,0.23203662569582298,0.2194309053448478,0.2211664003198328,0.2211664003198328,gradient_boosting,0.2,optimized_offpeak_growth,0.35,-0.4285714285714285
ST-015,2024-04-28 04:00:00,0.25,0.2705343843358972,0.233752097997626,0.2470265690055766,0.24939123598633653,0.24939123598633653,gradient_boosting,0.2,optimized_offpeak_growth,0.35,-0.4285714285714285
ST-017,2024-04-28 04:00:00,0.5,0.2705343843358972,0.47495025519972156,0.48512131610504394,0.4854682359849078,0.4854682359849078,gradient_boosting,0.5554,optimized_balanced_pricing,0.35,0.586857142857143
ST-007,2024-04-28 04:00:00,0.25,0.2705343843358972,0.24079745953129927,0.25,0.25018273457998863,0.25018273457998863,gradient_boosting,0.2,optimized_offpeak_growth,0.35,-0.4285714285714285
ST-005,2024-04-28 04:00:00,0.25,0.2705343843358972,0.2349358530115036,0.2479364098770513,0.24839506242405504,0.24839506242405504,gradient_boosting,0.2,optimized_offpeak_growth,0.35,-0.4285714285714285
ST-009,2024-04-28 04:00:00,0.25,0.2705343843358972,0.23550583602578845,0.25,0.25027100317436,0.25027100317436,gradient_boosting,0.2,optimized_offpeak_growth,0.35,-0.4285714285714285
ST-006,2024-04-28 05:00:00,0.25,0.26930142859083334,0.2327111132427383,0.24725899635368154,0.24871525762448704,0.24871525762448704,gradient_boosting,0.2,optimized_offpeak_growth,0.35,-0.4285714285714285
ST-005,2024-04-28 05:00:00,0.25,0.26930142859083334,0.23766947950159917,0.25,0.25018273457998863,0.25018273457998863,gradient_boosting,0.2,optimized_offpeak_growth,0.35,-0.4285714285714285
ST-011,2024-04-28 05:00:00,0.25,0.26930142859083334,0.23758232674630275,0.25,0.2500959863669768,0.2500959863669768,gradient_boosting,0.2,optimized_offpeak_growth,0.35,-0.4285714285714285
ST-001,2024-04-28 05:00:00,0.25,0.26930142859083334,0.23818060686000989,0.25,0.2499691788274255,0.2499691788274255,gradient_boosting,0.2,optimized_offpeak_growth,0.35,-0.4285714285714285
ST-014,2024-04-28 05:00:00,0.5,0.26930142859083334,0.47580289645205737,0.49187194852582244,0.4933899623881778,0.4933899623881778,gradient_boosting,0.5708,optimized_balanced_pricing,0.35,0.6308571428571428
ST-004,2024-04-28 06:00:00,0.25,0.2893282456937755,0.23247394681553088,0.2211238433497416,0.23288084903190404,0.23288084903190404,gradient_boosting,0.2,optimized_offpeak_growth,0.35,-0.4285714285714285
ST-012,2024-04-28 06:00:00,0.25,0.2893282456937755,0.2381717536926471,0.25,0.2503577513873719,0.2503577513873719,gradient_boosting,0.2,optimized_offpeak_growth,0.35,-0.4285714285714285
ST-018,2024-04-28 06:00:00,0.25,0.2893282456937755,0.2425490411905817,0.25,0.25018273457998863,0.25018273457998863,gradient_boosting,0.2,optimized_offpeak_growth,0.35,-0.4285714285714285
ST-008,2024-04-28 06:00:00,0.25,0.2893282456937755,0.23396590256522065,0.24911690801747471,0.24797375714990044,0.24797375714990044,gradient_boosting,0.2,optimized_offpeak_growth,0.35,-0.4285714285714285
ST-015,2024-04-28 06:00:00,0.25,0.2893282456937755,0.24538573735533495,0.25,0.25018273457998863,0.25018273457998863,gradient_boosting,0.2,optimized_offpeak_growth,0.35,-0.4285714285714285
ST-009,2024-04-28 06:00:00,0.25,0.2893282456937755,0.23501659406025302,0.25,0.25018273457998863,0.25018273457998863,gradient_boosting,0.2,optimized_offpeak_growth,0.35,-0.4285714285714285
ST-002,2024-04-28 06:00:00,0.22658827807319445,0.2893282456937755,0.23139579676841598,0.14865734147125706,0.1612834413090361,0.1612834413090361,gradient_boosting,0.2,optimized_offpeak_growth,0.35,-0.4285714285714285
ST-018,2024-04-28 07:00:00,0.25,0.29411764705882354,0.24506640623548617,0.25,0.25051589622474646,0.25051589622474646,gradient_boosting,0.2,optimized_offpeak_growth,0.35,-0.4285714285714285
ST-007,2024-04-28 07:00:00,0.5,0.29411764705882354,0.4974875609516135,0.49943240394545996,0.5010445947123187,0.5010445947123187,gradient_boosting,0.5853,optimized_balanced_pricing,0.35,0.6722857142857146
ST-014,2024-04-28 08:00:00,0.25,0.30405405405405406,0.2770349337561178,0.25,0.2507377662656165,0.2507377662656165,gradient_boosting,0.2,optimized_offpeak_growth,0.35,-0.4285714285714285
ST-013,2024-04-28 08:00:00,0.25,0.30405405405405406,0.2585511078898076,0.25,0.25048557088368345,0.25048557088368345,gradient_boosting,0.2,optimized_offpeak_growth,0.35,-0.4285714285714285
ST-010,2024-04-28 08:00:00,0.25,0.30405405405405406,0.25768497947550223,0.25,0.25051589622474646,0.25051589622474646,gradient_boosting,0.2,optimized_offpeak_growth,0.35,-0.4285714285714285
ST-008,2024-04-28 09:00:00,0.25,0.30067567567567566,0.24179142497851125,0.25,0.25051589622474646,0.25051589622474646,gradient_boosting,0.2,optimized_offpeak_growth,0.35,-0.4285714285714285
ST-015,2024-04-28 09:00:00,0.25,0.30067567567567566,0.24649500638393482,0.25,0.25060264443775826,0.25060264443775826,gradient_boosting,0.2,optimized_offpeak_growth,0.35,-0.4285714285714285
ST-001,2024-04-28 09:00:00,0.25,0.30067567567567566,0.24081594586036542,0.25,0.25060264443775826,0.25060264443775826,gradient_boosting,0.2,optimized_offpeak_growth,0.35,-0.4285714285714285
ST-004,2024-04-28 09:00:00,0.25,0.30067567567567566,0.24530727257390542,0.25,0.25098630315215703,0.25098630315215703,gradient_boosting,0.2,optimized_offpeak_growth,0.35,-0.4285714285714285
ST-016,2024-04-28 09:00:00,0.25,0.30067567567567566,0.24477608002941723,0.25,0.2508360914251785,0.2508360914251785,gradient_boosting,0.2,optimized_offpeak_growth,0.35,-0.4285714285714285
ST-002,2024-04-28 09:00:00,0.25,0.30067567567567566,0.24381588527877265,0.25,0.2507776612451415,0.2507776612451415,gradient_boosting,0.2,optimized_offpeak_growth,0.35,-0.4285714285714285
ST-011,2024-04-28 09:00:00,0.5,0.30067567567567566,0.4935749988050933,0.4999930986240022,0.5008190827680908,0.5008190827680908,gradient_boosting,0.5849,optimized_balanced_pricing,0.35,0.6711428571428573
ST-013,2024-04-28 09:00:00,0.5,0.30067567567567566,0.4978690439868574,0.4999036101912314,0.5008254001803071,0.5008254001803071,gradient_boosting,0.5849,optimized_balanced_pricing,0.35,0.6711428571428573
ST-010,2024-04-28 09:00:00,0.75,0.30067567567567566,0.7754281043157868,0.7499776667378053,0.7511743512380075,0.7511743512380075,gradient_boosting,0.6,optimized_balanced_pricing,0.35,0.7142857142857144
ST-005,2024-04-28 10:00:00,0.25,0.29918032786885246,0.26110299681006754,0.25,0.2504489272429868,0.2504489272429868,gradient_boosting,0.2,optimized_offpeak_growth,0.35,-0.4285714285714285
ST-011,2024-04-28 10:00:00,0.25,0.29918032786885246,0.23918884024658596,0.25,0.2502559153653826,0.2502559153653826,gradient_boosting,0.2,optimized_offpeak_growth,0.35,-0.4285714285714285
ST-013,2024-04-28 10:00:00,0.25,0.29918032786885246,0.24965555645528317,0.25,0.2502559153653826,0.2502559153653826,gradient_boosting,0.2,optimized_offpeak_growth,0.35,-0.4285714285714285
ST-009,2024-04-28 10:00:00,0.25,0.29918032786885246,0.2413758571101069,0.25,0.2502495979531665,0.2502495979531665,gradient_boosting,0.2,optimized_offpeak_growth,0.35,-0.4285714285714285
ST-006,2024-04-28 10:00:00,0.25,0.29918032786885246,0.24299290034776155,0.25,0.2501628497401546,0.2501628497401546,gradient_boosting,0.2,optimized_offpeak_growth,0.35,-0.4285714285714285
ST-007,2024-04-28 10:00:00,0.25,0.29918032786885246,0.24114677429576314,0.25,0.25016916715237075,0.25016916715237075,gradient_boosting,0.2,optimized_offpeak_growth,0.35,-0.4285714285714285
ST-008,2024-04-28 10:00:00,0.25,0.29918032786885246,0.23441172353396963,0.25,0.2500360422006034,0.2500360422006034,gradient_boosting,0.2,optimized_offpeak_growth,0.35,-0.4285714285714285
ST-017,2024-04-28 10:00:00,0.25,0.29918032786885246,0.2395717875545955,0.25,0.2502495979531665,0.2502495979531665,gradient_boosting,0.2,optimized_offpeak_growth,0.35,-0.4285714285714285
ST-007,2024-04-28 11:00:00,0.4590096652681944,0.27727911351456924,0.47384961807004006,0.48205790792826053,0.48236315024241366,0.48236315024241366,gradient_boosting,0.5492,optimized_balanced_pricing,0.35,0.5691428571428574
ST-003,2024-04-28 11:00:00,0.25,0.27727911351456924,0.25492742917002675,0.25,0.2505356754559986,0.2505356754559986,gradient_boosting,0.2,optimized_offpeak_growth,0.35,-0.4285714285714285
ST-005,2024-04-28 11:00:00,0.25,0.27727911351456924,0.23730819966472178,0.25,0.25016916715237075,0.25016916715237075,gradient_boosting,0.2,optimized_offpeak_growth,0.35,-0.4285714285714285
ST-009,2024-04-28 11:00:00,0.23356867078819446,0.27727911351456924,0.23267108106004353,0.2369401935436868,0.2442922603935985,0.2442922603935985,gradient_boosting,0.2,optimized_offpeak_growth,0.35,-0.4285714285714285
ST-001,2024-04-28 11:00:00,0.25,0.27727911351456924,0.23420833093463095,0.24933751303092702,0.24945809935951438,0.24945809935951438,gradient_boosting,0.2,optimized_offpeak_growth,0.35,-0.4285714285714285
ST-010,2024-04-28 12:00:00,0.25,0.2748947827263669,0.24426324980293224,0.25,0.25022313279269515,0.25022313279269515,gradient_boosting,0.2,optimized_offpeak_growth,0.35,-0.4285714285714285
ST-009,2024-04-28 12:00:00,0.2122490405384722,0.2748947827263669,0.23252805769260282,0.23840949691388416,0.23871966187141752,0.23871966187141752,gradient_boosting,0.2,optimized_offpeak_growth,0.35,-0.4285714285714285
ST-011,2024-04-28 12:00:00,0.25,0.2748947827263669,0.24273291471633168,0.25,0.2502495979531665,0.2502495979531665,gradient_boosting,0.2,optimized_offpeak_growth,0.35,-0.4285714285714285
ST-003,2024-04-28 12:00:00,0.25,0.2748947827263669,0.23849336280015448,0.25,0.2502559153653826,0.2502559153653826,gradient_boosting,0.2,optimized_offpeak_growth,0.35,-0.4285714285714285
ST-015,2024-04-28 13:00:00,0.25,0.2842430015449937,0.23550972078567511,0.25,0.2502495979531665,0.2502495979531665,gradient_boosting,0.2,optimized_offpeak_growth,0.35,-0.4285714285714285
ST-001,2024-04-28 13:00:00,0.18068363568395834,0.2842430015449937,0.23298542175253345,0.22583746210015093,0.23294771240508189,0.23294771240508189,gradient_boosting,0.2,optimized_offpeak_growth,0.35,-0.4285714285714285
ST-003,2024-04-28 13:00:00,0.25,0.2842430015449937,0.24318743298876955,0.25,0.2500360422006034,0.2500360422006034,gradient_boosting,0.2,optimized_offpeak_growth,0.35,-0.4285714285714285
ST-005,2024-04-28 13:00:00,0.5823298127379862,0.2842430015449937,0.7048248888748803,0.6375482168325343,0.666200220516262,0.666200220516262,gradient_boosting,0.6,optimized_balanced_pricing,0.35,0.7142857142857144
ST-010,2024-04-28 13:00:00,0.25,0.2842430015449937,0.23760725068024638,0.25,0.2502495979531665,0.2502495979531665,gradient_boosting,0.2,optimized_offpeak_growth,0.35,-0.4285714285714285
ST-004,2024-04-28 14:00:00,0.25,0.2851444121278114,0.24349879605714492,0.25,0.2502495979531665,0.2502495979531665,gradient_boosting,0.2,optimized_offpeak_growth,0.35,-0.4285714285714285
ST-013,2024-04-28 14:00:00,0.25,0.2851444121278114,0.2332349237104083,0.24766218107878651,0.24855499142246082,0.24855499142246082,gradient_boosting,0.2,optimized_offpeak_growth,0.35,-0.4285714285714285
ST-017,2024-04-28 14:00:00,0.25,0.2851444121278114,0.23179909871360277,0.1573265138872277,0.15541467008886373,0.15541467008886373,gradient_boosting,0.2,optimized_offpeak_growth,0.35,-0.4285714285714285
ST-006,2024-04-28 15:00:00,0.25,0.3081897693152609,0.24480111113363548,0.25,0.2500959863669768,0.2500959863669768,gradient_boosting,0.2,optimized_offpeak_growth,0.35,-0.4285714285714285
ST-017,2024-04-28 15:00:00,0.07622257300819445,0.3081897693152609,0.23132769284842628,0.14906375847960568,0.12026392340055311,0.12026392340055311,gradient_boosting,0.2,optimized_offpeak_growth,0.35,-0.4285714285714285
ST-002,2024-04-28 15:00:00,0.12070898448874999,0.3081897693152609,0.23128834953417926,0.13720637551983672,0.154071228504633,0.154071228504633,gradient_boosting,0.2,optimized_offpeak_growth,0.35,-0.4285714285714285
ST-018,2024-04-28 16:00:00,0.25,0.27447375135043245,0.242945737914227,0.25,0.25018273457998863,0.25018273457998863,gradient_boosting,0.2,optimized_offpeak_growth,0.35,-0.4285714285714285
ST-017,2024-04-28 16:00:00,0.25,0.27447375135043245,0.2452323351549164,0.25,0.2503577513873719,0.2503577513873719,gradient_boosting,0.2,optimized_offpeak_growth,0.35,-0.4285714285714285
ST-014,2024-04-28 16:00:00,0.25,0.27447375135043245,0.23320851621698382,0.25,0.250329433354397,0.250329433354397,gradient_boosting,0.2,optimized_offpeak_growth,0.35,-0.4285714285714285
ST-004,2024-04-28 16:00:00,0.5,0.27447375135043245,0.4736567167717122,0.479979521936437,0.4822962868692358,0.4822962868692358,gradient_boosting,0.5491,optimized_balanced_pricing,0.35,0.568857142857143
ST-010,2024-04-28 16:00:00,0.25,0.27447375135043245,0.24395496707599607,0.25,0.25018273457998863,0.25018273457998863,gradient_boosting,0.2,optimized_offpeak_growth,0.35,-0.4285714285714285
ST-005,2024-04-28 16:00:00,0.25,0.27447375135043245,0.23762944169030428,0.25,0.2499691788274255,0.2499691788274255,gradient_boosting,0.2,optimized_offpeak_growth,0.35,-0.4285714285714285
ST-012,2024-04-28 17:00:00,0.25,0.2850877192982456,0.24843330708173256,0.25,0.2504490328515686,0.2504490328515686,gradient_boosting,0.2,optimized_offpeak_growth,0.35,-0.4285714285714285
ST-008,2024-04-28 17:00:00,0.25,0.2850877192982456,0.25805849101541223,0.25,0.2505357810645804,0.2505357810645804,gradient_boosting,0.2,optimized_offpeak_growth,0.35,-0.4285714285714285
ST-002,2024-04-28 18:00:00,0.5,0.30514705882352944,0.4914210313930846,0.4988222035995397,0.5020924812799129,0.5020924812799129,gradient_boosting,0.5872,optimized_balanced_pricing,0.35,0.6777142857142859
ST-011,2024-04-28 18:00:00,0.25,0.30514705882352944,0.2497254165042781,0.25,0.25051589622474646,0.25051589622474646,gradient_boosting,0.2,optimized_offpeak_growth,0.35,-0.4285714285714285
ST-018,2024-04-28 18:00:00,0.25,0.30514705882352944,0.24519469751196202,0.25,0.25051589622474646,0.25051589622474646,gradient_boosting,0.2,optimized_offpeak_growth,0.35,-0.4285714285714285
ST-001,2024-04-28 18:00:00,0.25,0.30514705882352944,0.2696274520000755,0.25,0.2511686357885895,0.2511686357885895,gradient_boosting,0.2,optimized_offpeak_growth,0.35,-0.4285714285714285
ST-003,2024-04-28 18:00:00,0.25,0.30514705882352944,0.24558138626674683,0.25,0.2505357810645804,0.2505357810645804,gradient_boosting,0.2,optimized_offpeak_growth,0.35,-0.4285714285714285
ST-005,2024-04-28 18:00:00,0.25,0.30514705882352944,0.24359445156509116,0.25,0.2505357810645804,0.2505357810645804,gradient_boosting,0.2,optimized_offpeak_growth,0.35,-0.4285714285714285
ST-001,2024-04-28 19:00:00,0.25,0.29044117647058826,0.25454785319339024,0.25,0.2505222136369626,0.2505222136369626,gradient_boosting,0.2,optimized_offpeak_growth,0.35,-0.4285714285714285
ST-018,2024-04-28 19:00:00,0.5,0.29044117647058826,0.49998134284109497,0.4989202459418476,0.5012791927445223,0.5012791927445223,gradient_boosting,0.5857,optimized_balanced_pricing,0.35,0.6734285714285715
ST-008,2024-04-28 19:00:00,0.25,0.29044117647058826,0.2579681711702851,0.25,0.2505786365089114,0.2505786365089114,gradient_boosting,0.2,optimized_offpeak_growth,0.35,-0.4285714285714285
ST-004,2024-04-28 19:00:00,0.25,0.29044117647058826,0.2532793302057049,0.25,0.25060264443775826,0.25060264443775826,gradient_boosting,0.2,optimized_offpeak_growth,0.35,-0.4285714285714285
ST-012,2024-04-28 19:00:00,0.75,0.29044117647058826,0.7513875301806691,0.7499925812105951,0.7472254300160143,0.7472254300160143,gradient_boosting,0.6,optimized_balanced_pricing,0.35,0.7142857142857144
ST-002,2024-04-28 19:00:00,0.25,0.29044117647058826,0.2479858943600238,0.25,0.2506089618499744,0.2506089618499744,gradient_boosting,0.2,optimized_offpeak_growth,0.35,-0.4285714285714285
ST-007,2024-04-28 20:00:00,0.25,0.2791666666666667,0.2575839865877542,0.25,0.25082815638198613,0.25082815638198613,gradient_boosting,0.2,optimized_offpeak_growth,0.35,-0.4285714285714285
ST-006,2024-04-28 20:00:00,0.25,0.2791666666666667,0.24645364034977807,0.25,0.25060264443775826,0.25060264443775826,gradient_boosting,0.2,optimized_offpeak_growth,0.35,-0.4285714285714285
ST-013,2024-04-28 20:00:00,0.25,0.2791666666666667,0.2417636515714432,0.249540900357213,0.2501613615367882,0.2501613615367882,gradient_boosting,0.2,optimized_offpeak_growth,0.35,-0.4285714285714285
ST-010,2024-04-28 20:00:00,0.25,0.2791666666666667,0.2599269001318268,0.25,0.25057231909669525,0.25057231909669525,gradient_boosting,0.2,optimized_offpeak_growth,0.35,-0.4285714285714285
ST-004,2024-04-28 20:00:00,0.25,0.2791666666666667,0.26832709793755694,0.25,0.2507681070369784,0.2507681070369784,gradient_boosting,0.2,optimized_offpeak_growth,0.35,-0.4285714285714285
ST-002,2024-04-28 20:00:00,0.25,0.2791666666666667,0.24664684537417142,0.25,0.25060264443775826,0.25060264443775826,gradient_boosting,0.2,optimized_offpeak_growth,0.35,-0.4285714285714285
ST-012,2024-04-28 20:00:00,0.25,0.2791666666666667,0.25412507111458227,0.25,0.25059800897954043,0.25059800897954043,gradient_boosting,0.2,optimized_offpeak_growth,0.35,-0.4285714285714285
ST-011,2024-04-28 20:00:00,0.25,0.2791666666666667,0.26458061734579413,0.25,0.2506813588239666,0.2506813588239666,gradient_boosting,0.2,optimized_offpeak_growth,0.35,-0.4285714285714285
ST-017,2024-04-28 20:00:00,0.25,0.2791666666666667,0.2548797574041156,0.25,0.25060264443775826,0.25060264443775826,gradient_boosting,0.2,optimized_offpeak_growth,0.35,-0.4285714285714285
ST-004,2024-04-28 21:00:00,0.25,0.27734375,0.24499394763694615,0.25,0.25054209847679654,0.25054209847679654,gradient_boosting,0.2,optimized_offpeak_growth,0.35,-0.4285714285714285
ST-017,2024-04-28 21:00:00,0.25,0.27734375,0.2516849457952128,0.25,0.25054209847679654,0.25054209847679654,gradient_boosting,0.2,optimized_offpeak_growth,0.35,-0.4285714285714285
ST-010,2024-04-28 21:00:00,0.25,0.27734375,0.2536406456541568,0.25,0.25045535026378474,0.25045535026378474,gradient_boosting,0.2,optimized_offpeak_growth,0.35,-0.4285714285714285
ST-013,2024-04-28 21:00:00,0.25,0.27734375,0.24296206165558568,0.25,0.25032222531201737,0.25032222531201737,gradient_boosting,0.2,optimized_offpeak_growth,0.35,-0.4285714285714285
ST-018,2024-04-28 21:00:00,0.5,0.27734375,0.49491226031427155,0.4999106969067085,0.5008254001803071,0.5008254001803071,gradient_boosting,0.5849,optimized_balanced_pricing,0.35,0.6711428571428573
ST-007,2024-04-28 21:00:00,0.5,0.27734375,0.49845411548539564,0.49999789312396065,0.5007386519672954,0.5007386519672954,gradient_boosting,0.5847,optimized_balanced_pricing,0.35,0.6705714285714286
ST-002,2024-04-28 21:00:00,0.25,0.27734375,0.25994304958021797,0.25,0.25048557088368345,0.25048557088368345,gradient_boosting,0.2,optimized_offpeak_growth,0.35,-0.4285714285714285
ST-015,2024-04-28 21:00:00,0.25,0.27734375,0.2537818749691217,0.25,0.2504490328515686,0.2504490328515686,gradient_boosting,0.2,optimized_offpeak_growth,0.35,-0.4285714285714285
ST-009,2024-04-28 22:00:00,0.25,0.28101737038122715,0.24639917969687408,0.25,0.2506465751115637,0.2506465751115637,gradient_boosting,0.2,optimized_offpeak_growth,0.35,-0.4285714285714285
ST-010,2024-04-28 22:00:00,0.25,0.28101737038122715,0.2458787008566874,0.25,0.25004936064460187,0.25004936064460187,gradient_boosting,0.2,optimized_offpeak_growth,0.35,-0.4285714285714285
ST-001,2024-04-28 22:00:00,0.25,0.28101737038122715,0.24091827018644196,0.25,0.25018905199220476,0.25018905199220476,gradient_boosting,0.2,optimized_offpeak_growth,0.35,-0.4285714285714285
ST-013,2024-04-28 22:00:00,0.5,0.28101737038122715,0.4806336910963707,0.4964834951923587,0.49146446517935555,0.49146446517935555,gradient_boosting,0.5671,optimized_balanced_pricing,0.35,0.6202857142857146
ST-002,2024-04-28 22:00:00,0.25,0.28101737038122715,0.26106139995888344,0.25,0.2504731613265895,0.2504731613265895,gradient_boosting,0.2,optimized_offpeak_growth,0.35,-0.4285714285714285
ST-017,2024-04-28 22:00:00,0.5,0.28101737038122715,0.47985476871752764,0.4939019253871227,0.48760464491423433,0.48760464491423433,gradient_boosting,0.5596,optimized_balanced_pricing,0.35,0.598857142857143
ST-005,2024-04-28 22:00:00,0.25,0.28101737038122715,0.23683701105493443,0.25,0.2504242292491115,0.2504242292491115,gradient_boosting,0.2,optimized_offpeak_growth,0.35,-0.4285714285714285
ST-018,2024-04-28 23:00:00,0.5,0.2689905583303876,0.4814254380402261,0.49344114651004367,0.49377032897903056,0.49377032897903056,gradient_boosting,0.5716,optimized_balanced_pricing,0.35,0.6331428571428572
ST-011,2024-04-28 23:00:00,0.3931316681844444,0.2689905583303876,0.46678389170167495,0.4076161862502052,0.3967837538197252,0.3967837538197252,gradient_boosting,0.3405,optimized_balanced_pricing,0.35,-0.027142857142857024
ST-001,2024-04-28 23:00:00,0.25,0.2689905583303876,0.23677524372938177,0.25,0.25004936064460187,0.25004936064460187,gradient_boosting,0.2,optimized_offpeak_growth,0.35,-0.4285714285714285
ST-005,2024-04-28 23:00:00,0.25,0.2689905583303876,0.2459165511394749,0.25,0.25004936064460187,0.25004936064460187,gradient_boosting,0.2,optimized_offpeak_growth,0.35,-0.4285714285714285
ST-003,2024-04-28 23:00:00,0.25,0.2689905583303876,0.23984169308521455,0.25,0.25004936064460187,0.25004936064460187,gradient_boosting,0.2,optimized_offpeak_growth,0.35,-0.4285714285714285
ST-014,2024-04-29 00:00:00,0.25,0.27573829529473187,0.24038165448048437,0.25,0.24991237987720147,0.24991237987720147,gradient_boosting,0.2,optimized_offpeak_growth,0.35,-0.4285714285714285
ST-006,2024-04-29 00:00:00,0.20384182330548611,0.27573829529473187,0.23073115102689018,0.14399109745547917,0.15319383159481145,0.15319383159481145,gradient_boosting,0.2,optimized_offpeak_growth,0.35,-0.4285714285714285
ST-002,2024-04-29 00:00:00,0.25,0.27573829529473187,0.24683485248516693,0.25,0.24991869728941762,0.24991869728941762,gradient_boosting,0.2,optimized_offpeak_growth,0.35,-0.4285714285714285
ST-018,2024-04-29 00:00:00,0.25,0.27573829529473187,0.2356525574252187,0.24794109927735763,0.24991869728941762,0.24991869728941762,gradient_boosting,0.2,optimized_offpeak_growth,0.35,-0.4285714285714285
ST-012,2024-04-29 00:00:00,0.49305487185375,0.27573829529473187,0.4720434374144803,0.4311819893913468,0.47176616507027425,0.47176616507027425,gradient_boosting,0.5275,optimized_balanced_pricing,0.35,0.5071428571428571
ST-003,2024-04-29 00:00:00,0.25,0.27573829529473187,0.24246191271339712,0.25,0.24969882412463842,0.24969882412463842,gradient_boosting,0.2,optimized_offpeak_growth,0.35,-0.4285714285714285
ST-015,2024-04-29 00:00:00,0.14253439508944446,0.27573829529473187,0.2308658368316541,0.2025862505796561,0.19708570912096085,0.19708570912096085,gradient_boosting,0.2,optimized_offpeak_growth,0.35,-0.4285714285714285
ST-012,2024-04-29 01:00:00,0.48572685757569445,0.27337348067384115,0.4889817848403122,0.4989649406691994,0.49421403582245776,0.49421403582245776,gradient_boosting,0.5724,optimized_balanced_pricing,0.35,0.6354285714285717
ST-016,2024-04-29 01:00:00,0.25,0.27337348067384115,0.2442406218273228,0.25,0.2497567056097972,0.2497567056097972,gradient_boosting,0.2,optimized_offpeak_growth,0.35,-0.4285714285714285
ST-003,2024-04-29 01:00:00,0.5,0.27337348067384115,0.47582797290128587,0.48741454152770153,0.4880502835996685,0.4880502835996685,gradient_boosting,0.5605,optimized_balanced_pricing,0.35,0.6014285714285714
ST-008,2024-04-29 01:00:00,0.25,0.27337348067384115,0.23910854416323876,0.25,0.2499765787745764,0.2499765787745764,gradient_boosting,0.2,optimized_offpeak_growth,0.35,-0.4285714285714285
ST-007,2024-04-29 01:00:00,0.25,0.27337348067384115,0.23493138490301244,0.25,0.24988983056156464,0.24988983056156464,gradient_boosting,0.2,optimized_offpeak_growth,0.35,-0.4285714285714285
ST-004,2024-04-29 01:00:00,0.25,0.27337348067384115,0.23471364931063243,0.2499914772093601,0.24997026136236025,0.24997026136236025,gradient_boosting,0.2,optimized_offpeak_growth,0.35,-0.4285714285714285
ST-017,2024-04-29 02:00:00,0.25,0.2832746359622927,0.24408272474657394,0.25,0.2502495979531665,0.2502495979531665,gradient_boosting,0.2,optimized_offpeak_growth,0.35,-0.4285714285714285
ST-009,2024-04-29 02:00:00,0.25,0.2832746359622927,0.23869245165023292,0.25,0.2502495979531665,0.2502495979531665,gradient_boosting,0.2,optimized_offpeak_growth,0.35,-0.4285714285714285
ST-006,2024-04-29 02:00:00,0.5,0.2832746359622927,0.47375721701068146,0.4832188087313432,0.48372975684081265,0.48372975684081265,gradient_boosting,0.5519,optimized_balanced_pricing,0.35,0.5768571428571427
ST-018,2024-04-29 02:00:00,0.25,0.2832746359622927,0.232987166598719,0.24344227120859943,0.2442922603935985,0.2442922603935985,gradient_boosting,0.2,optimized_offpeak_growth,0.35,-0.4285714285714285
ST-013,2024-04-29 02:00:00,0.5,0.2832746359622927,0.47958148599176254,0.4796578922570196,0.4922937390610225,0.4922937390610225,gradient_boosting,0.5687,optimized_balanced_pricing,0.35,0.624857142857143
ST-004,2024-04-29 02:00:00,0.25,0.2832746359622927,0.24555985499089283,0.25,0.2502495979531665,0.2502495979531665,gradient_boosting,0.2,optimized_offpeak_growth,0.35,-0.4285714285714285
ST-011,2024-04-29 02:00:00,0.25,0.2832746359622927,0.23895472089814102,0.25,0.2501628497401546,0.2501628497401546,gradient_boosting,0.2,optimized_offpeak_growth,0.35,-0.4285714285714285
ST-009,2024-04-29 03:00:00,0.12461905010895834,0.276154241944218,0.2304910932779944,0.167373868262924,0.15541467008886373,0.15541467008886373,gradient_boosting,0.2,optimized_offpeak_growth,0.35,-0.4285714285714285
ST-017,2024-04-29 03:00:00,0.25,0.276154241944218,0.24096803971078232,0.25,0.2501628497401546,0.2501628497401546,gradient_boosting,0.2,optimized_offpeak_growth,0.35,-0.4285714285714285
ST-011,2024-04-29 03:00:00,0.22967063762819445,0.276154241944218,0.23453183735555216,0.25,0.2501628497401546,0.2501628497401546,gradient_boosting,0.2,optimized_offpeak_growth,0.35,-0.4285714285714285
ST-012,2024-04-29 03:00:00,0.25,0.276154241944218,0.2580891206041053,0.25,0.2505419928682147,0.2505419928682147,gradient_boosting,0.2,optimized_offpeak_growth,0.35,-0.4285714285714285
ST-007,2024-04-29 04:00:00,0.25,0.2934248038487123,0.239697488631961,0.25,0.2502495979531665,0.2502495979531665,gradient_boosting,0.2,optimized_offpeak_growth,0.35,-0.4285714285714285
ST-011,2024-04-29 04:00:00,0.25,0.2934248038487123,0.24328725611517074,0.25,0.2502495979531665,0.2502495979531665,gradient_boosting,0.2,optimized_offpeak_growth,0.35,-0.4285714285714285
ST-004,2024-04-29 04:00:00,0.22811078777319443,0.2934248038487123,0.23162638836452928,0.24222473822550705,0.23864818313240208,0.23864818313240208,gradient_boosting,0.2,optimized_offpeak_growth,0.35,-0.4285714285714285
ST-012,2024-04-29 04:00:00,0.25,0.2934248038487123,0.24540644796382421,0.25,0.25016916715237075,0.25016916715237075,gradient_boosting,0.2,optimized_offpeak_growth,0.35,-0.4285714285714285
ST-008,2024-04-29 04:00:00,0.25,0.2934248038487123,0.24358942666800515,0.25,0.2501628497401546,0.2501628497401546,gradient_boosting,0.2,optimized_offpeak_growth,0.35,-0.4285714285714285
ST-014,2024-04-29 05:00:00,0.25,0.3041504442095657,0.2445240035395408,0.25,0.2502495979531665,0.2502495979531665,gradient_boosting,0.2,optimized_offpeak_growth,0.35,-0.4285714285714285
ST-007,2024-04-29 05:00:00,0.25,0.3041504442095657,0.23682306379434476,0.25,0.25092064484174276,0.25092064484174276,gradient_boosting,0.2,optimized_offpeak_growth,0.35,-0.4285714285714285
ST-015,2024-04-29 05:00:00,0.25,0.3041504442095657,0.23485132742730297,0.25,0.25033786654753787,0.25033786654753787,gradient_boosting,0.2,optimized_offpeak_growth,0.35,-0.4285714285714285
ST-018,2024-04-29 05:00:00,0.25,0.3041504442095657,0.23477413699236319,0.25,0.24956328159059382,0.24956328159059382,gradient_boosting,0.2,optimized_offpeak_growth,0.35,-0.4285714285714285
ST-018,2024-04-29 06:00:00,0.5,0.2798366522620082,0.47302437668792885,0.48393912843938003,0.48236315024241366,0.48236315024241366,gradient_boosting,0.5492,optimized_balanced_pricing,0.35,0.5691428571428574
ST-003,2024-04-29 06:00:00,0.25,0.2798366522620082,0.23160033241109068,0.18451752914181574,0.1898528260301512,0.1898528260301512,gradient_boosting,0.2,optimized_offpeak_growth,0.35,-0.4285714285714285
ST-010,2024-04-29 06:00:00,0.08356887990124999,0.2798366522620082,0.22986368331397472,0.1384271660414762,0.1294272128554103,0.1294272128554103,gradient_boosting,0.2,optimized_offpeak_growth,0.35,-0.4285714285714285
ST-016,2024-04-29 06:00:00,0.4662246986754861,0.2798366522620082,0.4695199740845528,0.46588085128789997,0.46795853998594134,0.46795853998594134,gradient_boosting,0.5194,optimized_balanced_pricing,0.35,0.484
ST-011,2024-04-29 07:00:00,0.25,0.2753623188405797,0.25559081741635187,0.25,0.25051589622474646,0.25051589622474646,gradient_boosting,0.2,optimized_offpeak_growth,0.35,-0.4285714285714285
ST-012,2024-04-29 07:00:00,0.5,0.2753623188405797,0.493733686152412,0.4999871786446032,0.5007323345550792,0.5007323345550792,gradient_boosting,0.5847,optimized_balanced_pricing,0.35,0.6705714285714286
ST-001,2024-04-29 07:00:00,0.25,0.2753623188405797,0.24590828960001596,0.25,0.25060264443775826,0.25060264443775826,gradient_boosting,0.2,optimized_offpeak_growth,0.35,-0.4285714285714285
ST-003,2024-04-29 08:00:00,0.5,0.296875,0.4802897706350495,0.48930041683472286,0.49083751176996315,0.49083751176996315,gradient_boosting,0.5659,optimized_balanced_pricing,0.35,0.6168571428571428
ST-014,2024-04-29 08:00:00,0.25,0.296875,0.25697589411327215,0.25,0.2505357810645804,0.2505357810645804,gradient_boosting,0.2,optimized_offpeak_growth,0.35,-0.4285714285714285
ST-015,2024-04-29 08:00:00,0.25,0.296875,0.2477659098483036,0.25,0.2507612930088083,0.2507612930088083,gradient_boosting,0.2,optimized_offpeak_growth,0.35,-0.4285714285714285
ST-010,2024-04-29 08:00:00,0.25,0.296875,0.24714677299282428,0.25,0.2507776612451415,0.2507776612451415,gradient_boosting,0.2,optimized_offpeak_growth,0.35,-0.4285714285714285
ST-004,2024-04-29 08:00:00,0.25,0.296875,0.2509553161415433,0.25,0.2511131106917083,0.2511131106917083,gradient_boosting,0.2,optimized_offpeak_growth,0.35,-0.4285714285714285
ST-001,2024-04-29 09:00:00,0.25,0.3204225352112676,0.24367041207755658,0.25,0.2507612930088083,0.2507612930088083,gradient_boosting,0.2,optimized_offpeak_growth,0.35,-0.4285714285714285
ST-005,2024-04-29 09:00:00,0.25,0.3204225352112676,0.2458812356050708,0.25,0.2504490328515686,0.2504490328515686,gradient_boosting,0.2,optimized_offpeak_growth,0.35,-0.4285714285714285
ST-008,2024-04-29 09:00:00,0.5,0.3204225352112676,0.5091719359421835,0.49998685371755786,0.5010022977492918,0.5010022977492918,gradient_boosting,0.5852,optimized_balanced_pricing,0.35,0.6720000000000002
ST-013,2024-04-29 09:00:00,0.25,0.3204225352112676,0.24983589510490764,0.25,0.25054209847679654,0.25054209847679654,gradient_boosting,0.2,optimized_offpeak_growth,0.35,-0.4285714285714285
ST-015,2024-04-29 09:00:00,0.25,0.3204225352112676,0.24874251819718052,0.25,0.2505357810645804,0.2505357810645804,gradient_boosting,0.2,optimized_offpeak_growth,0.35,-0.4285714285714285
ST-011,2024-04-29 09:00:00,0.5,0.3204225352112676,0.49039822851234577,0.49922660529580765,0.500007930362292,0.500007930362292,gradient_boosting,0.5833,optimized_balanced_pricing,0.35,0.6665714285714288
ST-002,2024-04-29 10:00:00,0.25,0.28823529411764703,0.23967764244665696,0.25,0.2501023037791929,0.2501023037791929,gradient_boosting,0.2,optimized_offpeak_growth,0.35,-0.4285714285714285
ST-010,2024-04-29 10:00:00,0.25,0.28823529411764703,0.23549219928347676,0.25,0.25018273457998863,0.25018273457998863,gradient_boosting,0.2,optimized_offpeak_growth,0.35,-0.4285714285714285
ST-016,2024-04-29 10:00:00,0.25,0.28823529411764703,0.2672079093775594,0.25,0.2504489272429868,0.2504489272429868,gradient_boosting,0.2,optimized_offpeak_growth,0.35,-0.4285714285714285
ST-006,2024-04-29 10:00:00,0.25,0.28823529411764703,0.25184000710340626,0.25,0.2502192726121035,0.2502192726121035,gradient_boosting,0.2,optimized_offpeak_growth,0.35,-0.4285714285714285
ST-004,2024-04-29 11:00:00,0.25,0.27591868192041547,0.23697224917137416,0.25,0.25018273457998863,0.25018273457998863,gradient_boosting,0.2,optimized_offpeak_growth,0.35,-0.4285714285714285
ST-016,2024-04-29 11:00:00,0.25,0.27591868192041547,0.22989667638779598,0.1286777722908721,0.13770903239193766,0.13770903239193766,gradient_boosting,0.2,optimized_offpeak_growth,0.35,-0.4285714285714285
ST-011,2024-04-29 11:00:00,0.5,0.27591868192041547,0.47655370254904167,0.4881781714531037,0.48925263000610836,0.48925263000610836,gradient_boosting,0.5628,optimized_balanced_pricing,0.35,0.6080000000000001
ST-018,2024-04-29 11:00:00,0.25,0.27591868192041547,0.2584352584707885,0.25,0.2505356754559986,0.2505356754559986,gradient_boosting,0.2,optimized_offpeak_growth,0.35,-0.4285714285714285
ST-007,2024-04-29 11:00:00,0.25,0.27591868192041547,0.2338396395441402,0.24600635869100768,0.24441329852081994,0.24441329852081994,gradient_boosting,0.2,optimized_offpeak_growth,0.35,-0.4285714285714285
ST-002,2024-04-29 11:00:00,0.25,0.27591868192041547,0.2407346735548221,0.25,0.25055760318449827,0.25055760318449827,gradient_boosting,0.2,optimized_offpeak_growth,0.35,-0.4285714285714285
ST-015,2024-04-29 12:00:00,0.35941279471444443,0.2884495075694147,0.4696612727996493,0.450673697413652,0.46857508763183836,0.46857508763183836,gradient_boosting,0.5207,optimized_balanced_pricing,0.35,0.487714285714286
ST-012,2024-04-29 12:00:00,0.25,0.2884495075694147,0.24320909577502414,0.25,0.25018905199220476,0.25018905199220476,gradient_boosting,0.2,optimized_offpeak_growth,0.35,-0.4285714285714285
ST-016,2024-04-29 12:00:00,0.25,0.2884495075694147,0.24888418714602212,0.25,0.2503577513873719,0.2503577513873719,gradient_boosting,0.2,optimized_offpeak_growth,0.35,-0.4285714285714285
ST-013,2024-04-29 12:00:00,0.25,0.2884495075694147,0.2365385927009505,0.25,0.25018273457998863,0.25018273457998863,gradient_boosting,0.2,optimized_offpeak_growth,0.35,-0.4285714285714285
ST-001,2024-04-29 12:00:00,0.25,0.2884495075694147,0.23674212480441703,0.25,0.2500959863669768,0.2500959863669768,gradient_boosting,0.2,optimized_offpeak_growth,0.35,-0.4285714285714285
ST-008,2024-04-29 13:00:00,0.25,0.3176116179937103,0.2332511477080353,0.24998497819536308,0.2504830449405867,0.2504830449405867,gradient_boosting,0.2,optimized_offpeak_growth,0.35,-0.4285714285714285
ST-002,2024-04-29 13:00:00,0.25,0.3176116179937103,0.2373030753632997,0.25,0.25018273457998863,0.25018273457998863,gradient_boosting,0.2,optimized_offpeak_growth,0.35,-0.4285714285714285
ST-009,2024-04-29 13:00:00,0.25,0.3176116179937103,0.23862955654859924,0.25,0.2504246147605497,0.2504246147605497,gradient_boosting,0.2,optimized_offpeak_growth,0.35,-0.4285714285714285
ST-004,2024-04-29 13:00:00,0.25,0.3176116179937103,0.23335706733809983,0.24514713750401626,0.24376378020289916,0.24376378020289916,gradient_boosting,0.2,optimized_offpeak_growth,0.35,-0.4285714285714285
ST-006,2024-04-29 13:00:00,0.25,0.3176116179937103,0.27365905622431463,0.25,0.2506384596364041,0.2506384596364041,gradient_boosting,0.2,optimized_offpeak_growth,0.35,-0.4285714285714285
ST-017,2024-04-29 13:00:00,0.25,0.3176116179937103,0.24607221275183988,0.25,0.2500360422006034,0.2500360422006034,gradient_boosting,0.2,optimized_offpeak_growth,0.35,-0.4285714285714285
ST-001,2024-04-29 14:00:00,0.4026474760469444,0.2655259127366482,0.4890619982643079,0.4985332837574275,0.49494844799916,0.49494844799916,gradient_boosting,0.5738,optimized_balanced_pricing,0.35,0.6394285714285715
ST-017,2024-04-29 14:00:00,0.25,0.2655259127366482,0.24370375643802988,0.25,0.2502495979531665,0.2502495979531665,gradient_boosting,0.2,optimized_offpeak_growth,0.35,-0.4285714285714285
ST-010,2024-04-29 14:00:00,0.5,0.2655259127366482,0.4943359316016337,0.4979475623850746,0.4954100648166815,0.4954100648166815,gradient_boosting,0.5747,optimized_balanced_pricing,0.35,0.6420000000000001
ST-014,2024-04-29 14:00:00,0.5,0.2655259127366482,0.47578497011575727,0.49276775176219473,0.4888578765617647,0.4888578765617647,gradient_boosting,0.5621,optimized_balanced_pricing,0.35,0.6060000000000003
ST-005,2024-04-29 15:00:00,0.25,0.2857168034926774,0.23377796227607198,0.24923986205630372,0.24924454360695128,0.24924454360695128,gradient_boosting,0.2,optimized_offpeak_growth,0.35,-0.4285714285714285
ST-015,2024-04-29 15:00:00,0.19525487817097223,0.2857168034926774,0.23227238775983772,0.21722963762555395,0.22234610863682658,0.22234610863682658,gradient_boosting,0.2,optimized_offpeak_growth,0.35,-0.4285714285714285
ST-001,2024-04-29 15:00:00,0.25,0.2857168034926774,0.23441652793642798,0.25,0.2502559153653826,0.2502559153653826,gradient_boosting,0.2,optimized_offpeak_growth,0.35,-0.4285714285714285
ST-007,2024-04-29 15:00:00,0.5,0.2857168034926774,0.47269285220248464,0.4716817310980201,0.4699253462323419,0.4699253462323419,gradient_boosting,0.5236,optimized_balanced_pricing,0.35,0.496
ST-013,2024-04-29 15:00:00,0.25,0.2857168034926774,0.2509917401945317,0.25,0.2502495979531665,0.2502495979531665,gradient_boosting,0.2,optimized_offpeak_growth,0.35,-0.4285714285714285
ST-006,2024-04-29 15:00:00,0.3172455601059722,0.2857168034926774,0.4837800912927867,0.4967913906203338,0.4951818949865802,0.4951818949865802,gradient_boosting,0.5742,optimized_balanced_pricing,0.35,0.6405714285714288
ST-004,2024-04-29 16:00:00,0.25,0.27488229988827234,0.2439637453295223,0.25,0.24965002980360565,0.24965002980360565,gradient_boosting,0.2,optimized_offpeak_growth,0.35,-0.4285714285714285
ST-015,2024-04-29 16:00:00,0.25,0.27488229988827234,0.2568462863613479,0.25,0.25062394405037003,0.25062394405037003,gradient_boosting,0.2,optimized_offpeak_growth,0.35,-0.4285714285714285
ST-002,2024-04-29 16:00:00,0.25,0.27488229988827234,0.2356485090923903,0.25,0.2500360422006034,0.2500360422006034,gradient_boosting,0.2,optimized_offpeak_growth,0.35,-0.4285714285714285
ST-012,2024-04-29 16:00:00,0.25,0.27488229988827234,0.23285018224744533,0.23487270056643475,0.23864818313240208,0.23864818313240208,gradient_boosting,0.2,optimized_offpeak_growth,0.35,-0.4285714285714285
ST-018,2024-04-29 16:00:00,0.25,0.27488229988827234,0.2390006002879251,0.25,0.25063078396989225,0.25063078396989225,gradient_boosting,0.2,optimized_offpeak_growth,0.35,-0.4285714285714285
ST-018,2024-04-29 17:00:00,0.5,0.30303030303030304,0.4855670117055563,0.486665499353402,0.49553535631283563,0.49553535631283563,gradient_boosting,0.5749,optimized_balanced_pricing,0.35,0.6425714285714286
ST-015,2024-04-29 17:00:00,0.25,0.30303030303030304,0.24165621511846114,0.25,0.2506089618499744,0.2506089618499744,gradient_boosting,0.2,optimized_offpeak_growth,0.35,-0.4285714285714285
ST-017,2024-04-29 17:00:00,0.5,0.30303030303030304,0.48981222311467965,0.4999700419972009,0.5000883611630874,0.5000883611630874,gradient_boosting,0.5835,optimized_balanced_pricing,0.35,0.6671428571428573
ST-011,2024-04-29 17:00:00,0.25,0.30303030303030304,0.24776527886548755,0.25,0.25060264443775826,0.25060264443775826,gradient_boosting,0.2,optimized_offpeak_growth,0.35,-0.4285714285714285
ST-004,2024-04-29 17:00:00,0.25,0.30303030303030304,0.25212755595608166,0.25,0.25060264443775826,0.25060264443775826,gradient_boosting,0.2,optimized_offpeak_growth,0.35,-0.4285714285714285
ST-014,2024-04-29 17:00:00,0.25,0.30303030303030304,0.2519371853562658,0.25,0.25051589622474646,0.25051589622474646,gradient_boosting,0.2,optimized_offpeak_growth,0.35,-0.4285714285714285
ST-002,2024-04-29 17:00:00,0.25,0.30303030303030304,0.2510664270216332,0.25,0.25060264443775826,0.25060264443775826,gradient_boosting,0.2,optimized_offpeak_growth,0.35,-0.4285714285714285
ST-006,2024-04-29 17:00:00,0.25,0.30303030303030304,0.24266638199109103,0.25,0.25083447379420226,0.25083447379420226,gradient_boosting,0.2,optimized_offpeak_growth,0.35,-0.4285714285714285
ST-018,2024-04-29 18:00:00,0.25,0.31333333333333335,0.2538930067771746,0.25,0.2503890886851952,0.2503890886851952,gradient_boosting,0.2,optimized_offpeak_growth,0.35,-0.4285714285714285
ST-006,2024-04-29 18:00:00,0.75,0.31333333333333335,0.757701128093067,0.7499925812105951,0.7473749968429354,0.7473749968429354,gradient_boosting,0.6,optimized_balanced_pricing,0.35,0.7142857142857144
ST-009,2024-04-29 18:00:00,0.25,0.31333333333333335,0.24848204932115286,0.25,0.25082815638198613,0.25082815638198613,gradient_boosting,0.2,optimized_offpeak_growth,0.35,-0.4285714285714285
ST-014,2024-04-29 18:00:00,0.25,0.31333333333333335,0.26244047827957806,0.25,0.2506813588239666,0.2506813588239666,gradient_boosting,0.2,optimized_offpeak_growth,0.35,-0.4285714285714285
ST-015,2024-04-29 19:00:00,0.25,0.284375,0.2581803637703229,0.25,0.25051589622474646,0.25051589622474646,gradient_boosting,0.2,optimized_offpeak_growth,0.35,-0.4285714285714285
ST-016,2024-04-29 19:00:00,0.25,0.284375,0.2499936299449881,0.25,0.25039540609741134,0.25039540609741134,gradient_boosting,0.2,optimized_offpeak_growth,0.35,-0.4285714285714285
ST-013,2024-04-29 20:00:00,0.25,0.3,0.25504687328110565,0.25,0.25039540609741134,0.25039540609741134,gradient_boosting,0.2,optimized_offpeak_growth,0.35,-0.4285714285714285
ST-007,2024-04-29 20:00:00,0.25,0.3,0.2554809202976899,0.25,0.25051589622474646,0.25051589622474646,gradient_boosting,0.2,optimized_offpeak_growth,0.35,-0.4285714285714285
ST-008,2024-04-29 20:00:00,0.25,0.3,0.2516502390588447,0.25,0.25060264443775826,0.25060264443775826,gradient_boosting,0.2,optimized_offpeak_growth,0.35,-0.4285714285714285
ST-009,2024-04-29 20:00:00,0.25,0.3,0.2510241853881545,0.25,0.25060264443775826,0.25060264443775826,gradient_boosting,0.2,optimized_offpeak_growth,0.35,-0.4285714285714285
ST-005,2024-04-29 20:00:00,0.75,0.3,0.7393093934218373,0.7497061994637123,0.743987269470594,0.743987269470594,gradient_boosting,0.6,optimized_balanced_pricing,0.35,0.7142857142857144
ST-014,2024-04-29 20:00:00,0.25,0.3,0.25501452490532883,0.25,0.2506089618499744,0.2506089618499744,gradient_boosting,0.2,optimized_offpeak_growth,0.35,-0.4285714285714285
ST-018,2024-04-29 20:00:00,0.25,0.3,0.2501331364844652,0.25,0.25051589622474646,0.25051589622474646,gradient_boosting,0.2,optimized_offpeak_growth,0.35,-0.4285714285714285
ST-007,2024-04-29 21:00:00,0.75,0.35507246376811596,0.7449438685367877,0.74763138913806,0.7455772976306588,0.7455772976306588,gradient_boosting,0.6,optimized_balanced_pricing,0.35,0.7142857142857144
ST-006,2024-04-29 21:00:00,0.25,0.35507246376811596,0.2489667225627301,0.25,0.24998775492021427,0.24998775492021427,gradient_boosting,0.2,optimized_offpeak_growth,0.35,-0.4285714285714285
ST-005,2024-04-29 21:00:00,0.25,0.35507246376811596,0.24128919359700396,0.25,0.2508360914251785,0.2508360914251785,gradient_boosting,0.2,optimized_offpeak_growth,0.35,-0.4285714285714285
ST-010,2024-04-29 21:00:00,0.25,0.35507246376811596,0.25359891610911645,0.25,0.25039540609741134,0.25039540609741134,gradient_boosting,0.2,optimized_offpeak_growth,0.35,-0.4285714285714285
ST-004,2024-04-29 21:00:00,0.25,0.35507246376811596,0.24755629476793212,0.25,0.25060264443775826,0.25060264443775826,gradient_boosting,0.2,optimized_offpeak_growth,0.35,-0.4285714285714285
ST-012,2024-04-29 21:00:00,0.25,0.35507246376811596,0.24645075425673815,0.25,0.2511998589047201,0.2511998589047201,gradient_boosting,0.2,optimized_offpeak_growth,0.35,-0.4285714285714285
ST-014,2024-04-29 22:00:00,0.5,0.2819523552688546,0.47270761158281854,0.48151846242099805,0.48123604251486835,0.48123604251486835,gradient_boosting,0.5469,optimized_balanced_pricing,0.35,0.5625714285714287
ST-013,2024-04-29 22:00:00,0.25,0.2819523552688546,0.24561925836206716,0.25,0.2502559153653826,0.2502559153653826,gradient_boosting,0.2,optimized_offpeak_growth,0.35,-0.4285714285714285
ST-002,2024-04-29 22:00:00,0.25,0.2819523552688546,0.2337104095041001,0.24324262934721494,0.2479939948007034,0.2479939948007034,gradient_boosting,0.2,optimized_offpeak_growth,0.35,-0.4285714285714285
ST-012,2024-04-29 22:00:00,0.25,0.2819523552688546,0.24156846419782677,0.25,0.2501162240177797,0.2501162240177797,gradient_boosting,0.2,optimized_offpeak_growth,0.35,-0.4285714285714285
ST-017,2024-04-29 22:00:00,0.25,0.2819523552688546,0.25319399476527454,0.25,0.2501567584826944,0.2501567584826944,gradient_boosting,0.2,optimized_offpeak_growth,0.35,-0.4285714285714285
ST-016,2024-04-29 22:00:00,0.25,0.2819523552688546,0.25657528002714575,0.25,0.2502467217659748,0.2502467217659748,gradient_boosting,0.2,optimized_offpeak_growth,0.35,-0.4285714285714285
ST-009,2024-04-29 22:00:00,0.25,0.2819523552688546,0.2427714504968967,0.25,0.25002947580476786,0.25002947580476786,gradient_boosting,0.2,optimized_offpeak_growth,0.35,-0.4285714285714285
ST-016,2024-04-29 23:00:00,0.5,0.29128945080969365,0.48050258117890676,0.4857397331919066,0.49145746414757324,0.49145746414757324,gradient_boosting,0.5671,optimized_balanced_pricing,0.35,0.6202857142857146
ST-012,2024-04-29 23:00:00,0.25,0.29128945080969365,0.25075884099656337,0.25,0.2501162240177797,0.2501162240177797,gradient_boosting,0.2,optimized_offpeak_growth,0.35,-0.4285714285714285
ST-010,2024-04-29 23:00:00,0.25,0.29128945080969365,0.2437355667832085,0.25,0.2501162240177797,0.2501162240177797,gradient_boosting,0.2,optimized_offpeak_growth,0.35,-0.4285714285714285
ST-001,2024-04-29 23:00:00,0.25,0.29128945080969365,0.24328703241537591,0.25,0.2501162240177797,0.2501162240177797,gradient_boosting,0.2,optimized_offpeak_growth,0.35,-0.4285714285714285
ST-003,2024-04-29 23:00:00,0.25,0.29128945080969365,0.24045477818382555,0.25,0.2501162240177797,0.2501162240177797,gradient_boosting,0.2,optimized_offpeak_growth,0.35,-0.4285714285714285
